INFO:root:name 'router_start' is not defined
INFO:aiogram.dispatcher:Start polling
INFO:aiogram.dispatcher:Polling stopped
INFO:root:Программа завершила работу по Ctrl + C
INFO:aiogram.dispatcher:Start polling
INFO:aiogram.dispatcher:Run polling for bot @FemRankBot id=8998435518 - 'FemRank'
INFO:aiogram.event:Update id=150675651 is handled. Duration 156 ms by bot id=8998435518
INFO:aiogram.dispatcher:Polling stopped
ERROR:aiogram.dispatcher:Failed to fetch updates - TelegramNetworkError: HTTP Client says - ServerDisconnectedError: Server disconnected
WARNING:aiogram.dispatcher:Sleep for 1.000000 seconds and try again... (tryings = 0, bot id = 8998435518)
INFO:aiogram.dispatcher:Polling stopped for bot @FemRankBot id=8998435518 - 'FemRank'
INFO:root:Программа завершила работу по Ctrl + C
INFO:aiogram.dispatcher:Start polling
INFO:aiogram.dispatcher:Run polling for bot @FemRankBot id=8998435518 - 'FemRank'
INFO:aiogram.event:Update id=150675652 is not handled. Duration 0 ms by bot id=8998435518
INFO:aiogram.dispatcher:Polling stopped
ERROR:aiogram.dispatcher:Failed to fetch updates - TelegramNetworkError: HTTP Client says - ServerDisconnectedError: Server disconnected
WARNING:aiogram.dispatcher:Sleep for 1.000000 seconds and try again... (tryings = 0, bot id = 8998435518)
INFO:aiogram.dispatcher:Polling stopped for bot @FemRankBot id=8998435518 - 'FemRank'
INFO:root:Программа завершила работу по Ctrl + C
INFO:aiogram.dispatcher:Start polling
INFO:aiogram.dispatcher:Run polling for bot @FemRankBot id=8998435518 - 'FemRank'
INFO:aiogram.event:Update id=150675653 is not handled. Duration 0 ms by bot id=8998435518
INFO:aiogram.event:Update id=150675654 is not handled. Duration 0 ms by bot id=8998435518
INFO:aiogram.event:Update id=150675655 is not handled. Duration 0 ms by bot id=8998435518
INFO:aiogram.event:Update id=150675656 is not handled. Duration 0 ms by bot id=8998435518
INFO:aiogram.event:Update id=150675658 is handled. Duration 0 ms by bot id=8998435518
INFO:aiogram.event:Update id=150675657 is not handled. Duration 327 ms by bot id=8998435518
ERROR:aiogram.event:Cause exception while process update id=150675657 by bot id=8998435518
AttributeError: 'Logger' object has no attribute 'awarning'
Traceback (most recent call last):
  File "C:\Users\Олег\Desktop\Simple\NozkuBot\venv\Lib\site-packages\aiogram\dispatcher\dispatcher.py", line 320, in _process_update
    response = await self.feed_update(bot, update, **kwargs)
               ^^^^^^^^^^^^^^^^^^^^^^^^^^^^^^^^^^^^^^^^^^^^^
  File "C:\Users\Олег\Desktop\Simple\NozkuBot\venv\Lib\site-packages\aiogram\dispatcher\dispatcher.py", line 164, in feed_update
    response = await self.update.wrap_outer_middleware(
               ^^^^^^^^^^^^^^^^^^^^^^^^^^^^^^^^^^^^^^^^
  File "C:\Users\Олег\Desktop\Simple\NozkuBot\venv\Lib\site-packages\aiogram\dispatcher\middlewares\error.py", line 27, in __call__
    return await handler(event, data)
           ^^^^^^^^^^^^^^^^^^^^^^^^^^
  File "C:\Users\Олег\Desktop\Simple\NozkuBot\venv\Lib\site-packages\aiogram\dispatcher\middlewares\user_context.py", line 58, in __call__
    return await handler(event, data)
           ^^^^^^^^^^^^^^^^^^^^^^^^^^
  File "C:\Users\Олег\Desktop\Simple\NozkuBot\venv\Lib\site-packages\aiogram\fsm\middleware.py", line 43, in __call__
    return await handler(event, data)
           ^^^^^^^^^^^^^^^^^^^^^^^^^^
  File "C:\Users\Олег\Desktop\Simple\NozkuBot\app\middleware\anti_spam_middleware.py", line 67, in __call__
    await logger.awarning(
          ^^^^^^^^^^^^^^^
AttributeError: 'Logger' object has no attribute 'awarning'
INFO:aiogram.dispatcher:Polling stopped
ERROR:aiogram.dispatcher:Failed to fetch updates - TelegramNetworkError: HTTP Client says - ServerDisconnectedError: Server disconnected
WARNING:aiogram.dispatcher:Sleep for 1.000000 seconds and try again... (tryings = 0, bot id = 8998435518)
INFO:aiogram.dispatcher:Polling stopped for bot @FemRankBot id=8998435518 - 'FemRank'
INFO:root:Программа завершила работу по Ctrl + C
INFO:aiogram.dispatcher:Start polling
INFO:aiogram.dispatcher:Run polling for bot @FemRankBot id=8998435518 - 'FemRank'
INFO:aiogram.event:Update id=150675659 is not handled. Duration 0 ms by bot id=8998435518
INFO:aiogram.event:Update id=150675660 is not handled. Duration 0 ms by bot id=8998435518
INFO:aiogram.event:Update id=150675661 is not handled. Duration 0 ms by bot id=8998435518
INFO:aiogram.event:Update id=150675662 is not handled. Duration 312 ms by bot id=8998435518
ERROR:aiogram.event:Cause exception while process update id=150675662 by bot id=8998435518
TypeError: Logger._log() got an unexpected keyword argument 'user_id'
Traceback (most recent call last):
  File "C:\Users\Олег\Desktop\Simple\NozkuBot\venv\Lib\site-packages\aiogram\dispatcher\dispatcher.py", line 320, in _process_update
    response = await self.feed_update(bot, update, **kwargs)
               ^^^^^^^^^^^^^^^^^^^^^^^^^^^^^^^^^^^^^^^^^^^^^
  File "C:\Users\Олег\Desktop\Simple\NozkuBot\venv\Lib\site-packages\aiogram\dispatcher\dispatcher.py", line 164, in feed_update
    response = await self.update.wrap_outer_middleware(
               ^^^^^^^^^^^^^^^^^^^^^^^^^^^^^^^^^^^^^^^^
  File "C:\Users\Олег\Desktop\Simple\NozkuBot\venv\Lib\site-packages\aiogram\dispatcher\middlewares\error.py", line 27, in __call__
    return await handler(event, data)
           ^^^^^^^^^^^^^^^^^^^^^^^^^^
  File "C:\Users\Олег\Desktop\Simple\NozkuBot\venv\Lib\site-packages\aiogram\dispatcher\middlewares\user_context.py", line 58, in __call__
    return await handler(event, data)
           ^^^^^^^^^^^^^^^^^^^^^^^^^^
  File "C:\Users\Олег\Desktop\Simple\NozkuBot\venv\Lib\site-packages\aiogram\fsm\middleware.py", line 43, in __call__
    return await handler(event, data)
           ^^^^^^^^^^^^^^^^^^^^^^^^^^
  File "C:\Users\Олег\Desktop\Simple\NozkuBot\app\middleware\anti_spam_middleware.py", line 67, in __call__
    await logger.warning(
          ^^^^^^^^^^^^^^^
  File "C:\Users\Олег\AppData\Local\Programs\Python\Python311\Lib\logging\__init__.py", line 1501, in warning
    self._log(WARNING, msg, args, **kwargs)
TypeError: Logger._log() got an unexpected keyword argument 'user_id'
INFO:aiogram.dispatcher:Polling stopped
ERROR:aiogram.dispatcher:Failed to fetch updates - TelegramNetworkError: HTTP Client says - ServerDisconnectedError: Server disconnected
WARNING:aiogram.dispatcher:Sleep for 1.000000 seconds and try again... (tryings = 0, bot id = 8998435518)
INFO:aiogram.dispatcher:Polling stopped for bot @FemRankBot id=8998435518 - 'FemRank'
INFO:root:Программа завершила работу по Ctrl + C
INFO:aiogram.dispatcher:Start polling
INFO:aiogram.dispatcher:Run polling for bot @FemRankBot id=8998435518 - 'FemRank'
INFO:aiogram.event:Update id=150675663 is not handled. Duration 0 ms by bot id=8998435518
INFO:aiogram.event:Update id=150675664 is not handled. Duration 0 ms by bot id=8998435518
INFO:aiogram.event:Update id=150675665 is not handled. Duration 0 ms by bot id=8998435518
WARNING:asyncio:SPAM BLOCKED: user_id=7006632366, strikes=1, block_time=1 сек.
INFO:aiogram.event:Update id=150675666 is not handled. Duration 297 ms by bot id=8998435518
ERROR:aiogram.event:Cause exception while process update id=150675666 by bot id=8998435518
TypeError: object NoneType can't be used in 'await' expression
Traceback (most recent call last):
  File "C:\Users\Олег\Desktop\Simple\NozkuBot\venv\Lib\site-packages\aiogram\dispatcher\dispatcher.py", line 320, in _process_update
    response = await self.feed_update(bot, update, **kwargs)
               ^^^^^^^^^^^^^^^^^^^^^^^^^^^^^^^^^^^^^^^^^^^^^
  File "C:\Users\Олег\Desktop\Simple\NozkuBot\venv\Lib\site-packages\aiogram\dispatcher\dispatcher.py", line 164, in feed_update
    response = await self.update.wrap_outer_middleware(
               ^^^^^^^^^^^^^^^^^^^^^^^^^^^^^^^^^^^^^^^^
  File "C:\Users\Олег\Desktop\Simple\NozkuBot\venv\Lib\site-packages\aiogram\dispatcher\middlewares\error.py", line 27, in __call__
    return await handler(event, data)
           ^^^^^^^^^^^^^^^^^^^^^^^^^^
  File "C:\Users\Олег\Desktop\Simple\NozkuBot\venv\Lib\site-packages\aiogram\dispatcher\middlewares\user_context.py", line 58, in __call__
    return await handler(event, data)
           ^^^^^^^^^^^^^^^^^^^^^^^^^^
  File "C:\Users\Олег\Desktop\Simple\NozkuBot\venv\Lib\site-packages\aiogram\fsm\middleware.py", line 43, in __call__
    return await handler(event, data)
           ^^^^^^^^^^^^^^^^^^^^^^^^^^
  File "C:\Users\Олег\Desktop\Simple\NozkuBot\app\middleware\anti_spam_middleware.py", line 67, in __call__
    await logger.warning(
TypeError: object NoneType can't be used in 'await' expression
INFO:aiogram.dispatcher:Polling stopped
ERROR:aiogram.dispatcher:Failed to fetch updates - TelegramNetworkError: HTTP Client says - ServerDisconnectedError: Server disconnected
WARNING:aiogram.dispatcher:Sleep for 1.000000 seconds and try again... (tryings = 0, bot id = 8998435518)
INFO:aiogram.dispatcher:Polling stopped for bot @FemRankBot id=8998435518 - 'FemRank'
INFO:root:Программа завершила работу по Ctrl + C
INFO:aiogram.dispatcher:Start polling
INFO:aiogram.dispatcher:Run polling for bot @FemRankBot id=8998435518 - 'FemRank'
INFO:aiogram.event:Update id=150675667 is not handled. Duration 0 ms by bot id=8998435518
INFO:aiogram.event:Update id=150675668 is not handled. Duration 0 ms by bot id=8998435518
INFO:aiogram.event:Update id=150675669 is not handled. Duration 0 ms by bot id=8998435518
INFO:aiogram.event:Update id=150675670 is not handled. Duration 297 ms by bot id=8998435518
ERROR:aiogram.event:Cause exception while process update id=150675670 by bot id=8998435518
TypeError: Logger._log() got an unexpected keyword argument 'user_id'
Traceback (most recent call last):
  File "C:\Users\Олег\Desktop\Simple\NozkuBot\venv\Lib\site-packages\aiogram\dispatcher\dispatcher.py", line 320, in _process_update
    response = await self.feed_update(bot, update, **kwargs)
               ^^^^^^^^^^^^^^^^^^^^^^^^^^^^^^^^^^^^^^^^^^^^^
  File "C:\Users\Олег\Desktop\Simple\NozkuBot\venv\Lib\site-packages\aiogram\dispatcher\dispatcher.py", line 164, in feed_update
    response = await self.update.wrap_outer_middleware(
               ^^^^^^^^^^^^^^^^^^^^^^^^^^^^^^^^^^^^^^^^
  File "C:\Users\Олег\Desktop\Simple\NozkuBot\venv\Lib\site-packages\aiogram\dispatcher\middlewares\error.py", line 27, in __call__
    return await handler(event, data)
           ^^^^^^^^^^^^^^^^^^^^^^^^^^
  File "C:\Users\Олег\Desktop\Simple\NozkuBot\venv\Lib\site-packages\aiogram\dispatcher\middlewares\user_context.py", line 58, in __call__
    return await handler(event, data)
           ^^^^^^^^^^^^^^^^^^^^^^^^^^
  File "C:\Users\Олег\Desktop\Simple\NozkuBot\venv\Lib\site-packages\aiogram\fsm\middleware.py", line 43, in __call__
    return await handler(event, data)
           ^^^^^^^^^^^^^^^^^^^^^^^^^^
  File "C:\Users\Олег\Desktop\Simple\NozkuBot\app\middleware\anti_spam_middleware.py", line 69, in __call__
    await logger.warning(
          ^^^^^^^^^^^^^^^
  File "C:\Users\Олег\AppData\Local\Programs\Python\Python311\Lib\logging\__init__.py", line 1501, in warning
    self._log(WARNING, msg, args, **kwargs)
TypeError: Logger._log() got an unexpected keyword argument 'user_id'
INFO:aiogram.dispatcher:Polling stopped
ERROR:aiogram.dispatcher:Failed to fetch updates - TelegramNetworkError: HTTP Client says - ServerDisconnectedError: Server disconnected
WARNING:aiogram.dispatcher:Sleep for 1.000000 seconds and try again... (tryings = 0, bot id = 8998435518)
INFO:aiogram.dispatcher:Polling stopped for bot @FemRankBot id=8998435518 - 'FemRank'
INFO:root:Программа завершила работу по Ctrl + C
INFO:aiogram.dispatcher:Start polling
INFO:aiogram.dispatcher:Run polling for bot @FemRankBot id=8998435518 - 'FemRank'
INFO:aiogram.event:Update id=150675671 is not handled. Duration 0 ms by bot id=8998435518
INFO:aiogram.event:Update id=150675672 is not handled. Duration 0 ms by bot id=8998435518
INFO:aiogram.event:Update id=150675673 is not handled. Duration 0 ms by bot id=8998435518
INFO:aiogram.event:Update id=150675675 is handled. Duration 0 ms by bot id=8998435518
INFO:aiogram.event:Update id=150675676 is handled. Duration 0 ms by bot id=8998435518
INFO:aiogram.event:Update id=150675677 is handled. Duration 0 ms by bot id=8998435518
INFO:aiogram.event:Update id=150675678 is handled. Duration 0 ms by bot id=8998435518
WARNING:app.middleware.anti_spam_middleware:SPAM BLOCKED: user_id=7006632366, strikes=1, block_time=1 сек.
INFO:aiogram.event:Update id=150675674 is not handled. Duration 297 ms by bot id=8998435518
ERROR:aiogram.event:Cause exception while process update id=150675674 by bot id=8998435518
TypeError: object NoneType can't be used in 'await' expression
Traceback (most recent call last):
  File "C:\Users\Олег\Desktop\Simple\NozkuBot\venv\Lib\site-packages\aiogram\dispatcher\dispatcher.py", line 320, in _process_update
    response = await self.feed_update(bot, update, **kwargs)
               ^^^^^^^^^^^^^^^^^^^^^^^^^^^^^^^^^^^^^^^^^^^^^
  File "C:\Users\Олег\Desktop\Simple\NozkuBot\venv\Lib\site-packages\aiogram\dispatcher\dispatcher.py", line 164, in feed_update
    response = await self.update.wrap_outer_middleware(
               ^^^^^^^^^^^^^^^^^^^^^^^^^^^^^^^^^^^^^^^^
  File "C:\Users\Олег\Desktop\Simple\NozkuBot\venv\Lib\site-packages\aiogram\dispatcher\middlewares\error.py", line 27, in __call__
    return await handler(event, data)
           ^^^^^^^^^^^^^^^^^^^^^^^^^^
  File "C:\Users\Олег\Desktop\Simple\NozkuBot\venv\Lib\site-packages\aiogram\dispatcher\middlewares\user_context.py", line 58, in __call__
    return await handler(event, data)
           ^^^^^^^^^^^^^^^^^^^^^^^^^^
  File "C:\Users\Олег\Desktop\Simple\NozkuBot\venv\Lib\site-packages\aiogram\fsm\middleware.py", line 43, in __call__
    return await handler(event, data)
           ^^^^^^^^^^^^^^^^^^^^^^^^^^
  File "C:\Users\Олег\Desktop\Simple\NozkuBot\app\middleware\anti_spam_middleware.py", line 69, in __call__
    await logger.warning(
TypeError: object NoneType can't be used in 'await' expression
INFO:aiogram.event:Update id=150675679 is handled. Duration 0 ms by bot id=8998435518
INFO:aiogram.event:Update id=150675680 is handled. Duration 0 ms by bot id=8998435518
INFO:aiogram.dispatcher:Polling stopped
ERROR:aiogram.dispatcher:Failed to fetch updates - TelegramNetworkError: HTTP Client says - ServerDisconnectedError: Server disconnected
WARNING:aiogram.dispatcher:Sleep for 1.000000 seconds and try again... (tryings = 0, bot id = 8998435518)
INFO:aiogram.dispatcher:Polling stopped for bot @FemRankBot id=8998435518 - 'FemRank'
INFO:root:Программа завершила работу по Ctrl + C
INFO:aiogram.dispatcher:Start polling
INFO:aiogram.dispatcher:Run polling for bot @FemRankBot id=8998435518 - 'FemRank'
INFO:aiogram.event:Update id=150675681 is not handled. Duration 0 ms by bot id=8998435518
INFO:aiogram.event:Update id=150675682 is not handled. Duration 0 ms by bot id=8998435518
INFO:aiogram.event:Update id=150675683 is not handled. Duration 0 ms by bot id=8998435518
INFO:app.middleware.anti_spam_middleware:message_id=42 date=datetime.datetime(2026, 7, 31, 22, 13, 32, tzinfo=TzInfo(0)) chat=Chat(id=7006632366, type='private', title=None, username='theluukherssen', first_name='_Mya_', last_name=None, is_forum=None, is_direct_messages=None, accent_color_id=None, active_usernames=None, available_reactions=None, background_custom_emoji_id=None, bio=None, birthdate=None, business_intro=None, business_location=None, business_opening_hours=None, can_set_sticker_set=None, custom_emoji_sticker_set_name=None, description=None, emoji_status_custom_emoji_id=None, emoji_status_expiration_date=None, has_aggressive_anti_spam_enabled=None, has_hidden_members=None, has_private_forwards=None, has_protected_content=None, has_restricted_voice_and_video_messages=None, has_visible_history=None, invite_link=None, join_by_request=None, join_to_send_messages=None, linked_chat_id=None, location=None, message_auto_delete_time=None, permissions=None, personal_chat=None, photo=None, pinned_message=None, profile_accent_color_id=None, profile_background_custom_emoji_id=None, slow_mode_delay=None, sticker_set_name=None, unrestrict_boost_count=None) message_thread_id=None direct_messages_topic=None from_user=User(id=7006632366, is_bot=False, first_name='_Mya_', last_name=None, username='theluukherssen', language_code='ru', is_premium=None, added_to_attachment_menu=None, can_join_groups=None, can_read_all_group_messages=None, supports_guest_queries=None, supports_inline_queries=None, can_connect_to_business=None, has_main_web_app=None, has_topics_enabled=None, allows_users_to_create_topics=None, can_manage_bots=None, supports_join_request_queries=None) sender_chat=None sender_boost_count=None sender_business_bot=None sender_tag=None guest_query_id=None business_connection_id=None forward_origin=None is_topic_message=None is_automatic_forward=None reply_to_message=None external_reply=None quote=None reply_to_story=None reply_to_checklist_task_id=None reply_to_poll_option_id=None via_bot=None guest_bot_caller_user=None guest_bot_caller_chat=None edit_date=None has_protected_content=None is_from_offline=None is_paid_post=None media_group_id=None author_signature=None paid_star_count=None text='.' entities=None link_preview_options=None suggested_post_info=None effect_id=None animation=None audio=None document=None live_photo=None paid_media=None photo=None sticker=None story=None video=None video_note=None voice=None caption=None caption_entities=None show_caption_above_media=None has_media_spoiler=None checklist=None contact=None dice=None game=None poll=None venue=None location=None new_chat_members=None left_chat_member=None chat_owner_left=None chat_owner_changed=None new_chat_title=None new_chat_photo=None delete_chat_photo=None group_chat_created=None supergroup_chat_created=None channel_chat_created=None message_auto_delete_timer_changed=None migrate_to_chat_id=None migrate_from_chat_id=None pinned_message=None invoice=None successful_payment=None refunded_payment=None users_shared=None chat_shared=None gift=None unique_gift=None gift_upgrade_sent=None connected_website=None write_access_allowed=None passport_data=None proximity_alert_triggered=None boost_added=None chat_background_set=None checklist_tasks_done=None checklist_tasks_added=None direct_message_price_changed=None forum_topic_created=None forum_topic_edited=None forum_topic_closed=None forum_topic_reopened=None general_forum_topic_hidden=None general_forum_topic_unhidden=None giveaway_created=None giveaway=None giveaway_winners=None giveaway_completed=None managed_bot_created=None paid_message_price_changed=None poll_option_added=None poll_option_deleted=None suggested_post_approved=None suggested_post_approval_failed=None suggested_post_declined=None suggested_post_paid=None suggested_post_refunded=None video_chat_scheduled=None video_chat_started=None video_chat_ended=None video_chat_participants_invited=None web_app_data=None reply_markup=None rich_message=None receiver_user=None ephemeral_message_id=None community_chat_added=None community_chat_removed=None forward_date=None forward_from=None forward_from_chat=None forward_from_message_id=None forward_sender_name=None forward_signature=None user_shared=None
INFO:aiogram.event:Update id=150675685 is handled. Duration 0 ms by bot id=8998435518
WARNING:app.middleware.anti_spam_middleware:SPAM BLOCKED: user_id=7006632366, strikes=1, block_time=1 сек.
INFO:aiogram.event:Update id=150675684 is not handled. Duration 406 ms by bot id=8998435518
ERROR:aiogram.event:Cause exception while process update id=150675684 by bot id=8998435518
TypeError: object NoneType can't be used in 'await' expression
Traceback (most recent call last):
  File "C:\Users\Олег\Desktop\Simple\NozkuBot\venv\Lib\site-packages\aiogram\dispatcher\dispatcher.py", line 320, in _process_update
    response = await self.feed_update(bot, update, **kwargs)
               ^^^^^^^^^^^^^^^^^^^^^^^^^^^^^^^^^^^^^^^^^^^^^
  File "C:\Users\Олег\Desktop\Simple\NozkuBot\venv\Lib\site-packages\aiogram\dispatcher\dispatcher.py", line 164, in feed_update
    response = await self.update.wrap_outer_middleware(
               ^^^^^^^^^^^^^^^^^^^^^^^^^^^^^^^^^^^^^^^^
  File "C:\Users\Олег\Desktop\Simple\NozkuBot\venv\Lib\site-packages\aiogram\dispatcher\middlewares\error.py", line 27, in __call__
    return await handler(event, data)
           ^^^^^^^^^^^^^^^^^^^^^^^^^^
  File "C:\Users\Олег\Desktop\Simple\NozkuBot\venv\Lib\site-packages\aiogram\dispatcher\middlewares\user_context.py", line 58, in __call__
    return await handler(event, data)
           ^^^^^^^^^^^^^^^^^^^^^^^^^^
  File "C:\Users\Олег\Desktop\Simple\NozkuBot\venv\Lib\site-packages\aiogram\fsm\middleware.py", line 43, in __call__
    return await handler(event, data)
           ^^^^^^^^^^^^^^^^^^^^^^^^^^
  File "C:\Users\Олег\Desktop\Simple\NozkuBot\app\middleware\anti_spam_middleware.py", line 69, in __call__
    await logger.warning(
TypeError: object NoneType can't be used in 'await' expression
INFO:aiogram.dispatcher:Polling stopped
ERROR:aiogram.dispatcher:Failed to fetch updates - TelegramNetworkError: HTTP Client says - ServerDisconnectedError: Server disconnected
WARNING:aiogram.dispatcher:Sleep for 1.000000 seconds and try again... (tryings = 0, bot id = 8998435518)
INFO:aiogram.dispatcher:Polling stopped for bot @FemRankBot id=8998435518 - 'FemRank'
INFO:root:Программа завершила работу по Ctrl + C
INFO:aiogram.dispatcher:Start polling
INFO:aiogram.dispatcher:Run polling for bot @FemRankBot id=8998435518 - 'FemRank'
INFO:aiogram.dispatcher:Polling stopped
ERROR:aiogram.dispatcher:Failed to fetch updates - TelegramNetworkError: HTTP Client says - ServerDisconnectedError: Server disconnected
WARNING:aiogram.dispatcher:Sleep for 1.000000 seconds and try again... (tryings = 0, bot id = 8998435518)
INFO:aiogram.dispatcher:Polling stopped for bot @FemRankBot id=8998435518 - 'FemRank'
INFO:root:Программа завершила работу по Ctrl + C
INFO:aiogram.dispatcher:Start polling
INFO:aiogram.dispatcher:Run polling for bot @FemRankBot id=8998435518 - 'FemRank'
INFO:aiogram.event:Update id=150675686 is not handled. Duration 0 ms by bot id=8998435518
INFO:aiogram.event:Update id=150675687 is not handled. Duration 16 ms by bot id=8998435518
INFO:aiogram.event:Update id=150675688 is not handled. Duration 0 ms by bot id=8998435518
INFO:app.middleware.anti_spam_middleware:message_id=48 date=datetime.datetime(2026, 7, 31, 22, 19, 39, tzinfo=TzInfo(0)) chat=Chat(id=7006632366, type='private', title=None, username='theluukherssen', first_name='_Mya_', last_name=None, is_forum=None, is_direct_messages=None, accent_color_id=None, active_usernames=None, available_reactions=None, background_custom_emoji_id=None, bio=None, birthdate=None, business_intro=None, business_location=None, business_opening_hours=None, can_set_sticker_set=None, custom_emoji_sticker_set_name=None, description=None, emoji_status_custom_emoji_id=None, emoji_status_expiration_date=None, has_aggressive_anti_spam_enabled=None, has_hidden_members=None, has_private_forwards=None, has_protected_content=None, has_restricted_voice_and_video_messages=None, has_visible_history=None, invite_link=None, join_by_request=None, join_to_send_messages=None, linked_chat_id=None, location=None, message_auto_delete_time=None, permissions=None, personal_chat=None, photo=None, pinned_message=None, profile_accent_color_id=None, profile_background_custom_emoji_id=None, slow_mode_delay=None, sticker_set_name=None, unrestrict_boost_count=None) message_thread_id=None direct_messages_topic=None from_user=User(id=7006632366, is_bot=False, first_name='_Mya_', last_name=None, username='theluukherssen', language_code='ru', is_premium=None, added_to_attachment_menu=None, can_join_groups=None, can_read_all_group_messages=None, supports_guest_queries=None, supports_inline_queries=None, can_connect_to_business=None, has_main_web_app=None, has_topics_enabled=None, allows_users_to_create_topics=None, can_manage_bots=None, supports_join_request_queries=None) sender_chat=None sender_boost_count=None sender_business_bot=None sender_tag=None guest_query_id=None business_connection_id=None forward_origin=None is_topic_message=None is_automatic_forward=None reply_to_message=None external_reply=None quote=None reply_to_story=None reply_to_checklist_task_id=None reply_to_poll_option_id=None via_bot=None guest_bot_caller_user=None guest_bot_caller_chat=None edit_date=None has_protected_content=None is_from_offline=None is_paid_post=None media_group_id=None author_signature=None paid_star_count=None text='.' entities=None link_preview_options=None suggested_post_info=None effect_id=None animation=None audio=None document=None live_photo=None paid_media=None photo=None sticker=None story=None video=None video_note=None voice=None caption=None caption_entities=None show_caption_above_media=None has_media_spoiler=None checklist=None contact=None dice=None game=None poll=None venue=None location=None new_chat_members=None left_chat_member=None chat_owner_left=None chat_owner_changed=None new_chat_title=None new_chat_photo=None delete_chat_photo=None group_chat_created=None supergroup_chat_created=None channel_chat_created=None message_auto_delete_timer_changed=None migrate_to_chat_id=None migrate_from_chat_id=None pinned_message=None invoice=None successful_payment=None refunded_payment=None users_shared=None chat_shared=None gift=None unique_gift=None gift_upgrade_sent=None connected_website=None write_access_allowed=None passport_data=None proximity_alert_triggered=None boost_added=None chat_background_set=None checklist_tasks_done=None checklist_tasks_added=None direct_message_price_changed=None forum_topic_created=None forum_topic_edited=None forum_topic_closed=None forum_topic_reopened=None general_forum_topic_hidden=None general_forum_topic_unhidden=None giveaway_created=None giveaway=None giveaway_winners=None giveaway_completed=None managed_bot_created=None paid_message_price_changed=None poll_option_added=None poll_option_deleted=None suggested_post_approved=None suggested_post_approval_failed=None suggested_post_declined=None suggested_post_paid=None suggested_post_refunded=None video_chat_scheduled=None video_chat_started=None video_chat_ended=None video_chat_participants_invited=None web_app_data=None reply_markup=None rich_message=None receiver_user=None ephemeral_message_id=None community_chat_added=None community_chat_removed=None forward_date=None forward_from=None forward_from_chat=None forward_from_message_id=None forward_sender_name=None forward_signature=None user_shared=None
INFO:aiogram.event:Update id=150675689 is not handled. Duration 0 ms by bot id=8998435518
ERROR:aiogram.event:Cause exception while process update id=150675689 by bot id=8998435518
TypeError: object NoneType can't be used in 'await' expression
Traceback (most recent call last):
  File "C:\Users\Олег\Desktop\Simple\NozkuBot\venv\Lib\site-packages\aiogram\dispatcher\dispatcher.py", line 320, in _process_update
    response = await self.feed_update(bot, update, **kwargs)
               ^^^^^^^^^^^^^^^^^^^^^^^^^^^^^^^^^^^^^^^^^^^^^
  File "C:\Users\Олег\Desktop\Simple\NozkuBot\venv\Lib\site-packages\aiogram\dispatcher\dispatcher.py", line 164, in feed_update
    response = await self.update.wrap_outer_middleware(
               ^^^^^^^^^^^^^^^^^^^^^^^^^^^^^^^^^^^^^^^^
  File "C:\Users\Олег\Desktop\Simple\NozkuBot\venv\Lib\site-packages\aiogram\dispatcher\middlewares\error.py", line 27, in __call__
    return await handler(event, data)
           ^^^^^^^^^^^^^^^^^^^^^^^^^^
  File "C:\Users\Олег\Desktop\Simple\NozkuBot\venv\Lib\site-packages\aiogram\dispatcher\middlewares\user_context.py", line 58, in __call__
    return await handler(event, data)
           ^^^^^^^^^^^^^^^^^^^^^^^^^^
  File "C:\Users\Олег\Desktop\Simple\NozkuBot\venv\Lib\site-packages\aiogram\fsm\middleware.py", line 43, in __call__
    return await handler(event, data)
           ^^^^^^^^^^^^^^^^^^^^^^^^^^
  File "C:\Users\Олег\Desktop\Simple\NozkuBot\app\middleware\anti_spam_middleware.py", line 67, in __call__
    await logger.info(f"{message}")
TypeError: object NoneType can't be used in 'await' expression
INFO:aiogram.event:Update id=150675690 is handled. Duration 0 ms by bot id=8998435518
INFO:aiogram.event:Update id=150675691 is not handled. Duration 0 ms by bot id=8998435518
INFO:aiogram.event:Update id=150675692 is not handled. Duration 0 ms by bot id=8998435518
INFO:aiogram.event:Update id=150675693 is not handled. Duration 0 ms by bot id=8998435518
INFO:aiogram.event:Update id=150675694 is not handled. Duration 0 ms by bot id=8998435518
INFO:aiogram.event:Update id=150675695 is not handled. Duration 0 ms by bot id=8998435518
INFO:aiogram.event:Update id=150675696 is not handled. Duration 0 ms by bot id=8998435518
INFO:app.middleware.anti_spam_middleware:message_id=56 date=datetime.datetime(2026, 7, 31, 22, 19, 42, tzinfo=TzInfo(0)) chat=Chat(id=7006632366, type='private', title=None, username='theluukherssen', first_name='_Mya_', last_name=None, is_forum=None, is_direct_messages=None, accent_color_id=None, active_usernames=None, available_reactions=None, background_custom_emoji_id=None, bio=None, birthdate=None, business_intro=None, business_location=None, business_opening_hours=None, can_set_sticker_set=None, custom_emoji_sticker_set_name=None, description=None, emoji_status_custom_emoji_id=None, emoji_status_expiration_date=None, has_aggressive_anti_spam_enabled=None, has_hidden_members=None, has_private_forwards=None, has_protected_content=None, has_restricted_voice_and_video_messages=None, has_visible_history=None, invite_link=None, join_by_request=None, join_to_send_messages=None, linked_chat_id=None, location=None, message_auto_delete_time=None, permissions=None, personal_chat=None, photo=None, pinned_message=None, profile_accent_color_id=None, profile_background_custom_emoji_id=None, slow_mode_delay=None, sticker_set_name=None, unrestrict_boost_count=None) message_thread_id=None direct_messages_topic=None from_user=User(id=7006632366, is_bot=False, first_name='_Mya_', last_name=None, username='theluukherssen', language_code='ru', is_premium=None, added_to_attachment_menu=None, can_join_groups=None, can_read_all_group_messages=None, supports_guest_queries=None, supports_inline_queries=None, can_connect_to_business=None, has_main_web_app=None, has_topics_enabled=None, allows_users_to_create_topics=None, can_manage_bots=None, supports_join_request_queries=None) sender_chat=None sender_boost_count=None sender_business_bot=None sender_tag=None guest_query_id=None business_connection_id=None forward_origin=None is_topic_message=None is_automatic_forward=None reply_to_message=None external_reply=None quote=None reply_to_story=None reply_to_checklist_task_id=None reply_to_poll_option_id=None via_bot=None guest_bot_caller_user=None guest_bot_caller_chat=None edit_date=None has_protected_content=None is_from_offline=None is_paid_post=None media_group_id=None author_signature=None paid_star_count=None text='.' entities=None link_preview_options=None suggested_post_info=None effect_id=None animation=None audio=None document=None live_photo=None paid_media=None photo=None sticker=None story=None video=None video_note=None voice=None caption=None caption_entities=None show_caption_above_media=None has_media_spoiler=None checklist=None contact=None dice=None game=None poll=None venue=None location=None new_chat_members=None left_chat_member=None chat_owner_left=None chat_owner_changed=None new_chat_title=None new_chat_photo=None delete_chat_photo=None group_chat_created=None supergroup_chat_created=None channel_chat_created=None message_auto_delete_timer_changed=None migrate_to_chat_id=None migrate_from_chat_id=None pinned_message=None invoice=None successful_payment=None refunded_payment=None users_shared=None chat_shared=None gift=None unique_gift=None gift_upgrade_sent=None connected_website=None write_access_allowed=None passport_data=None proximity_alert_triggered=None boost_added=None chat_background_set=None checklist_tasks_done=None checklist_tasks_added=None direct_message_price_changed=None forum_topic_created=None forum_topic_edited=None forum_topic_closed=None forum_topic_reopened=None general_forum_topic_hidden=None general_forum_topic_unhidden=None giveaway_created=None giveaway=None giveaway_winners=None giveaway_completed=None managed_bot_created=None paid_message_price_changed=None poll_option_added=None poll_option_deleted=None suggested_post_approved=None suggested_post_approval_failed=None suggested_post_declined=None suggested_post_paid=None suggested_post_refunded=None video_chat_scheduled=None video_chat_started=None video_chat_ended=None video_chat_participants_invited=None web_app_data=None reply_markup=None rich_message=None receiver_user=None ephemeral_message_id=None community_chat_added=None community_chat_removed=None forward_date=None forward_from=None forward_from_chat=None forward_from_message_id=None forward_sender_name=None forward_signature=None user_shared=None
INFO:aiogram.event:Update id=150675697 is not handled. Duration 0 ms by bot id=8998435518
ERROR:aiogram.event:Cause exception while process update id=150675697 by bot id=8998435518
TypeError: object NoneType can't be used in 'await' expression
Traceback (most recent call last):
  File "C:\Users\Олег\Desktop\Simple\NozkuBot\venv\Lib\site-packages\aiogram\dispatcher\dispatcher.py", line 320, in _process_update
    response = await self.feed_update(bot, update, **kwargs)
               ^^^^^^^^^^^^^^^^^^^^^^^^^^^^^^^^^^^^^^^^^^^^^
  File "C:\Users\Олег\Desktop\Simple\NozkuBot\venv\Lib\site-packages\aiogram\dispatcher\dispatcher.py", line 164, in feed_update
    response = await self.update.wrap_outer_middleware(
               ^^^^^^^^^^^^^^^^^^^^^^^^^^^^^^^^^^^^^^^^
  File "C:\Users\Олег\Desktop\Simple\NozkuBot\venv\Lib\site-packages\aiogram\dispatcher\middlewares\error.py", line 27, in __call__
    return await handler(event, data)
           ^^^^^^^^^^^^^^^^^^^^^^^^^^
  File "C:\Users\Олег\Desktop\Simple\NozkuBot\venv\Lib\site-packages\aiogram\dispatcher\middlewares\user_context.py", line 58, in __call__
    return await handler(event, data)
           ^^^^^^^^^^^^^^^^^^^^^^^^^^
  File "C:\Users\Олег\Desktop\Simple\NozkuBot\venv\Lib\site-packages\aiogram\fsm\middleware.py", line 43, in __call__
    return await handler(event, data)
           ^^^^^^^^^^^^^^^^^^^^^^^^^^
  File "C:\Users\Олег\Desktop\Simple\NozkuBot\app\middleware\anti_spam_middleware.py", line 67, in __call__
    await logger.info(f"{message}")
TypeError: object NoneType can't be used in 'await' expression
INFO:aiogram.event:Update id=150675698 is handled. Duration 0 ms by bot id=8998435518
INFO:aiogram.event:Update id=150675699 is handled. Duration 0 ms by bot id=8998435518
INFO:aiogram.event:Update id=150675700 is handled. Duration 0 ms by bot id=8998435518
INFO:aiogram.event:Update id=150675701 is not handled. Duration 0 ms by bot id=8998435518
INFO:aiogram.event:Update id=150675702 is not handled. Duration 0 ms by bot id=8998435518
INFO:aiogram.event:Update id=150675703 is not handled. Duration 0 ms by bot id=8998435518
INFO:app.middleware.anti_spam_middleware:message_id=63 date=datetime.datetime(2026, 7, 31, 22, 19, 50, tzinfo=TzInfo(0)) chat=Chat(id=7006632366, type='private', title=None, username='theluukherssen', first_name='_Mya_', last_name=None, is_forum=None, is_direct_messages=None, accent_color_id=None, active_usernames=None, available_reactions=None, background_custom_emoji_id=None, bio=None, birthdate=None, business_intro=None, business_location=None, business_opening_hours=None, can_set_sticker_set=None, custom_emoji_sticker_set_name=None, description=None, emoji_status_custom_emoji_id=None, emoji_status_expiration_date=None, has_aggressive_anti_spam_enabled=None, has_hidden_members=None, has_private_forwards=None, has_protected_content=None, has_restricted_voice_and_video_messages=None, has_visible_history=None, invite_link=None, join_by_request=None, join_to_send_messages=None, linked_chat_id=None, location=None, message_auto_delete_time=None, permissions=None, personal_chat=None, photo=None, pinned_message=None, profile_accent_color_id=None, profile_background_custom_emoji_id=None, slow_mode_delay=None, sticker_set_name=None, unrestrict_boost_count=None) message_thread_id=None direct_messages_topic=None from_user=User(id=7006632366, is_bot=False, first_name='_Mya_', last_name=None, username='theluukherssen', language_code='ru', is_premium=None, added_to_attachment_menu=None, can_join_groups=None, can_read_all_group_messages=None, supports_guest_queries=None, supports_inline_queries=None, can_connect_to_business=None, has_main_web_app=None, has_topics_enabled=None, allows_users_to_create_topics=None, can_manage_bots=None, supports_join_request_queries=None) sender_chat=None sender_boost_count=None sender_business_bot=None sender_tag=None guest_query_id=None business_connection_id=None forward_origin=None is_topic_message=None is_automatic_forward=None reply_to_message=None external_reply=None quote=None reply_to_story=None reply_to_checklist_task_id=None reply_to_poll_option_id=None via_bot=None guest_bot_caller_user=None guest_bot_caller_chat=None edit_date=None has_protected_content=None is_from_offline=None is_paid_post=None media_group_id=None author_signature=None paid_star_count=None text='.' entities=None link_preview_options=None suggested_post_info=None effect_id=None animation=None audio=None document=None live_photo=None paid_media=None photo=None sticker=None story=None video=None video_note=None voice=None caption=None caption_entities=None show_caption_above_media=None has_media_spoiler=None checklist=None contact=None dice=None game=None poll=None venue=None location=None new_chat_members=None left_chat_member=None chat_owner_left=None chat_owner_changed=None new_chat_title=None new_chat_photo=None delete_chat_photo=None group_chat_created=None supergroup_chat_created=None channel_chat_created=None message_auto_delete_timer_changed=None migrate_to_chat_id=None migrate_from_chat_id=None pinned_message=None invoice=None successful_payment=None refunded_payment=None users_shared=None chat_shared=None gift=None unique_gift=None gift_upgrade_sent=None connected_website=None write_access_allowed=None passport_data=None proximity_alert_triggered=None boost_added=None chat_background_set=None checklist_tasks_done=None checklist_tasks_added=None direct_message_price_changed=None forum_topic_created=None forum_topic_edited=None forum_topic_closed=None forum_topic_reopened=None general_forum_topic_hidden=None general_forum_topic_unhidden=None giveaway_created=None giveaway=None giveaway_winners=None giveaway_completed=None managed_bot_created=None paid_message_price_changed=None poll_option_added=None poll_option_deleted=None suggested_post_approved=None suggested_post_approval_failed=None suggested_post_declined=None suggested_post_paid=None suggested_post_refunded=None video_chat_scheduled=None video_chat_started=None video_chat_ended=None video_chat_participants_invited=None web_app_data=None reply_markup=None rich_message=None receiver_user=None ephemeral_message_id=None community_chat_added=None community_chat_removed=None forward_date=None forward_from=None forward_from_chat=None forward_from_message_id=None forward_sender_name=None forward_signature=None user_shared=None
INFO:aiogram.event:Update id=150675704 is not handled. Duration 0 ms by bot id=8998435518
ERROR:aiogram.event:Cause exception while process update id=150675704 by bot id=8998435518
TypeError: object NoneType can't be used in 'await' expression
Traceback (most recent call last):
  File "C:\Users\Олег\Desktop\Simple\NozkuBot\venv\Lib\site-packages\aiogram\dispatcher\dispatcher.py", line 320, in _process_update
    response = await self.feed_update(bot, update, **kwargs)
               ^^^^^^^^^^^^^^^^^^^^^^^^^^^^^^^^^^^^^^^^^^^^^
  File "C:\Users\Олег\Desktop\Simple\NozkuBot\venv\Lib\site-packages\aiogram\dispatcher\dispatcher.py", line 164, in feed_update
    response = await self.update.wrap_outer_middleware(
               ^^^^^^^^^^^^^^^^^^^^^^^^^^^^^^^^^^^^^^^^
  File "C:\Users\Олег\Desktop\Simple\NozkuBot\venv\Lib\site-packages\aiogram\dispatcher\middlewares\error.py", line 27, in __call__
    return await handler(event, data)
           ^^^^^^^^^^^^^^^^^^^^^^^^^^
  File "C:\Users\Олег\Desktop\Simple\NozkuBot\venv\Lib\site-packages\aiogram\dispatcher\middlewares\user_context.py", line 58, in __call__
    return await handler(event, data)
           ^^^^^^^^^^^^^^^^^^^^^^^^^^
  File "C:\Users\Олег\Desktop\Simple\NozkuBot\venv\Lib\site-packages\aiogram\fsm\middleware.py", line 43, in __call__
    return await handler(event, data)
           ^^^^^^^^^^^^^^^^^^^^^^^^^^
  File "C:\Users\Олег\Desktop\Simple\NozkuBot\app\middleware\anti_spam_middleware.py", line 67, in __call__
    await logger.info(f"{message}")
TypeError: object NoneType can't be used in 'await' expression
INFO:aiogram.event:Update id=150675705 is handled. Duration 0 ms by bot id=8998435518
INFO:aiogram.event:Update id=150675706 is handled. Duration 0 ms by bot id=8998435518
INFO:aiogram.dispatcher:Start polling
INFO:aiogram.dispatcher:Run polling for bot @FemRankBot id=8998435518 - 'FemRank'
INFO:aiogram.event:Update id=150675707 is not handled. Duration 0 ms by bot id=8998435518
INFO:aiogram.event:Update id=150675708 is not handled. Duration 0 ms by bot id=8998435518
INFO:aiogram.event:Update id=150675709 is not handled. Duration 0 ms by bot id=8998435518
INFO:app.middleware.anti_spam_middleware:message_id=69 date=datetime.datetime(2026, 7, 31, 22, 20, 22, tzinfo=TzInfo(0)) chat=Chat(id=7006632366, type='private', title=None, username='theluukherssen', first_name='_Mya_', last_name=None, is_forum=None, is_direct_messages=None, accent_color_id=None, active_usernames=None, available_reactions=None, background_custom_emoji_id=None, bio=None, birthdate=None, business_intro=None, business_location=None, business_opening_hours=None, can_set_sticker_set=None, custom_emoji_sticker_set_name=None, description=None, emoji_status_custom_emoji_id=None, emoji_status_expiration_date=None, has_aggressive_anti_spam_enabled=None, has_hidden_members=None, has_private_forwards=None, has_protected_content=None, has_restricted_voice_and_video_messages=None, has_visible_history=None, invite_link=None, join_by_request=None, join_to_send_messages=None, linked_chat_id=None, location=None, message_auto_delete_time=None, permissions=None, personal_chat=None, photo=None, pinned_message=None, profile_accent_color_id=None, profile_background_custom_emoji_id=None, slow_mode_delay=None, sticker_set_name=None, unrestrict_boost_count=None) message_thread_id=None direct_messages_topic=None from_user=User(id=7006632366, is_bot=False, first_name='_Mya_', last_name=None, username='theluukherssen', language_code='ru', is_premium=None, added_to_attachment_menu=None, can_join_groups=None, can_read_all_group_messages=None, supports_guest_queries=None, supports_inline_queries=None, can_connect_to_business=None, has_main_web_app=None, has_topics_enabled=None, allows_users_to_create_topics=None, can_manage_bots=None, supports_join_request_queries=None) sender_chat=None sender_boost_count=None sender_business_bot=None sender_tag=None guest_query_id=None business_connection_id=None forward_origin=None is_topic_message=None is_automatic_forward=None reply_to_message=None external_reply=None quote=None reply_to_story=None reply_to_checklist_task_id=None reply_to_poll_option_id=None via_bot=None guest_bot_caller_user=None guest_bot_caller_chat=None edit_date=None has_protected_content=None is_from_offline=None is_paid_post=None media_group_id=None author_signature=None paid_star_count=None text='.' entities=None link_preview_options=None suggested_post_info=None effect_id=None animation=None audio=None document=None live_photo=None paid_media=None photo=None sticker=None story=None video=None video_note=None voice=None caption=None caption_entities=None show_caption_above_media=None has_media_spoiler=None checklist=None contact=None dice=None game=None poll=None venue=None location=None new_chat_members=None left_chat_member=None chat_owner_left=None chat_owner_changed=None new_chat_title=None new_chat_photo=None delete_chat_photo=None group_chat_created=None supergroup_chat_created=None channel_chat_created=None message_auto_delete_timer_changed=None migrate_to_chat_id=None migrate_from_chat_id=None pinned_message=None invoice=None successful_payment=None refunded_payment=None users_shared=None chat_shared=None gift=None unique_gift=None gift_upgrade_sent=None connected_website=None write_access_allowed=None passport_data=None proximity_alert_triggered=None boost_added=None chat_background_set=None checklist_tasks_done=None checklist_tasks_added=None direct_message_price_changed=None forum_topic_created=None forum_topic_edited=None forum_topic_closed=None forum_topic_reopened=None general_forum_topic_hidden=None general_forum_topic_unhidden=None giveaway_created=None giveaway=None giveaway_winners=None giveaway_completed=None managed_bot_created=None paid_message_price_changed=None poll_option_added=None poll_option_deleted=None suggested_post_approved=None suggested_post_approval_failed=None suggested_post_declined=None suggested_post_paid=None suggested_post_refunded=None video_chat_scheduled=None video_chat_started=None video_chat_ended=None video_chat_participants_invited=None web_app_data=None reply_markup=None rich_message=None receiver_user=None ephemeral_message_id=None community_chat_added=None community_chat_removed=None forward_date=None forward_from=None forward_from_chat=None forward_from_message_id=None forward_sender_name=None forward_signature=None user_shared=None
INFO:aiogram.event:Update id=150675710 is not handled. Duration 0 ms by bot id=8998435518
ERROR:aiogram.event:Cause exception while process update id=150675710 by bot id=8998435518
TypeError: object NoneType can't be used in 'await' expression
Traceback (most recent call last):
  File "C:\Users\Олег\Desktop\Simple\NozkuBot\venv\Lib\site-packages\aiogram\dispatcher\dispatcher.py", line 320, in _process_update
    response = await self.feed_update(bot, update, **kwargs)
               ^^^^^^^^^^^^^^^^^^^^^^^^^^^^^^^^^^^^^^^^^^^^^
  File "C:\Users\Олег\Desktop\Simple\NozkuBot\venv\Lib\site-packages\aiogram\dispatcher\dispatcher.py", line 164, in feed_update
    response = await self.update.wrap_outer_middleware(
               ^^^^^^^^^^^^^^^^^^^^^^^^^^^^^^^^^^^^^^^^
  File "C:\Users\Олег\Desktop\Simple\NozkuBot\venv\Lib\site-packages\aiogram\dispatcher\middlewares\error.py", line 27, in __call__
    return await handler(event, data)
           ^^^^^^^^^^^^^^^^^^^^^^^^^^
  File "C:\Users\Олег\Desktop\Simple\NozkuBot\venv\Lib\site-packages\aiogram\dispatcher\middlewares\user_context.py", line 58, in __call__
    return await handler(event, data)
           ^^^^^^^^^^^^^^^^^^^^^^^^^^
  File "C:\Users\Олег\Desktop\Simple\NozkuBot\venv\Lib\site-packages\aiogram\fsm\middleware.py", line 43, in __call__
    return await handler(event, data)
           ^^^^^^^^^^^^^^^^^^^^^^^^^^
  File "C:\Users\Олег\Desktop\Simple\NozkuBot\app\middleware\anti_spam_middleware.py", line 67, in __call__
    await logger.info(f"{message}")
TypeError: object NoneType can't be used in 'await' expression
INFO:aiogram.event:Update id=150675711 is handled. Duration 0 ms by bot id=8998435518
INFO:aiogram.dispatcher:Start polling
INFO:aiogram.dispatcher:Run polling for bot @FemRankBot id=8998435518 - 'FemRank'
INFO:aiogram.event:Update id=150675712 is not handled. Duration 0 ms by bot id=8998435518
INFO:aiogram.event:Update id=150675713 is not handled. Duration 0 ms by bot id=8998435518
INFO:aiogram.event:Update id=150675714 is not handled. Duration 15 ms by bot id=8998435518
INFO:app.middleware.anti_spam_middleware:message_id=74 date=datetime.datetime(2026, 7, 31, 22, 20, 44, tzinfo=TzInfo(0)) chat=Chat(id=7006632366, type='private', title=None, username='theluukherssen', first_name='_Mya_', last_name=None, is_forum=None, is_direct_messages=None, accent_color_id=None, active_usernames=None, available_reactions=None, background_custom_emoji_id=None, bio=None, birthdate=None, business_intro=None, business_location=None, business_opening_hours=None, can_set_sticker_set=None, custom_emoji_sticker_set_name=None, description=None, emoji_status_custom_emoji_id=None, emoji_status_expiration_date=None, has_aggressive_anti_spam_enabled=None, has_hidden_members=None, has_private_forwards=None, has_protected_content=None, has_restricted_voice_and_video_messages=None, has_visible_history=None, invite_link=None, join_by_request=None, join_to_send_messages=None, linked_chat_id=None, location=None, message_auto_delete_time=None, permissions=None, personal_chat=None, photo=None, pinned_message=None, profile_accent_color_id=None, profile_background_custom_emoji_id=None, slow_mode_delay=None, sticker_set_name=None, unrestrict_boost_count=None) message_thread_id=None direct_messages_topic=None from_user=User(id=7006632366, is_bot=False, first_name='_Mya_', last_name=None, username='theluukherssen', language_code='ru', is_premium=None, added_to_attachment_menu=None, can_join_groups=None, can_read_all_group_messages=None, supports_guest_queries=None, supports_inline_queries=None, can_connect_to_business=None, has_main_web_app=None, has_topics_enabled=None, allows_users_to_create_topics=None, can_manage_bots=None, supports_join_request_queries=None) sender_chat=None sender_boost_count=None sender_business_bot=None sender_tag=None guest_query_id=None business_connection_id=None forward_origin=None is_topic_message=None is_automatic_forward=None reply_to_message=None external_reply=None quote=None reply_to_story=None reply_to_checklist_task_id=None reply_to_poll_option_id=None via_bot=None guest_bot_caller_user=None guest_bot_caller_chat=None edit_date=None has_protected_content=None is_from_offline=None is_paid_post=None media_group_id=None author_signature=None paid_star_count=None text='.' entities=None link_preview_options=None suggested_post_info=None effect_id=None animation=None audio=None document=None live_photo=None paid_media=None photo=None sticker=None story=None video=None video_note=None voice=None caption=None caption_entities=None show_caption_above_media=None has_media_spoiler=None checklist=None contact=None dice=None game=None poll=None venue=None location=None new_chat_members=None left_chat_member=None chat_owner_left=None chat_owner_changed=None new_chat_title=None new_chat_photo=None delete_chat_photo=None group_chat_created=None supergroup_chat_created=None channel_chat_created=None message_auto_delete_timer_changed=None migrate_to_chat_id=None migrate_from_chat_id=None pinned_message=None invoice=None successful_payment=None refunded_payment=None users_shared=None chat_shared=None gift=None unique_gift=None gift_upgrade_sent=None connected_website=None write_access_allowed=None passport_data=None proximity_alert_triggered=None boost_added=None chat_background_set=None checklist_tasks_done=None checklist_tasks_added=None direct_message_price_changed=None forum_topic_created=None forum_topic_edited=None forum_topic_closed=None forum_topic_reopened=None general_forum_topic_hidden=None general_forum_topic_unhidden=None giveaway_created=None giveaway=None giveaway_winners=None giveaway_completed=None managed_bot_created=None paid_message_price_changed=None poll_option_added=None poll_option_deleted=None suggested_post_approved=None suggested_post_approval_failed=None suggested_post_declined=None suggested_post_paid=None suggested_post_refunded=None video_chat_scheduled=None video_chat_started=None video_chat_ended=None video_chat_participants_invited=None web_app_data=None reply_markup=None rich_message=None receiver_user=None ephemeral_message_id=None community_chat_added=None community_chat_removed=None forward_date=None forward_from=None forward_from_chat=None forward_from_message_id=None forward_sender_name=None forward_signature=None user_shared=None
INFO:aiogram.event:Update id=150675715 is not handled. Duration 16 ms by bot id=8998435518
ERROR:aiogram.event:Cause exception while process update id=150675715 by bot id=8998435518
TypeError: object NoneType can't be used in 'await' expression
Traceback (most recent call last):
  File "C:\Users\Олег\Desktop\Simple\NozkuBot\venv\Lib\site-packages\aiogram\dispatcher\dispatcher.py", line 320, in _process_update
    response = await self.feed_update(bot, update, **kwargs)
               ^^^^^^^^^^^^^^^^^^^^^^^^^^^^^^^^^^^^^^^^^^^^^
  File "C:\Users\Олег\Desktop\Simple\NozkuBot\venv\Lib\site-packages\aiogram\dispatcher\dispatcher.py", line 164, in feed_update
    response = await self.update.wrap_outer_middleware(
               ^^^^^^^^^^^^^^^^^^^^^^^^^^^^^^^^^^^^^^^^
  File "C:\Users\Олег\Desktop\Simple\NozkuBot\venv\Lib\site-packages\aiogram\dispatcher\middlewares\error.py", line 27, in __call__
    return await handler(event, data)
           ^^^^^^^^^^^^^^^^^^^^^^^^^^
  File "C:\Users\Олег\Desktop\Simple\NozkuBot\venv\Lib\site-packages\aiogram\dispatcher\middlewares\user_context.py", line 58, in __call__
    return await handler(event, data)
           ^^^^^^^^^^^^^^^^^^^^^^^^^^
  File "C:\Users\Олег\Desktop\Simple\NozkuBot\venv\Lib\site-packages\aiogram\fsm\middleware.py", line 43, in __call__
    return await handler(event, data)
           ^^^^^^^^^^^^^^^^^^^^^^^^^^
  File "C:\Users\Олег\Desktop\Simple\NozkuBot\app\middleware\anti_spam_middleware.py", line 67, in __call__
    await logger.info(f"{message}")
TypeError: object NoneType can't be used in 'await' expression
INFO:aiogram.event:Update id=150675716 is handled. Duration 0 ms by bot id=8998435518
INFO:aiogram.event:Update id=150675717 is handled. Duration 0 ms by bot id=8998435518
INFO:aiogram.dispatcher:Start polling
INFO:aiogram.dispatcher:Run polling for bot @FemRankBot id=8998435518 - 'FemRank'
INFO:aiogram.dispatcher:Start polling
INFO:aiogram.dispatcher:Run polling for bot @FemRankBot id=8998435518 - 'FemRank'
INFO:aiogram.dispatcher:Start polling
INFO:aiogram.dispatcher:Run polling for bot @FemRankBot id=8998435518 - 'FemRank'
INFO:aiogram.dispatcher:Start polling
INFO:aiogram.dispatcher:Start polling
INFO:aiogram.dispatcher:Run polling for bot @FemRankBot id=8998435518 - 'FemRank'
INFO:aiogram.dispatcher:Start polling
INFO:aiogram.dispatcher:Run polling for bot @FemRankBot id=8998435518 - 'FemRank'
INFO:aiogram.dispatcher:Start polling
INFO:aiogram.dispatcher:Run polling for bot @FemRankBot id=8998435518 - 'FemRank'
INFO:aiogram.dispatcher:Start polling
INFO:aiogram.dispatcher:Run polling for bot @FemRankBot id=8998435518 - 'FemRank'
INFO:aiogram.dispatcher:Start polling
INFO:aiogram.dispatcher:Run polling for bot @FemRankBot id=8998435518 - 'FemRank'
INFO:aiogram.dispatcher:Start polling
INFO:aiogram.dispatcher:Start polling
INFO:aiogram.dispatcher:Polling stopped
INFO:root:HTTP Client says - ClientConnectorError: Cannot connect to host api.telegram.org:443 ssl:default [Превышен таймаут семафора]
INFO:aiogram.dispatcher:Start polling
INFO:aiogram.dispatcher:Run polling for bot @FemRankBot id=8998435518 - 'FemRank'
INFO:aiogram.dispatcher:Start polling
INFO:aiogram.dispatcher:Run polling for bot @FemRankBot id=8998435518 - 'FemRank'
INFO:aiogram.dispatcher:Start polling
INFO:aiogram.dispatcher:Run polling for bot @FemRankBot id=8998435518 - 'FemRank'
INFO:aiogram.dispatcher:Start polling
INFO:aiogram.dispatcher:Run polling for bot @FemRankBot id=8998435518 - 'FemRank'
INFO:aiogram.dispatcher:Start polling
INFO:aiogram.dispatcher:Run polling for bot @FemRankBot id=8998435518 - 'FemRank'
INFO:aiogram.dispatcher:Polling stopped
ERROR:aiogram.dispatcher:Failed to fetch updates - TelegramNetworkError: HTTP Client says - ServerDisconnectedError: Server disconnected
WARNING:aiogram.dispatcher:Sleep for 1.000000 seconds and try again... (tryings = 0, bot id = 8998435518)
INFO:aiogram.dispatcher:Start polling
INFO:aiogram.dispatcher:Run polling for bot @FemRankBot id=8998435518 - 'FemRank'
INFO:aiogram.event:Update id=150675718 is not handled. Duration 0 ms by bot id=8998435518
INFO:aiogram.event:Update id=150675719 is not handled. Duration 0 ms by bot id=8998435518
INFO:aiogram.event:Update id=150675720 is not handled. Duration 0 ms by bot id=8998435518
INFO:app.middleware.anti_spam_middleware:message_id=80 date=datetime.datetime(2026, 7, 31, 22, 32, 36, tzinfo=TzInfo(0)) chat=Chat(id=7006632366, type='private', title=None, username='theluukherssen', first_name='_Mya_', last_name=None, is_forum=None, is_direct_messages=None, accent_color_id=None, active_usernames=None, available_reactions=None, background_custom_emoji_id=None, bio=None, birthdate=None, business_intro=None, business_location=None, business_opening_hours=None, can_set_sticker_set=None, custom_emoji_sticker_set_name=None, description=None, emoji_status_custom_emoji_id=None, emoji_status_expiration_date=None, has_aggressive_anti_spam_enabled=None, has_hidden_members=None, has_private_forwards=None, has_protected_content=None, has_restricted_voice_and_video_messages=None, has_visible_history=None, invite_link=None, join_by_request=None, join_to_send_messages=None, linked_chat_id=None, location=None, message_auto_delete_time=None, permissions=None, personal_chat=None, photo=None, pinned_message=None, profile_accent_color_id=None, profile_background_custom_emoji_id=None, slow_mode_delay=None, sticker_set_name=None, unrestrict_boost_count=None) message_thread_id=None direct_messages_topic=None from_user=User(id=7006632366, is_bot=False, first_name='_Mya_', last_name=None, username='theluukherssen', language_code='ru', is_premium=None, added_to_attachment_menu=None, can_join_groups=None, can_read_all_group_messages=None, supports_guest_queries=None, supports_inline_queries=None, can_connect_to_business=None, has_main_web_app=None, has_topics_enabled=None, allows_users_to_create_topics=None, can_manage_bots=None, supports_join_request_queries=None) sender_chat=None sender_boost_count=None sender_business_bot=None sender_tag=None guest_query_id=None business_connection_id=None forward_origin=None is_topic_message=None is_automatic_forward=None reply_to_message=None external_reply=None quote=None reply_to_story=None reply_to_checklist_task_id=None reply_to_poll_option_id=None via_bot=None guest_bot_caller_user=None guest_bot_caller_chat=None edit_date=None has_protected_content=None is_from_offline=None is_paid_post=None media_group_id=None author_signature=None paid_star_count=None text='.' entities=None link_preview_options=None suggested_post_info=None effect_id=None animation=None audio=None document=None live_photo=None paid_media=None photo=None sticker=None story=None video=None video_note=None voice=None caption=None caption_entities=None show_caption_above_media=None has_media_spoiler=None checklist=None contact=None dice=None game=None poll=None venue=None location=None new_chat_members=None left_chat_member=None chat_owner_left=None chat_owner_changed=None new_chat_title=None new_chat_photo=None delete_chat_photo=None group_chat_created=None supergroup_chat_created=None channel_chat_created=None message_auto_delete_timer_changed=None migrate_to_chat_id=None migrate_from_chat_id=None pinned_message=None invoice=None successful_payment=None refunded_payment=None users_shared=None chat_shared=None gift=None unique_gift=None gift_upgrade_sent=None connected_website=None write_access_allowed=None passport_data=None proximity_alert_triggered=None boost_added=None chat_background_set=None checklist_tasks_done=None checklist_tasks_added=None direct_message_price_changed=None forum_topic_created=None forum_topic_edited=None forum_topic_closed=None forum_topic_reopened=None general_forum_topic_hidden=None general_forum_topic_unhidden=None giveaway_created=None giveaway=None giveaway_winners=None giveaway_completed=None managed_bot_created=None paid_message_price_changed=None poll_option_added=None poll_option_deleted=None suggested_post_approved=None suggested_post_approval_failed=None suggested_post_declined=None suggested_post_paid=None suggested_post_refunded=None video_chat_scheduled=None video_chat_started=None video_chat_ended=None video_chat_participants_invited=None web_app_data=None reply_markup=None rich_message=None receiver_user=None ephemeral_message_id=None community_chat_added=None community_chat_removed=None forward_date=None forward_from=None forward_from_chat=None forward_from_message_id=None forward_sender_name=None forward_signature=None user_shared=None
INFO:aiogram.event:Update id=150675722 is handled. Duration 0 ms by bot id=8998435518
WARNING:app.middleware.anti_spam_middleware:SPAM BLOCKED: user_id=7006632366, strikes=1, block_time=1 сек.
INFO:aiogram.event:Update id=150675721 is handled. Duration 312 ms by bot id=8998435518
INFO:aiogram.event:Update id=150675723 is not handled. Duration 0 ms by bot id=8998435518
INFO:aiogram.event:Update id=150675724 is not handled. Duration 0 ms by bot id=8998435518
INFO:aiogram.event:Update id=150675725 is not handled. Duration 0 ms by bot id=8998435518
INFO:aiogram.event:Update id=150675726 is not handled. Duration 0 ms by bot id=8998435518
INFO:aiogram.event:Update id=150675727 is not handled. Duration 0 ms by bot id=8998435518
INFO:aiogram.event:Update id=150675728 is not handled. Duration 0 ms by bot id=8998435518
INFO:aiogram.event:Update id=150675729 is not handled. Duration 0 ms by bot id=8998435518
INFO:aiogram.event:Update id=150675730 is not handled. Duration 188 ms by bot id=8998435518
INFO:aiogram.event:Update id=150675731 is not handled. Duration 0 ms by bot id=8998435518
INFO:aiogram.event:Update id=150675732 is not handled. Duration 0 ms by bot id=8998435518
INFO:aiogram.event:Update id=150675733 is not handled. Duration 0 ms by bot id=8998435518
INFO:aiogram.event:Update id=150675734 is not handled. Duration 0 ms by bot id=8998435518
INFO:aiogram.event:Update id=150675735 is not handled. Duration 16 ms by bot id=8998435518
INFO:aiogram.event:Update id=150675736 is not handled. Duration 0 ms by bot id=8998435518
INFO:aiogram.event:Update id=150675737 is not handled. Duration 0 ms by bot id=8998435518
INFO:aiogram.event:Update id=150675738 is not handled. Duration 0 ms by bot id=8998435518
INFO:aiogram.event:Update id=150675739 is not handled. Duration 0 ms by bot id=8998435518
INFO:aiogram.event:Update id=150675740 is not handled. Duration 0 ms by bot id=8998435518
INFO:aiogram.event:Update id=150675741 is not handled. Duration 0 ms by bot id=8998435518
ERROR:aiogram.dispatcher:Failed to fetch updates - TelegramNetworkError: HTTP Client says - ClientOSError: [WinError 64] Указанное сетевое имя более недоступно
WARNING:aiogram.dispatcher:Sleep for 1.000000 seconds and try again... (tryings = 0, bot id = 8998435518)
INFO:aiogram.dispatcher:Connection established (tryings = 1, bot id = 8998435518)
INFO:aiogram.event:Update id=150675742 is not handled. Duration 0 ms by bot id=8998435518
INFO:aiogram.event:Update id=150675743 is not handled. Duration 0 ms by bot id=8998435518
INFO:aiogram.event:Update id=150675744 is not handled. Duration 0 ms by bot id=8998435518
INFO:app.middleware.anti_spam_middleware:message_id=105 date=datetime.datetime(2026, 7, 31, 22, 36, 5, tzinfo=TzInfo(0)) chat=Chat(id=7006632366, type='private', title=None, username='theluukherssen', first_name='_Mya_', last_name=None, is_forum=None, is_direct_messages=None, accent_color_id=None, active_usernames=None, available_reactions=None, background_custom_emoji_id=None, bio=None, birthdate=None, business_intro=None, business_location=None, business_opening_hours=None, can_set_sticker_set=None, custom_emoji_sticker_set_name=None, description=None, emoji_status_custom_emoji_id=None, emoji_status_expiration_date=None, has_aggressive_anti_spam_enabled=None, has_hidden_members=None, has_private_forwards=None, has_protected_content=None, has_restricted_voice_and_video_messages=None, has_visible_history=None, invite_link=None, join_by_request=None, join_to_send_messages=None, linked_chat_id=None, location=None, message_auto_delete_time=None, permissions=None, personal_chat=None, photo=None, pinned_message=None, profile_accent_color_id=None, profile_background_custom_emoji_id=None, slow_mode_delay=None, sticker_set_name=None, unrestrict_boost_count=None) message_thread_id=None direct_messages_topic=None from_user=User(id=7006632366, is_bot=False, first_name='_Mya_', last_name=None, username='theluukherssen', language_code='ru', is_premium=None, added_to_attachment_menu=None, can_join_groups=None, can_read_all_group_messages=None, supports_guest_queries=None, supports_inline_queries=None, can_connect_to_business=None, has_main_web_app=None, has_topics_enabled=None, allows_users_to_create_topics=None, can_manage_bots=None, supports_join_request_queries=None) sender_chat=None sender_boost_count=None sender_business_bot=None sender_tag=None guest_query_id=None business_connection_id=None forward_origin=None is_topic_message=None is_automatic_forward=None reply_to_message=None external_reply=None quote=None reply_to_story=None reply_to_checklist_task_id=None reply_to_poll_option_id=None via_bot=None guest_bot_caller_user=None guest_bot_caller_chat=None edit_date=None has_protected_content=None is_from_offline=None is_paid_post=None media_group_id=None author_signature=None paid_star_count=None text=None entities=None link_preview_options=None suggested_post_info=None effect_id=None animation=None audio=None document=None live_photo=None paid_media=None photo=[PhotoSize(file_id='AgACAgIAAxkBAANTam0jEiPZAaUNyQKKOd9gCt6leJwAAr4aaxv_72lLbpKSR281WukBAAMCAANzAAM9BA', file_unique_id='AQADvhprG__vaUt4', width=39, height=90, file_size=1105), PhotoSize(file_id='AgACAgIAAxkBAANTam0jEiPZAaUNyQKKOd9gCt6leJwAAr4aaxv_72lLbpKSR281WukBAAMCAANtAAM9BA', file_unique_id='AQADvhprG__vaUty', width=139, height=320, file_size=12570), PhotoSize(file_id='AgACAgIAAxkBAANTam0jEiPZAaUNyQKKOd9gCt6leJwAAr4aaxv_72lLbpKSR281WukBAAMCAAN4AAM9BA', file_unique_id='AQADvhprG__vaUt9', width=347, height=800, file_size=46290), PhotoSize(file_id='AgACAgIAAxkBAANTam0jEiPZAaUNyQKKOd9gCt6leJwAAr4aaxv_72lLbpKSR281WukBAAMCAAN5AAM9BA', file_unique_id='AQADvhprG__vaUt-', width=555, height=1280, file_size=79456)] sticker=None story=None video=None video_note=None voice=None caption=None caption_entities=None show_caption_above_media=None has_media_spoiler=None checklist=None contact=None dice=None game=None poll=None venue=None location=None new_chat_members=None left_chat_member=None chat_owner_left=None chat_owner_changed=None new_chat_title=None new_chat_photo=None delete_chat_photo=None group_chat_created=None supergroup_chat_created=None channel_chat_created=None message_auto_delete_timer_changed=None migrate_to_chat_id=None migrate_from_chat_id=None pinned_message=None invoice=None successful_payment=None refunded_payment=None users_shared=None chat_shared=None gift=None unique_gift=None gift_upgrade_sent=None connected_website=None write_access_allowed=None passport_data=None proximity_alert_triggered=None boost_added=None chat_background_set=None checklist_tasks_done=None checklist_tasks_added=None direct_message_price_changed=None forum_topic_created=None forum_topic_edited=None forum_topic_closed=None forum_topic_reopened=None general_forum_topic_hidden=None general_forum_topic_unhidden=None giveaway_created=None giveaway=None giveaway_winners=None giveaway_completed=None managed_bot_created=None paid_message_price_changed=None poll_option_added=None poll_option_deleted=None suggested_post_approved=None suggested_post_approval_failed=None suggested_post_declined=None suggested_post_paid=None suggested_post_refunded=None video_chat_scheduled=None video_chat_started=None video_chat_ended=None video_chat_participants_invited=None web_app_data=None reply_markup=None rich_message=None receiver_user=None ephemeral_message_id=None community_chat_added=None community_chat_removed=None forward_date=None forward_from=None forward_from_chat=None forward_from_message_id=None forward_sender_name=None forward_signature=None user_shared=None
INFO:aiogram.event:Update id=150675746 is handled. Duration 0 ms by bot id=8998435518
INFO:aiogram.event:Update id=150675747 is handled. Duration 0 ms by bot id=8998435518
INFO:aiogram.event:Update id=150675748 is handled. Duration 0 ms by bot id=8998435518
INFO:aiogram.event:Update id=150675749 is handled. Duration 0 ms by bot id=8998435518
INFO:aiogram.event:Update id=150675750 is handled. Duration 0 ms by bot id=8998435518
INFO:aiogram.event:Update id=150675751 is handled. Duration 0 ms by bot id=8998435518
INFO:aiogram.event:Update id=150675752 is handled. Duration 0 ms by bot id=8998435518
INFO:aiogram.event:Update id=150675753 is handled. Duration 0 ms by bot id=8998435518
INFO:aiogram.event:Update id=150675754 is handled. Duration 0 ms by bot id=8998435518
INFO:aiogram.event:Update id=150675755 is handled. Duration 0 ms by bot id=8998435518
WARNING:app.middleware.anti_spam_middleware:SPAM BLOCKED: user_id=7006632366, strikes=2, block_time=3 сек.
INFO:aiogram.event:Update id=150675745 is handled. Duration 343 ms by bot id=8998435518
INFO:aiogram.dispatcher:Start polling
INFO:aiogram.dispatcher:Run polling for bot @FemRankBot id=8998435518 - 'FemRank'
INFO:aiogram.dispatcher:Start polling
INFO:aiogram.dispatcher:Run polling for bot @FemRankBot id=8998435518 - 'FemRank'
INFO:aiogram.event:Update id=150675756 is not handled. Duration 0 ms by bot id=8998435518
INFO:aiogram.event:Update id=150675757 is handled. Duration 452 ms by bot id=8998435518
INFO:aiogram.event:Update id=150675758 is handled. Duration 218 ms by bot id=8998435518
INFO:aiogram.event:Update id=150675759 is not handled. Duration 0 ms by bot id=8998435518
INFO:aiogram.dispatcher:Start polling
INFO:aiogram.dispatcher:Run polling for bot @FemRankBot id=8998435518 - 'FemRank'
INFO:aiogram.event:Update id=150675760 is handled. Duration 453 ms by bot id=8998435518
INFO:aiogram.event:Update id=150675761 is handled. Duration 218 ms by bot id=8998435518
INFO:aiogram.event:Update id=150675762 is handled. Duration 218 ms by bot id=8998435518
INFO:aiogram.dispatcher:Start polling
INFO:aiogram.dispatcher:Run polling for bot @FemRankBot id=8998435518 - 'FemRank'
INFO:aiogram.dispatcher:Start polling
INFO:aiogram.dispatcher:Run polling for bot @FemRankBot id=8998435518 - 'FemRank'
INFO:aiogram.dispatcher:Start polling
INFO:aiogram.dispatcher:Run polling for bot @FemRankBot id=8998435518 - 'FemRank'
INFO:aiogram.dispatcher:Start polling
INFO:aiogram.dispatcher:Polling stopped
INFO:root:HTTP Client says - ClientConnectorError: Cannot connect to host api.telegram.org:443 ssl:default [None]
INFO:aiogram.dispatcher:Start polling
INFO:aiogram.dispatcher:Run polling for bot @FemRankBot id=8998435518 - 'FemRank'
INFO:aiogram.event:Update id=150675763 is handled. Duration 11485 ms by bot id=8998435518
INFO:aiogram.event:Update id=150675764 is handled. Duration 156 ms by bot id=8998435518
INFO:aiogram.event:Update id=150675765 is not handled. Duration 0 ms by bot id=8998435518
INFO:aiogram.event:Update id=150675766 is not handled. Duration 0 ms by bot id=8998435518
INFO:aiogram.event:Update id=150675767 is not handled. Duration 0 ms by bot id=8998435518
INFO:aiogram.event:Update id=150675768 is not handled. Duration 0 ms by bot id=8998435518
INFO:aiogram.event:Update id=150675769 is not handled. Duration 0 ms by bot id=8998435518
INFO:aiogram.dispatcher:Start polling
INFO:aiogram.dispatcher:Run polling for bot @FemRankBot id=8998435518 - 'FemRank'
INFO:aiogram.dispatcher:Start polling
INFO:aiogram.dispatcher:Run polling for bot @FemRankBot id=8998435518 - 'FemRank'
INFO:aiogram.dispatcher:Start polling
INFO:aiogram.dispatcher:Run polling for bot @FemRankBot id=8998435518 - 'FemRank'
INFO:aiogram.dispatcher:Start polling
INFO:aiogram.dispatcher:Run polling for bot @FemRankBot id=8998435518 - 'FemRank'
INFO:aiogram.event:Update id=150675770 is handled. Duration 421 ms by bot id=8998435518
INFO:aiogram.event:Update id=150675771 is not handled. Duration 0 ms by bot id=8998435518
INFO:aiogram.dispatcher:Start polling
INFO:aiogram.dispatcher:Run polling for bot @FemRankBot id=8998435518 - 'FemRank'
INFO:aiogram.dispatcher:Start polling
INFO:aiogram.dispatcher:Run polling for bot @FemRankBot id=8998435518 - 'FemRank'
INFO:aiogram.dispatcher:Start polling
INFO:aiogram.dispatcher:Run polling for bot @FemRankBot id=8998435518 - 'FemRank'
INFO:aiogram.dispatcher:Start polling
INFO:aiogram.dispatcher:Run polling for bot @FemRankBot id=8998435518 - 'FemRank'
INFO:aiogram.event:Update id=150675772 is handled. Duration 531 ms by bot id=8998435518
INFO:aiogram.event:Update id=150675773 is not handled. Duration 0 ms by bot id=8998435518
INFO:aiogram.event:Update id=150675774 is handled. Duration 0 ms by bot id=8998435518
INFO:aiogram.event:Update id=150675775 is not handled. Duration 0 ms by bot id=8998435518
INFO:aiogram.event:Update id=150675776 is handled. Duration 0 ms by bot id=8998435518
INFO:aiogram.event:Update id=150675777 is not handled. Duration 0 ms by bot id=8998435518
INFO:aiogram.event:Update id=150675778 is handled. Duration 0 ms by bot id=8998435518
INFO:aiogram.dispatcher:Start polling
INFO:aiogram.dispatcher:Run polling for bot @FemRankBot id=8998435518 - 'FemRank'
INFO:aiogram.dispatcher:Start polling
INFO:aiogram.dispatcher:Run polling for bot @FemRankBot id=8998435518 - 'FemRank'
INFO:aiogram.dispatcher:Start polling
INFO:aiogram.dispatcher:Run polling for bot @FemRankBot id=8998435518 - 'FemRank'
INFO:aiogram.dispatcher:Start polling
INFO:aiogram.dispatcher:Run polling for bot @FemRankBot id=8998435518 - 'FemRank'
INFO:aiogram.dispatcher:Start polling
INFO:aiogram.dispatcher:Run polling for bot @FemRankBot id=8998435518 - 'FemRank'
INFO:aiogram.dispatcher:Start polling
INFO:aiogram.dispatcher:Run polling for bot @FemRankBot id=8998435518 - 'FemRank'
INFO:aiogram.dispatcher:Start polling
INFO:aiogram.dispatcher:Run polling for bot @FemRankBot id=8998435518 - 'FemRank'
INFO:aiogram.dispatcher:Start polling
INFO:aiogram.dispatcher:Run polling for bot @FemRankBot id=8998435518 - 'FemRank'
INFO:aiogram.dispatcher:Start polling
INFO:aiogram.dispatcher:Run polling for bot @FemRankBot id=8998435518 - 'FemRank'
INFO:aiogram.dispatcher:Start polling
INFO:aiogram.dispatcher:Run polling for bot @FemRankBot id=8998435518 - 'FemRank'
INFO:aiogram.dispatcher:Start polling
INFO:aiogram.dispatcher:Run polling for bot @FemRankBot id=8998435518 - 'FemRank'
INFO:aiogram.dispatcher:Start polling
INFO:aiogram.dispatcher:Run polling for bot @FemRankBot id=8998435518 - 'FemRank'
INFO:aiogram.dispatcher:Start polling
INFO:aiogram.dispatcher:Run polling for bot @FemRankBot id=8998435518 - 'FemRank'
INFO:aiogram.dispatcher:Start polling
INFO:aiogram.dispatcher:Run polling for bot @FemRankBot id=8998435518 - 'FemRank'
INFO:aiogram.dispatcher:Start polling
INFO:aiogram.dispatcher:Run polling for bot @FemRankBot id=8998435518 - 'FemRank'
INFO:aiogram.dispatcher:Start polling
INFO:aiogram.dispatcher:Run polling for bot @FemRankBot id=8998435518 - 'FemRank'
INFO:aiogram.dispatcher:Start polling
INFO:aiogram.dispatcher:Run polling for bot @FemRankBot id=8998435518 - 'FemRank'
INFO:aiogram.dispatcher:Start polling
INFO:aiogram.dispatcher:Run polling for bot @FemRankBot id=8998435518 - 'FemRank'
INFO:aiogram.dispatcher:Start polling
INFO:aiogram.dispatcher:Run polling for bot @FemRankBot id=8998435518 - 'FemRank'
INFO:aiogram.dispatcher:Start polling
INFO:aiogram.dispatcher:Run polling for bot @FemRankBot id=8998435518 - 'FemRank'
INFO:aiogram.dispatcher:Start polling
INFO:aiogram.dispatcher:Run polling for bot @FemRankBot id=8998435518 - 'FemRank'
INFO:aiogram.dispatcher:Start polling
INFO:aiogram.dispatcher:Run polling for bot @FemRankBot id=8998435518 - 'FemRank'
WARNING:root:Ошибка в работе handler_chat_member
INFO:aiogram.event:Update id=150675779 is handled. Duration 15 ms by bot id=8998435518
INFO:aiogram.event:Update id=150675780 is not handled. Duration 0 ms by bot id=8998435518
INFO:aiogram.dispatcher:Start polling
INFO:aiogram.dispatcher:Run polling for bot @FemRankBot id=8998435518 - 'FemRank'
WARNING:root:Ошибка в работе handler_chat_member
INFO:aiogram.event:Update id=150675781 is handled. Duration 0 ms by bot id=8998435518
INFO:aiogram.event:Update id=150675782 is not handled. Duration 0 ms by bot id=8998435518
INFO:aiogram.dispatcher:Start polling
INFO:aiogram.dispatcher:Run polling for bot @FemRankBot id=8998435518 - 'FemRank'
WARNING:root:Ошибка в работе handler_chat_member
INFO:aiogram.event:Update id=150675783 is handled. Duration 0 ms by bot id=8998435518
INFO:aiogram.dispatcher:Start polling
INFO:aiogram.dispatcher:Run polling for bot @FemRankBot id=8998435518 - 'FemRank'
WARNING:root:Ошибка в работе handler_chat_member: 'DB_Group' object has no attribute 'db'
INFO:aiogram.event:Update id=150675784 is handled. Duration 0 ms by bot id=8998435518
INFO:aiogram.event:Update id=150675785 is not handled. Duration 0 ms by bot id=8998435518
INFO:aiogram.dispatcher:Start polling
INFO:aiogram.dispatcher:Run polling for bot @FemRankBot id=8998435518 - 'FemRank'
WARNING:root:Ошибка в работе handler_chat_member: 'DB_Group' object has no attribute 'cursor'
INFO:aiogram.event:Update id=150675786 is handled. Duration 16 ms by bot id=8998435518
INFO:aiogram.event:Update id=150675787 is not handled. Duration 0 ms by bot id=8998435518
INFO:aiogram.dispatcher:Start polling
INFO:aiogram.dispatcher:Run polling for bot @FemRankBot id=8998435518 - 'FemRank'
WARNING:root:Ошибка в работе handler_chat_member: 'Connection' object has no attribute 'fetchall'
INFO:aiogram.event:Update id=150675788 is handled. Duration 16 ms by bot id=8998435518
INFO:aiogram.dispatcher:Start polling
INFO:aiogram.dispatcher:Run polling for bot @FemRankBot id=8998435518 - 'FemRank'
WARNING:root:Ошибка в работе handler_chat_member: 'Cursor' object is not iterable
INFO:aiogram.event:Update id=150675789 is handled. Duration 0 ms by bot id=8998435518
WARNING:root:Ошибка в работе handler_chat_member: 'Cursor' object is not iterable
INFO:aiogram.event:Update id=150675790 is handled. Duration 0 ms by bot id=8998435518
WARNING:root:Ошибка в работе handler_chat_member: 'Cursor' object is not iterable
INFO:aiogram.event:Update id=150675791 is handled. Duration 14 ms by bot id=8998435518
INFO:aiogram.event:Update id=150675792 is not handled. Duration 0 ms by bot id=8998435518
WARNING:root:Ошибка в работе handler_chat_member: 'Cursor' object is not iterable
INFO:aiogram.event:Update id=150675793 is handled. Duration 0 ms by bot id=8998435518
INFO:aiogram.event:Update id=150675794 is not handled. Duration 0 ms by bot id=8998435518
INFO:aiogram.dispatcher:Start polling
INFO:aiogram.dispatcher:Run polling for bot @FemRankBot id=8998435518 - 'FemRank'
WARNING:root:Ошибка в работе handler_chat_member: 'Cursor' object is not iterable
INFO:aiogram.event:Update id=150675795 is handled. Duration 16 ms by bot id=8998435518
INFO:aiogram.dispatcher:Start polling
INFO:aiogram.dispatcher:Run polling for bot @FemRankBot id=8998435518 - 'FemRank'
WARNING:root:Ошибка в работе handler_chat_member: 'Cursor' object is not iterable
INFO:aiogram.event:Update id=150675796 is handled. Duration 14 ms by bot id=8998435518
INFO:aiogram.dispatcher:Start polling
INFO:aiogram.dispatcher:Run polling for bot @FemRankBot id=8998435518 - 'FemRank'
WARNING:root:Ошибка в работе handler_chat_member: 'coroutine' object is not iterable
INFO:aiogram.event:Update id=150675797 is handled. Duration 0 ms by bot id=8998435518
INFO:aiogram.dispatcher:Start polling
INFO:aiogram.dispatcher:Run polling for bot @FemRankBot id=8998435518 - 'FemRank'
WARNING:root:Ошибка в работе handler_chat_member: 'Cursor' object is not iterable
INFO:aiogram.event:Update id=150675798 is handled. Duration 0 ms by bot id=8998435518
INFO:aiogram.dispatcher:Start polling
INFO:aiogram.dispatcher:Run polling for bot @FemRankBot id=8998435518 - 'FemRank'
WARNING:root:Ошибка в работе handler_chat_member: 'Cursor' object is not iterable
INFO:aiogram.event:Update id=150675799 is handled. Duration 0 ms by bot id=8998435518
INFO:aiogram.dispatcher:Start polling
INFO:aiogram.dispatcher:Run polling for bot @FemRankBot id=8998435518 - 'FemRank'
WARNING:root:Ошибка в работе handler_chat_member: 'coroutine' object is not iterable
INFO:aiogram.event:Update id=150675800 is handled. Duration 15 ms by bot id=8998435518
WARNING:root:Ошибка в работе handler_chat_member: 'coroutine' object is not iterable
INFO:aiogram.event:Update id=150675801 is handled. Duration 0 ms by bot id=8998435518
INFO:aiogram.dispatcher:Start polling
INFO:aiogram.dispatcher:Run polling for bot @FemRankBot id=8998435518 - 'FemRank'
INFO:aiogram.event:Update id=150675802 is handled. Duration 31 ms by bot id=8998435518
INFO:aiogram.dispatcher:Start polling
INFO:aiogram.dispatcher:Run polling for bot @FemRankBot id=8998435518 - 'FemRank'
INFO:aiogram.dispatcher:Polling stopped
ERROR:aiogram.dispatcher:Failed to fetch updates - TelegramNetworkError: HTTP Client says - ServerDisconnectedError: Server disconnected
WARNING:aiogram.dispatcher:Sleep for 1.000000 seconds and try again... (tryings = 0, bot id = 8998435518)
INFO:aiogram.dispatcher:Start polling
INFO:aiogram.dispatcher:Run polling for bot @FemRankBot id=8998435518 - 'FemRank'
WARNING:root:Ошибка в работе handler_chat_member: 'int' object is not subscriptable
INFO:aiogram.event:Update id=150675803 is handled. Duration 16 ms by bot id=8998435518
INFO:aiogram.dispatcher:Start polling
INFO:aiogram.dispatcher:Run polling for bot @FemRankBot id=8998435518 - 'FemRank'
INFO:aiogram.dispatcher:Start polling
INFO:aiogram.dispatcher:Run polling for bot @FemRankBot id=8998435518 - 'FemRank'
WARNING:root:Ошибка в работе handler_chat_member: 'int' object is not subscriptable
INFO:aiogram.event:Update id=150675804 is handled. Duration 0 ms by bot id=8998435518
INFO:aiogram.dispatcher:Start polling
INFO:aiogram.dispatcher:Run polling for bot @FemRankBot id=8998435518 - 'FemRank'
WARNING:root:Ошибка в работе handler_chat_member: 'int' object is not subscriptable
INFO:aiogram.event:Update id=150675805 is handled. Duration 0 ms by bot id=8998435518
INFO:aiogram.dispatcher:Start polling
INFO:aiogram.dispatcher:Run polling for bot @FemRankBot id=8998435518 - 'FemRank'
INFO:aiogram.dispatcher:Start polling
INFO:aiogram.dispatcher:Run polling for bot @FemRankBot id=8998435518 - 'FemRank'
WARNING:root:Ошибка в работе handler_chat_member: 'int' object is not subscriptable
INFO:aiogram.event:Update id=150675806 is handled. Duration 0 ms by bot id=8998435518
INFO:aiogram.dispatcher:Start polling
INFO:aiogram.dispatcher:Run polling for bot @FemRankBot id=8998435518 - 'FemRank'
WARNING:root:Ошибка в работе handler_chat_member: 'int' object is not subscriptable
INFO:aiogram.event:Update id=150675807 is handled. Duration 16 ms by bot id=8998435518
INFO:aiogram.dispatcher:Start polling
INFO:aiogram.dispatcher:Run polling for bot @FemRankBot id=8998435518 - 'FemRank'
INFO:aiogram.dispatcher:Start polling
INFO:aiogram.dispatcher:Polling stopped
INFO:root:HTTP Client says - ClientConnectorError: Cannot connect to host api.telegram.org:443 ssl:default [Превышен таймаут семафора]
INFO:aiogram.dispatcher:Start polling
INFO:aiogram.dispatcher:Run polling for bot @FemRankBot id=8998435518 - 'FemRank'
INFO:aiogram.dispatcher:Start polling
INFO:aiogram.dispatcher:Start polling
INFO:aiogram.dispatcher:Run polling for bot @FemRankBot id=8998435518 - 'FemRank'
INFO:aiogram.event:Update id=150675808 is handled. Duration 16 ms by bot id=8998435518
INFO:aiogram.event:Update id=150675809 is handled. Duration 312 ms by bot id=8998435518
INFO:aiogram.dispatcher:Start polling
INFO:aiogram.dispatcher:Run polling for bot @FemRankBot id=8998435518 - 'FemRank'
INFO:aiogram.dispatcher:Start polling
INFO:aiogram.dispatcher:Run polling for bot @FemRankBot id=8998435518 - 'FemRank'
INFO:aiogram.dispatcher:Start polling
INFO:aiogram.dispatcher:Run polling for bot @FemRankBot id=8998435518 - 'FemRank'
INFO:aiogram.dispatcher:Start polling
INFO:aiogram.dispatcher:Run polling for bot @FemRankBot id=8998435518 - 'FemRank'
INFO:aiogram.dispatcher:Start polling
INFO:aiogram.dispatcher:Run polling for bot @FemRankBot id=8998435518 - 'FemRank'
INFO:aiogram.event:Update id=150675810 is handled. Duration 0 ms by bot id=8998435518
INFO:aiogram.dispatcher:Start polling
INFO:aiogram.dispatcher:Run polling for bot @FemRankBot id=8998435518 - 'FemRank'
INFO:aiogram.dispatcher:Start polling
INFO:aiogram.dispatcher:Run polling for bot @FemRankBot id=8998435518 - 'FemRank'
INFO:aiogram.dispatcher:Polling stopped
ERROR:aiogram.dispatcher:Failed to fetch updates - TelegramNetworkError: HTTP Client says - ServerDisconnectedError: Server disconnected
WARNING:aiogram.dispatcher:Sleep for 1.000000 seconds and try again... (tryings = 0, bot id = 8998435518)
INFO:aiogram.dispatcher:Start polling
INFO:aiogram.dispatcher:Run polling for bot @FemRankBot id=8998435518 - 'FemRank'
INFO:aiogram.event:Update id=150675812 is handled. Duration 312 ms by bot id=8998435518
INFO:aiogram.dispatcher:Start polling
INFO:aiogram.dispatcher:Run polling for bot @FemRankBot id=8998435518 - 'FemRank'
ERROR:aiogram.dispatcher:Failed to fetch updates - TelegramServerError: Telegram server says - Bad Gateway
WARNING:aiogram.dispatcher:Sleep for 1.000000 seconds and try again... (tryings = 0, bot id = 8998435518)
ERROR:aiogram.dispatcher:Failed to fetch updates - TelegramServerError: Telegram server says - Bad Gateway
WARNING:aiogram.dispatcher:Sleep for 1.266661 seconds and try again... (tryings = 1, bot id = 8998435518)
ERROR:aiogram.dispatcher:Failed to fetch updates - TelegramServerError: Telegram server says - Bad Gateway
WARNING:aiogram.dispatcher:Sleep for 1.583341 seconds and try again... (tryings = 2, bot id = 8998435518)
ERROR:aiogram.dispatcher:Failed to fetch updates - TelegramServerError: Telegram server says - Bad Gateway
WARNING:aiogram.dispatcher:Sleep for 1.918056 seconds and try again... (tryings = 3, bot id = 8998435518)
ERROR:aiogram.dispatcher:Failed to fetch updates - TelegramServerError: Telegram server says - Bad Gateway
WARNING:aiogram.dispatcher:Sleep for 2.604534 seconds and try again... (tryings = 4, bot id = 8998435518)
INFO:aiogram.dispatcher:Polling stopped
INFO:aiogram.dispatcher:Start polling
INFO:aiogram.dispatcher:Polling stopped
INFO:aiogram.dispatcher:Start polling
INFO:aiogram.dispatcher:Polling stopped
INFO:root:HTTP Client says - ClientOSError: [WinError 64] Указанное сетевое имя более недоступно
INFO:aiogram.dispatcher:Start polling
INFO:aiogram.dispatcher:Run polling for bot @FemRankBot id=8998435518 - 'FemRank'
INFO:aiogram.event:Update id=150675814 is handled. Duration 15 ms by bot id=8998435518
INFO:aiogram.event:Update id=150675815 is handled. Duration 312 ms by bot id=8998435518
INFO:aiogram.event:Update id=150675816 is handled. Duration 125 ms by bot id=8998435518
INFO:aiogram.dispatcher:Polling stopped
ERROR:aiogram.dispatcher:Failed to fetch updates - TelegramNetworkError: HTTP Client says - ServerDisconnectedError: Server disconnected
WARNING:aiogram.dispatcher:Sleep for 1.000000 seconds and try again... (tryings = 0, bot id = 8998435518)
INFO:aiogram.dispatcher:Start polling
INFO:aiogram.dispatcher:Run polling for bot @FemRankBot id=8998435518 - 'FemRank'
INFO:aiogram.dispatcher:Start polling
INFO:aiogram.dispatcher:Start polling
INFO:aiogram.dispatcher:Run polling for bot @FemRankBot id=8998435518 - 'FemRank'
INFO:aiogram.dispatcher:Start polling
INFO:aiogram.dispatcher:Run polling for bot @FemRankBot id=8998435518 - 'FemRank'
INFO:aiogram.dispatcher:Start polling
INFO:aiogram.dispatcher:Run polling for bot @FemRankBot id=8998435518 - 'FemRank'
INFO:aiogram.dispatcher:Start polling
INFO:aiogram.dispatcher:Run polling for bot @FemRankBot id=8998435518 - 'FemRank'
INFO:aiogram.dispatcher:Start polling
INFO:aiogram.dispatcher:Run polling for bot @FemRankBot id=8998435518 - 'FemRank'
INFO:aiogram.event:Update id=150675817 is handled. Duration 421 ms by bot id=8998435518
INFO:aiogram.event:Update id=150675818 is handled. Duration 156 ms by bot id=8998435518
INFO:aiogram.event:Update id=150675819 is not handled. Duration 0 ms by bot id=8998435518
INFO:aiogram.dispatcher:Start polling
INFO:aiogram.dispatcher:Run polling for bot @FemRankBot id=8998435518 - 'FemRank'
INFO:aiogram.event:Update id=150675821 is handled. Duration 311 ms by bot id=8998435518
INFO:aiogram.event:Update id=150675820 is handled. Duration 343 ms by bot id=8998435518
INFO:aiogram.event:Update id=150675822 is handled. Duration 235 ms by bot id=8998435518
INFO:aiogram.event:Update id=150675823 is handled. Duration 93 ms by bot id=8998435518
INFO:aiogram.event:Update id=150675824 is not handled. Duration 0 ms by bot id=8998435518
INFO:aiogram.event:Update id=150675825 is not handled. Duration 0 ms by bot id=8998435518
INFO:aiogram.dispatcher:Start polling
INFO:aiogram.dispatcher:Run polling for bot @FemRankBot id=8998435518 - 'FemRank'
INFO:aiogram.dispatcher:Start polling
INFO:aiogram.dispatcher:Run polling for bot @FemRankBot id=8998435518 - 'FemRank'
INFO:aiogram.dispatcher:Start polling
INFO:aiogram.dispatcher:Run polling for bot @FemRankBot id=8998435518 - 'FemRank'
INFO:aiogram.dispatcher:Start polling
INFO:aiogram.dispatcher:Polling stopped
INFO:root:HTTP Client says - ClientConnectorError: Cannot connect to host api.telegram.org:443 ssl:default [Превышен таймаут семафора]
INFO:aiogram.dispatcher:Start polling
INFO:aiogram.dispatcher:Run polling for bot @FemRankBot id=8998435518 - 'FemRank'
INFO:aiogram.dispatcher:Start polling
INFO:aiogram.dispatcher:Run polling for bot @FemRankBot id=8998435518 - 'FemRank'
INFO:aiogram.dispatcher:Start polling
INFO:aiogram.dispatcher:Run polling for bot @FemRankBot id=8998435518 - 'FemRank'
INFO:aiogram.dispatcher:Start polling
INFO:aiogram.dispatcher:Run polling for bot @FemRankBot id=8998435518 - 'FemRank'
INFO:aiogram.event:Update id=150675826 is handled. Duration 312 ms by bot id=8998435518
INFO:aiogram.event:Update id=150675827 is handled. Duration 156 ms by bot id=8998435518
INFO:aiogram.event:Update id=150675828 is not handled. Duration 0 ms by bot id=8998435518
ERROR:aiogram.event:Cause exception while process update id=150675828 by bot id=8998435518
TypeError: the first argument must be callable
Traceback (most recent call last):
  File "C:\Users\Олег\Desktop\Simple\NozkuBot\venv\Lib\site-packages\aiogram\dispatcher\dispatcher.py", line 320, in _process_update
    response = await self.feed_update(bot, update, **kwargs)
               ^^^^^^^^^^^^^^^^^^^^^^^^^^^^^^^^^^^^^^^^^^^^^
  File "C:\Users\Олег\Desktop\Simple\NozkuBot\venv\Lib\site-packages\aiogram\dispatcher\dispatcher.py", line 164, in feed_update
    response = await self.update.wrap_outer_middleware(
               ^^^^^^^^^^^^^^^^^^^^^^^^^^^^^^^^^^^^^^^^
  File "C:\Users\Олег\Desktop\Simple\NozkuBot\venv\Lib\site-packages\aiogram\dispatcher\middlewares\error.py", line 27, in __call__
    return await handler(event, data)
           ^^^^^^^^^^^^^^^^^^^^^^^^^^
  File "C:\Users\Олег\Desktop\Simple\NozkuBot\venv\Lib\site-packages\aiogram\dispatcher\middlewares\user_context.py", line 58, in __call__
    return await handler(event, data)
           ^^^^^^^^^^^^^^^^^^^^^^^^^^
  File "C:\Users\Олег\Desktop\Simple\NozkuBot\venv\Lib\site-packages\aiogram\fsm\middleware.py", line 43, in __call__
    return await handler(event, data)
           ^^^^^^^^^^^^^^^^^^^^^^^^^^
  File "C:\Users\Олег\Desktop\Simple\NozkuBot\app\middleware\anti_spam_middleware.py", line 73, in __call__
    return await handler(event, data)
           ^^^^^^^^^^^^^^^^^^^^^^^^^^
  File "C:\Users\Олег\Desktop\Simple\NozkuBot\venv\Lib\site-packages\aiogram\dispatcher\event\telegram.py", line 126, in trigger
    return await wrapped_inner(event, kwargs)
           ^^^^^^^^^^^^^^^^^^^^^^^^^^^^^^^^^^
  File "C:\Users\Олег\Desktop\Simple\NozkuBot\venv\Lib\site-packages\aiogram\dispatcher\event\handler.py", line 71, in call
    return await wrapped()
           ^^^^^^^^^^^^^^^
  File "C:\Users\Олег\Desktop\Simple\NozkuBot\venv\Lib\site-packages\aiogram\dispatcher\dispatcher.py", line 283, in _listen_update
    return await self.propagate_event(update_type=update_type, event=event, **kwargs)
           ^^^^^^^^^^^^^^^^^^^^^^^^^^^^^^^^^^^^^^^^^^^^^^^^^^^^^^^^^^^^^^^^^^^^^^^^^^
  File "C:\Users\Олег\Desktop\Simple\NozkuBot\venv\Lib\site-packages\aiogram\dispatcher\router.py", line 167, in propagate_event
    return await observer.wrap_outer_middleware(_wrapped, event=event, data=kwargs)
           ^^^^^^^^^^^^^^^^^^^^^^^^^^^^^^^^^^^^^^^^^^^^^^^^^^^^^^^^^^^^^^^^^^^^^^^^
  File "C:\Users\Олег\Desktop\Simple\NozkuBot\venv\Lib\site-packages\aiogram\dispatcher\router.py", line 159, in _wrapped
    return await self._propagate_event(
           ^^^^^^^^^^^^^^^^^^^^^^^^^^^^
  File "C:\Users\Олег\Desktop\Simple\NozkuBot\venv\Lib\site-packages\aiogram\dispatcher\router.py", line 195, in _propagate_event
    response = await router.propagate_event(update_type=update_type, event=event, **kwargs)
               ^^^^^^^^^^^^^^^^^^^^^^^^^^^^^^^^^^^^^^^^^^^^^^^^^^^^^^^^^^^^^^^^^^^^^^^^^^^^
  File "C:\Users\Олег\Desktop\Simple\NozkuBot\venv\Lib\site-packages\aiogram\dispatcher\router.py", line 167, in propagate_event
    return await observer.wrap_outer_middleware(_wrapped, event=event, data=kwargs)
           ^^^^^^^^^^^^^^^^^^^^^^^^^^^^^^^^^^^^^^^^^^^^^^^^^^^^^^^^^^^^^^^^^^^^^^^^
  File "C:\Users\Олег\Desktop\Simple\NozkuBot\venv\Lib\site-packages\aiogram\dispatcher\router.py", line 159, in _wrapped
    return await self._propagate_event(
           ^^^^^^^^^^^^^^^^^^^^^^^^^^^^
  File "C:\Users\Олег\Desktop\Simple\NozkuBot\venv\Lib\site-packages\aiogram\dispatcher\router.py", line 187, in _propagate_event
    response = await observer.trigger(event, **kwargs)
               ^^^^^^^^^^^^^^^^^^^^^^^^^^^^^^^^^^^^^^^
  File "C:\Users\Олег\Desktop\Simple\NozkuBot\venv\Lib\site-packages\aiogram\dispatcher\event\telegram.py", line 118, in trigger
    result, data = await handler.check(event, **kwargs)
                   ^^^^^^^^^^^^^^^^^^^^^^^^^^^^^^^^^^^^
  File "C:\Users\Олег\Desktop\Simple\NozkuBot\venv\Lib\site-packages\aiogram\dispatcher\event\handler.py", line 118, in check
    check = await event_filter.call(*args, **kwargs)
            ^^^^^^^^^^^^^^^^^^^^^^^^^^^^^^^^^^^^^^^^
  File "C:\Users\Олег\Desktop\Simple\NozkuBot\venv\Lib\site-packages\aiogram\dispatcher\event\handler.py", line 69, in call
    wrapped = partial(self.callback, *args, **self._prepare_kwargs(kwargs))
              ^^^^^^^^^^^^^^^^^^^^^^^^^^^^^^^^^^^^^^^^^^^^^^^^^^^^^^^^^^^^^
TypeError: the first argument must be callable
INFO:aiogram.event:Update id=150675829 is not handled. Duration 16 ms by bot id=8998435518
ERROR:aiogram.event:Cause exception while process update id=150675829 by bot id=8998435518
TypeError: the first argument must be callable
Traceback (most recent call last):
  File "C:\Users\Олег\Desktop\Simple\NozkuBot\venv\Lib\site-packages\aiogram\dispatcher\dispatcher.py", line 320, in _process_update
    response = await self.feed_update(bot, update, **kwargs)
               ^^^^^^^^^^^^^^^^^^^^^^^^^^^^^^^^^^^^^^^^^^^^^
  File "C:\Users\Олег\Desktop\Simple\NozkuBot\venv\Lib\site-packages\aiogram\dispatcher\dispatcher.py", line 164, in feed_update
    response = await self.update.wrap_outer_middleware(
               ^^^^^^^^^^^^^^^^^^^^^^^^^^^^^^^^^^^^^^^^
  File "C:\Users\Олег\Desktop\Simple\NozkuBot\venv\Lib\site-packages\aiogram\dispatcher\middlewares\error.py", line 27, in __call__
    return await handler(event, data)
           ^^^^^^^^^^^^^^^^^^^^^^^^^^
  File "C:\Users\Олег\Desktop\Simple\NozkuBot\venv\Lib\site-packages\aiogram\dispatcher\middlewares\user_context.py", line 58, in __call__
    return await handler(event, data)
           ^^^^^^^^^^^^^^^^^^^^^^^^^^
  File "C:\Users\Олег\Desktop\Simple\NozkuBot\venv\Lib\site-packages\aiogram\fsm\middleware.py", line 43, in __call__
    return await handler(event, data)
           ^^^^^^^^^^^^^^^^^^^^^^^^^^
  File "C:\Users\Олег\Desktop\Simple\NozkuBot\app\middleware\anti_spam_middleware.py", line 73, in __call__
    return await handler(event, data)
           ^^^^^^^^^^^^^^^^^^^^^^^^^^
  File "C:\Users\Олег\Desktop\Simple\NozkuBot\venv\Lib\site-packages\aiogram\dispatcher\event\telegram.py", line 126, in trigger
    return await wrapped_inner(event, kwargs)
           ^^^^^^^^^^^^^^^^^^^^^^^^^^^^^^^^^^
  File "C:\Users\Олег\Desktop\Simple\NozkuBot\venv\Lib\site-packages\aiogram\dispatcher\event\handler.py", line 71, in call
    return await wrapped()
           ^^^^^^^^^^^^^^^
  File "C:\Users\Олег\Desktop\Simple\NozkuBot\venv\Lib\site-packages\aiogram\dispatcher\dispatcher.py", line 283, in _listen_update
    return await self.propagate_event(update_type=update_type, event=event, **kwargs)
           ^^^^^^^^^^^^^^^^^^^^^^^^^^^^^^^^^^^^^^^^^^^^^^^^^^^^^^^^^^^^^^^^^^^^^^^^^^
  File "C:\Users\Олег\Desktop\Simple\NozkuBot\venv\Lib\site-packages\aiogram\dispatcher\router.py", line 167, in propagate_event
    return await observer.wrap_outer_middleware(_wrapped, event=event, data=kwargs)
           ^^^^^^^^^^^^^^^^^^^^^^^^^^^^^^^^^^^^^^^^^^^^^^^^^^^^^^^^^^^^^^^^^^^^^^^^
  File "C:\Users\Олег\Desktop\Simple\NozkuBot\venv\Lib\site-packages\aiogram\dispatcher\router.py", line 159, in _wrapped
    return await self._propagate_event(
           ^^^^^^^^^^^^^^^^^^^^^^^^^^^^
  File "C:\Users\Олег\Desktop\Simple\NozkuBot\venv\Lib\site-packages\aiogram\dispatcher\router.py", line 195, in _propagate_event
    response = await router.propagate_event(update_type=update_type, event=event, **kwargs)
               ^^^^^^^^^^^^^^^^^^^^^^^^^^^^^^^^^^^^^^^^^^^^^^^^^^^^^^^^^^^^^^^^^^^^^^^^^^^^
  File "C:\Users\Олег\Desktop\Simple\NozkuBot\venv\Lib\site-packages\aiogram\dispatcher\router.py", line 167, in propagate_event
    return await observer.wrap_outer_middleware(_wrapped, event=event, data=kwargs)
           ^^^^^^^^^^^^^^^^^^^^^^^^^^^^^^^^^^^^^^^^^^^^^^^^^^^^^^^^^^^^^^^^^^^^^^^^
  File "C:\Users\Олег\Desktop\Simple\NozkuBot\venv\Lib\site-packages\aiogram\dispatcher\router.py", line 159, in _wrapped
    return await self._propagate_event(
           ^^^^^^^^^^^^^^^^^^^^^^^^^^^^
  File "C:\Users\Олег\Desktop\Simple\NozkuBot\venv\Lib\site-packages\aiogram\dispatcher\router.py", line 187, in _propagate_event
    response = await observer.trigger(event, **kwargs)
               ^^^^^^^^^^^^^^^^^^^^^^^^^^^^^^^^^^^^^^^
  File "C:\Users\Олег\Desktop\Simple\NozkuBot\venv\Lib\site-packages\aiogram\dispatcher\event\telegram.py", line 118, in trigger
    result, data = await handler.check(event, **kwargs)
                   ^^^^^^^^^^^^^^^^^^^^^^^^^^^^^^^^^^^^
  File "C:\Users\Олег\Desktop\Simple\NozkuBot\venv\Lib\site-packages\aiogram\dispatcher\event\handler.py", line 118, in check
    check = await event_filter.call(*args, **kwargs)
            ^^^^^^^^^^^^^^^^^^^^^^^^^^^^^^^^^^^^^^^^
  File "C:\Users\Олег\Desktop\Simple\NozkuBot\venv\Lib\site-packages\aiogram\dispatcher\event\handler.py", line 69, in call
    wrapped = partial(self.callback, *args, **self._prepare_kwargs(kwargs))
              ^^^^^^^^^^^^^^^^^^^^^^^^^^^^^^^^^^^^^^^^^^^^^^^^^^^^^^^^^^^^^
TypeError: the first argument must be callable
INFO:aiogram.event:Update id=150675830 is not handled. Duration 0 ms by bot id=8998435518
ERROR:aiogram.event:Cause exception while process update id=150675830 by bot id=8998435518
TypeError: the first argument must be callable
Traceback (most recent call last):
  File "C:\Users\Олег\Desktop\Simple\NozkuBot\venv\Lib\site-packages\aiogram\dispatcher\dispatcher.py", line 320, in _process_update
    response = await self.feed_update(bot, update, **kwargs)
               ^^^^^^^^^^^^^^^^^^^^^^^^^^^^^^^^^^^^^^^^^^^^^
  File "C:\Users\Олег\Desktop\Simple\NozkuBot\venv\Lib\site-packages\aiogram\dispatcher\dispatcher.py", line 164, in feed_update
    response = await self.update.wrap_outer_middleware(
               ^^^^^^^^^^^^^^^^^^^^^^^^^^^^^^^^^^^^^^^^
  File "C:\Users\Олег\Desktop\Simple\NozkuBot\venv\Lib\site-packages\aiogram\dispatcher\middlewares\error.py", line 27, in __call__
    return await handler(event, data)
           ^^^^^^^^^^^^^^^^^^^^^^^^^^
  File "C:\Users\Олег\Desktop\Simple\NozkuBot\venv\Lib\site-packages\aiogram\dispatcher\middlewares\user_context.py", line 58, in __call__
    return await handler(event, data)
           ^^^^^^^^^^^^^^^^^^^^^^^^^^
  File "C:\Users\Олег\Desktop\Simple\NozkuBot\venv\Lib\site-packages\aiogram\fsm\middleware.py", line 43, in __call__
    return await handler(event, data)
           ^^^^^^^^^^^^^^^^^^^^^^^^^^
  File "C:\Users\Олег\Desktop\Simple\NozkuBot\app\middleware\anti_spam_middleware.py", line 73, in __call__
    return await handler(event, data)
           ^^^^^^^^^^^^^^^^^^^^^^^^^^
  File "C:\Users\Олег\Desktop\Simple\NozkuBot\venv\Lib\site-packages\aiogram\dispatcher\event\telegram.py", line 126, in trigger
    return await wrapped_inner(event, kwargs)
           ^^^^^^^^^^^^^^^^^^^^^^^^^^^^^^^^^^
  File "C:\Users\Олег\Desktop\Simple\NozkuBot\venv\Lib\site-packages\aiogram\dispatcher\event\handler.py", line 71, in call
    return await wrapped()
           ^^^^^^^^^^^^^^^
  File "C:\Users\Олег\Desktop\Simple\NozkuBot\venv\Lib\site-packages\aiogram\dispatcher\dispatcher.py", line 283, in _listen_update
    return await self.propagate_event(update_type=update_type, event=event, **kwargs)
           ^^^^^^^^^^^^^^^^^^^^^^^^^^^^^^^^^^^^^^^^^^^^^^^^^^^^^^^^^^^^^^^^^^^^^^^^^^
  File "C:\Users\Олег\Desktop\Simple\NozkuBot\venv\Lib\site-packages\aiogram\dispatcher\router.py", line 167, in propagate_event
    return await observer.wrap_outer_middleware(_wrapped, event=event, data=kwargs)
           ^^^^^^^^^^^^^^^^^^^^^^^^^^^^^^^^^^^^^^^^^^^^^^^^^^^^^^^^^^^^^^^^^^^^^^^^
  File "C:\Users\Олег\Desktop\Simple\NozkuBot\venv\Lib\site-packages\aiogram\dispatcher\router.py", line 159, in _wrapped
    return await self._propagate_event(
           ^^^^^^^^^^^^^^^^^^^^^^^^^^^^
  File "C:\Users\Олег\Desktop\Simple\NozkuBot\venv\Lib\site-packages\aiogram\dispatcher\router.py", line 195, in _propagate_event
    response = await router.propagate_event(update_type=update_type, event=event, **kwargs)
               ^^^^^^^^^^^^^^^^^^^^^^^^^^^^^^^^^^^^^^^^^^^^^^^^^^^^^^^^^^^^^^^^^^^^^^^^^^^^
  File "C:\Users\Олег\Desktop\Simple\NozkuBot\venv\Lib\site-packages\aiogram\dispatcher\router.py", line 167, in propagate_event
    return await observer.wrap_outer_middleware(_wrapped, event=event, data=kwargs)
           ^^^^^^^^^^^^^^^^^^^^^^^^^^^^^^^^^^^^^^^^^^^^^^^^^^^^^^^^^^^^^^^^^^^^^^^^
  File "C:\Users\Олег\Desktop\Simple\NozkuBot\venv\Lib\site-packages\aiogram\dispatcher\router.py", line 159, in _wrapped
    return await self._propagate_event(
           ^^^^^^^^^^^^^^^^^^^^^^^^^^^^
  File "C:\Users\Олег\Desktop\Simple\NozkuBot\venv\Lib\site-packages\aiogram\dispatcher\router.py", line 187, in _propagate_event
    response = await observer.trigger(event, **kwargs)
               ^^^^^^^^^^^^^^^^^^^^^^^^^^^^^^^^^^^^^^^
  File "C:\Users\Олег\Desktop\Simple\NozkuBot\venv\Lib\site-packages\aiogram\dispatcher\event\telegram.py", line 118, in trigger
    result, data = await handler.check(event, **kwargs)
                   ^^^^^^^^^^^^^^^^^^^^^^^^^^^^^^^^^^^^
  File "C:\Users\Олег\Desktop\Simple\NozkuBot\venv\Lib\site-packages\aiogram\dispatcher\event\handler.py", line 118, in check
    check = await event_filter.call(*args, **kwargs)
            ^^^^^^^^^^^^^^^^^^^^^^^^^^^^^^^^^^^^^^^^
  File "C:\Users\Олег\Desktop\Simple\NozkuBot\venv\Lib\site-packages\aiogram\dispatcher\event\handler.py", line 69, in call
    wrapped = partial(self.callback, *args, **self._prepare_kwargs(kwargs))
              ^^^^^^^^^^^^^^^^^^^^^^^^^^^^^^^^^^^^^^^^^^^^^^^^^^^^^^^^^^^^^
TypeError: the first argument must be callable
INFO:aiogram.event:Update id=150675831 is not handled. Duration 0 ms by bot id=8998435518
ERROR:aiogram.event:Cause exception while process update id=150675831 by bot id=8998435518
TypeError: the first argument must be callable
Traceback (most recent call last):
  File "C:\Users\Олег\Desktop\Simple\NozkuBot\venv\Lib\site-packages\aiogram\dispatcher\dispatcher.py", line 320, in _process_update
    response = await self.feed_update(bot, update, **kwargs)
               ^^^^^^^^^^^^^^^^^^^^^^^^^^^^^^^^^^^^^^^^^^^^^
  File "C:\Users\Олег\Desktop\Simple\NozkuBot\venv\Lib\site-packages\aiogram\dispatcher\dispatcher.py", line 164, in feed_update
    response = await self.update.wrap_outer_middleware(
               ^^^^^^^^^^^^^^^^^^^^^^^^^^^^^^^^^^^^^^^^
  File "C:\Users\Олег\Desktop\Simple\NozkuBot\venv\Lib\site-packages\aiogram\dispatcher\middlewares\error.py", line 27, in __call__
    return await handler(event, data)
           ^^^^^^^^^^^^^^^^^^^^^^^^^^
  File "C:\Users\Олег\Desktop\Simple\NozkuBot\venv\Lib\site-packages\aiogram\dispatcher\middlewares\user_context.py", line 58, in __call__
    return await handler(event, data)
           ^^^^^^^^^^^^^^^^^^^^^^^^^^
  File "C:\Users\Олег\Desktop\Simple\NozkuBot\venv\Lib\site-packages\aiogram\fsm\middleware.py", line 43, in __call__
    return await handler(event, data)
           ^^^^^^^^^^^^^^^^^^^^^^^^^^
  File "C:\Users\Олег\Desktop\Simple\NozkuBot\app\middleware\anti_spam_middleware.py", line 73, in __call__
    return await handler(event, data)
           ^^^^^^^^^^^^^^^^^^^^^^^^^^
  File "C:\Users\Олег\Desktop\Simple\NozkuBot\venv\Lib\site-packages\aiogram\dispatcher\event\telegram.py", line 126, in trigger
    return await wrapped_inner(event, kwargs)
           ^^^^^^^^^^^^^^^^^^^^^^^^^^^^^^^^^^
  File "C:\Users\Олег\Desktop\Simple\NozkuBot\venv\Lib\site-packages\aiogram\dispatcher\event\handler.py", line 71, in call
    return await wrapped()
           ^^^^^^^^^^^^^^^
  File "C:\Users\Олег\Desktop\Simple\NozkuBot\venv\Lib\site-packages\aiogram\dispatcher\dispatcher.py", line 283, in _listen_update
    return await self.propagate_event(update_type=update_type, event=event, **kwargs)
           ^^^^^^^^^^^^^^^^^^^^^^^^^^^^^^^^^^^^^^^^^^^^^^^^^^^^^^^^^^^^^^^^^^^^^^^^^^
  File "C:\Users\Олег\Desktop\Simple\NozkuBot\venv\Lib\site-packages\aiogram\dispatcher\router.py", line 167, in propagate_event
    return await observer.wrap_outer_middleware(_wrapped, event=event, data=kwargs)
           ^^^^^^^^^^^^^^^^^^^^^^^^^^^^^^^^^^^^^^^^^^^^^^^^^^^^^^^^^^^^^^^^^^^^^^^^
  File "C:\Users\Олег\Desktop\Simple\NozkuBot\venv\Lib\site-packages\aiogram\dispatcher\router.py", line 159, in _wrapped
    return await self._propagate_event(
           ^^^^^^^^^^^^^^^^^^^^^^^^^^^^
  File "C:\Users\Олег\Desktop\Simple\NozkuBot\venv\Lib\site-packages\aiogram\dispatcher\router.py", line 195, in _propagate_event
    response = await router.propagate_event(update_type=update_type, event=event, **kwargs)
               ^^^^^^^^^^^^^^^^^^^^^^^^^^^^^^^^^^^^^^^^^^^^^^^^^^^^^^^^^^^^^^^^^^^^^^^^^^^^
  File "C:\Users\Олег\Desktop\Simple\NozkuBot\venv\Lib\site-packages\aiogram\dispatcher\router.py", line 167, in propagate_event
    return await observer.wrap_outer_middleware(_wrapped, event=event, data=kwargs)
           ^^^^^^^^^^^^^^^^^^^^^^^^^^^^^^^^^^^^^^^^^^^^^^^^^^^^^^^^^^^^^^^^^^^^^^^^
  File "C:\Users\Олег\Desktop\Simple\NozkuBot\venv\Lib\site-packages\aiogram\dispatcher\router.py", line 159, in _wrapped
    return await self._propagate_event(
           ^^^^^^^^^^^^^^^^^^^^^^^^^^^^
  File "C:\Users\Олег\Desktop\Simple\NozkuBot\venv\Lib\site-packages\aiogram\dispatcher\router.py", line 187, in _propagate_event
    response = await observer.trigger(event, **kwargs)
               ^^^^^^^^^^^^^^^^^^^^^^^^^^^^^^^^^^^^^^^
  File "C:\Users\Олег\Desktop\Simple\NozkuBot\venv\Lib\site-packages\aiogram\dispatcher\event\telegram.py", line 118, in trigger
    result, data = await handler.check(event, **kwargs)
                   ^^^^^^^^^^^^^^^^^^^^^^^^^^^^^^^^^^^^
  File "C:\Users\Олег\Desktop\Simple\NozkuBot\venv\Lib\site-packages\aiogram\dispatcher\event\handler.py", line 118, in check
    check = await event_filter.call(*args, **kwargs)
            ^^^^^^^^^^^^^^^^^^^^^^^^^^^^^^^^^^^^^^^^
  File "C:\Users\Олег\Desktop\Simple\NozkuBot\venv\Lib\site-packages\aiogram\dispatcher\event\handler.py", line 69, in call
    wrapped = partial(self.callback, *args, **self._prepare_kwargs(kwargs))
              ^^^^^^^^^^^^^^^^^^^^^^^^^^^^^^^^^^^^^^^^^^^^^^^^^^^^^^^^^^^^^
TypeError: the first argument must be callable
INFO:aiogram.dispatcher:Start polling
INFO:aiogram.dispatcher:Run polling for bot @FemRankBot id=8998435518 - 'FemRank'
INFO:aiogram.event:Update id=150675832 is handled. Duration 375 ms by bot id=8998435518
INFO:aiogram.event:Update id=150675833 is handled. Duration 139 ms by bot id=8998435518
INFO:aiogram.event:Update id=150675834 is handled. Duration 92 ms by bot id=8998435518
INFO:aiogram.event:Update id=150675835 is not handled. Duration 0 ms by bot id=8998435518
INFO:aiogram.dispatcher:Start polling
INFO:aiogram.dispatcher:Run polling for bot @FemRankBot id=8998435518 - 'FemRank'
INFO:aiogram.dispatcher:Start polling
INFO:aiogram.dispatcher:Run polling for bot @FemRankBot id=8998435518 - 'FemRank'
INFO:aiogram.dispatcher:Start polling
INFO:aiogram.dispatcher:Run polling for bot @FemRankBot id=8998435518 - 'FemRank'
INFO:aiogram.dispatcher:Start polling
INFO:aiogram.dispatcher:Run polling for bot @FemRankBot id=8998435518 - 'FemRank'
INFO:aiogram.dispatcher:Start polling
INFO:aiogram.dispatcher:Run polling for bot @FemRankBot id=8998435518 - 'FemRank'
INFO:aiogram.dispatcher:Start polling
INFO:aiogram.dispatcher:Run polling for bot @FemRankBot id=8998435518 - 'FemRank'
INFO:aiogram.event:Update id=150675836 is handled. Duration 422 ms by bot id=8998435518
INFO:aiogram.event:Update id=150675837 is handled. Duration 110 ms by bot id=8998435518
INFO:aiogram.event:Update id=150675838 is handled. Duration 108 ms by bot id=8998435518
INFO:aiogram.event:Update id=150675839 is handled. Duration 188 ms by bot id=8998435518
INFO:aiogram.dispatcher:Start polling
INFO:aiogram.dispatcher:Run polling for bot @FemRankBot id=8998435518 - 'FemRank'
INFO:aiogram.dispatcher:Start polling
INFO:aiogram.dispatcher:Run polling for bot @FemRankBot id=8998435518 - 'FemRank'
INFO:aiogram.dispatcher:Start polling
INFO:aiogram.dispatcher:Run polling for bot @FemRankBot id=8998435518 - 'FemRank'
INFO:aiogram.event:Update id=150675840 is handled. Duration 235 ms by bot id=8998435518
INFO:aiogram.event:Update id=150675841 is handled. Duration 78 ms by bot id=8998435518
INFO:aiogram.event:Update id=150675842 is handled. Duration 62 ms by bot id=8998435518
INFO:aiogram.event:Update id=150675843 is handled. Duration 108 ms by bot id=8998435518
INFO:aiogram.event:Update id=150675844 is handled. Duration 250 ms by bot id=8998435518
INFO:aiogram.dispatcher:Start polling
INFO:aiogram.dispatcher:Run polling for bot @FemRankBot id=8998435518 - 'FemRank'
INFO:aiogram.dispatcher:Start polling
INFO:aiogram.dispatcher:Run polling for bot @FemRankBot id=8998435518 - 'FemRank'
INFO:aiogram.dispatcher:Start polling
INFO:aiogram.dispatcher:Run polling for bot @FemRankBot id=8998435518 - 'FemRank'
INFO:aiogram.event:Update id=150675845 is handled. Duration 344 ms by bot id=8998435518
INFO:aiogram.event:Update id=150675846 is handled. Duration 94 ms by bot id=8998435518
INFO:aiogram.event:Update id=150675847 is handled. Duration 264 ms by bot id=8998435518
INFO:aiogram.event:Update id=150675848 is handled. Duration 202 ms by bot id=8998435518
INFO:aiogram.event:Update id=150675849 is not handled. Duration 0 ms by bot id=8998435518
INFO:aiogram.event:Update id=150675850 is handled. Duration 93 ms by bot id=8998435518
INFO:aiogram.event:Update id=150675851 is handled. Duration 250 ms by bot id=8998435518
INFO:aiogram.event:Update id=150675852 is handled. Duration 250 ms by bot id=8998435518
INFO:aiogram.event:Update id=150675853 is handled. Duration 93 ms by bot id=8998435518
INFO:aiogram.event:Update id=150675854 is not handled. Duration 0 ms by bot id=8998435518
INFO:aiogram.event:Update id=150675855 is handled. Duration 203 ms by bot id=8998435518
INFO:aiogram.event:Update id=150675856 is handled. Duration 202 ms by bot id=8998435518
INFO:aiogram.dispatcher:Start polling
INFO:aiogram.dispatcher:Run polling for bot @FemRankBot id=8998435518 - 'FemRank'
INFO:aiogram.dispatcher:Start polling
INFO:aiogram.dispatcher:Run polling for bot @FemRankBot id=8998435518 - 'FemRank'
INFO:aiogram.dispatcher:Start polling
INFO:aiogram.dispatcher:Polling stopped
INFO:root:HTTP Client says - ClientConnectorError: Cannot connect to host api.telegram.org:443 ssl:default [Превышен таймаут семафора]
INFO:aiogram.dispatcher:Start polling
INFO:aiogram.dispatcher:Polling stopped
INFO:root:HTTP Client says - ClientConnectorError: Cannot connect to host api.telegram.org:443 ssl:default [Превышен таймаут семафора]
INFO:aiogram.dispatcher:Start polling
INFO:aiogram.dispatcher:Run polling for bot @FemRankBot id=8998435518 - 'FemRank'
INFO:aiogram.dispatcher:Start polling
INFO:aiogram.dispatcher:Run polling for bot @FemRankBot id=8998435518 - 'FemRank'
INFO:aiogram.dispatcher:Start polling
INFO:aiogram.dispatcher:Run polling for bot @FemRankBot id=8998435518 - 'FemRank'
INFO:aiogram.dispatcher:Start polling
INFO:aiogram.dispatcher:Start polling
INFO:aiogram.dispatcher:Run polling for bot @FemRankBot id=8998435518 - 'FemRank'
INFO:aiogram.dispatcher:Start polling
INFO:aiogram.dispatcher:Run polling for bot @FemRankBot id=8998435518 - 'FemRank'
INFO:aiogram.dispatcher:Start polling
INFO:aiogram.dispatcher:Run polling for bot @FemRankBot id=8998435518 - 'FemRank'
INFO:aiogram.event:Update id=150675857 is handled. Duration 297 ms by bot id=8998435518
INFO:aiogram.event:Update id=150675858 is handled. Duration 1108 ms by bot id=8998435518
INFO:aiogram.event:Update id=150675859 is not handled. Duration 0 ms by bot id=8998435518
ERROR:aiogram.event:Cause exception while process update id=150675859 by bot id=8998435518
TypeError: 'str' object is not callable
Traceback (most recent call last):
  File "C:\Users\Олег\Desktop\Simple\NozkuBot\venv\Lib\site-packages\aiogram\dispatcher\dispatcher.py", line 320, in _process_update
    response = await self.feed_update(bot, update, **kwargs)
               ^^^^^^^^^^^^^^^^^^^^^^^^^^^^^^^^^^^^^^^^^^^^^
  File "C:\Users\Олег\Desktop\Simple\NozkuBot\venv\Lib\site-packages\aiogram\dispatcher\dispatcher.py", line 164, in feed_update
    response = await self.update.wrap_outer_middleware(
               ^^^^^^^^^^^^^^^^^^^^^^^^^^^^^^^^^^^^^^^^
  File "C:\Users\Олег\Desktop\Simple\NozkuBot\venv\Lib\site-packages\aiogram\dispatcher\middlewares\error.py", line 27, in __call__
    return await handler(event, data)
           ^^^^^^^^^^^^^^^^^^^^^^^^^^
  File "C:\Users\Олег\Desktop\Simple\NozkuBot\venv\Lib\site-packages\aiogram\dispatcher\middlewares\user_context.py", line 58, in __call__
    return await handler(event, data)
           ^^^^^^^^^^^^^^^^^^^^^^^^^^
  File "C:\Users\Олег\Desktop\Simple\NozkuBot\venv\Lib\site-packages\aiogram\fsm\middleware.py", line 43, in __call__
    return await handler(event, data)
           ^^^^^^^^^^^^^^^^^^^^^^^^^^
  File "C:\Users\Олег\Desktop\Simple\NozkuBot\app\middleware\anti_spam_middleware.py", line 47, in __call__
    return await handler(event, data)
           ^^^^^^^^^^^^^^^^^^^^^^^^^^
  File "C:\Users\Олег\Desktop\Simple\NozkuBot\venv\Lib\site-packages\aiogram\dispatcher\event\telegram.py", line 126, in trigger
    return await wrapped_inner(event, kwargs)
           ^^^^^^^^^^^^^^^^^^^^^^^^^^^^^^^^^^
  File "C:\Users\Олег\Desktop\Simple\NozkuBot\venv\Lib\site-packages\aiogram\dispatcher\event\handler.py", line 71, in call
    return await wrapped()
           ^^^^^^^^^^^^^^^
  File "C:\Users\Олег\Desktop\Simple\NozkuBot\venv\Lib\site-packages\aiogram\dispatcher\dispatcher.py", line 283, in _listen_update
    return await self.propagate_event(update_type=update_type, event=event, **kwargs)
           ^^^^^^^^^^^^^^^^^^^^^^^^^^^^^^^^^^^^^^^^^^^^^^^^^^^^^^^^^^^^^^^^^^^^^^^^^^
  File "C:\Users\Олег\Desktop\Simple\NozkuBot\venv\Lib\site-packages\aiogram\dispatcher\router.py", line 167, in propagate_event
    return await observer.wrap_outer_middleware(_wrapped, event=event, data=kwargs)
           ^^^^^^^^^^^^^^^^^^^^^^^^^^^^^^^^^^^^^^^^^^^^^^^^^^^^^^^^^^^^^^^^^^^^^^^^
  File "C:\Users\Олег\Desktop\Simple\NozkuBot\venv\Lib\site-packages\aiogram\dispatcher\router.py", line 159, in _wrapped
    return await self._propagate_event(
           ^^^^^^^^^^^^^^^^^^^^^^^^^^^^
  File "C:\Users\Олег\Desktop\Simple\NozkuBot\venv\Lib\site-packages\aiogram\dispatcher\router.py", line 195, in _propagate_event
    response = await router.propagate_event(update_type=update_type, event=event, **kwargs)
               ^^^^^^^^^^^^^^^^^^^^^^^^^^^^^^^^^^^^^^^^^^^^^^^^^^^^^^^^^^^^^^^^^^^^^^^^^^^^
  File "C:\Users\Олег\Desktop\Simple\NozkuBot\venv\Lib\site-packages\aiogram\dispatcher\router.py", line 167, in propagate_event
    return await observer.wrap_outer_middleware(_wrapped, event=event, data=kwargs)
           ^^^^^^^^^^^^^^^^^^^^^^^^^^^^^^^^^^^^^^^^^^^^^^^^^^^^^^^^^^^^^^^^^^^^^^^^
  File "C:\Users\Олег\Desktop\Simple\NozkuBot\venv\Lib\site-packages\aiogram\dispatcher\router.py", line 159, in _wrapped
    return await self._propagate_event(
           ^^^^^^^^^^^^^^^^^^^^^^^^^^^^
  File "C:\Users\Олег\Desktop\Simple\NozkuBot\venv\Lib\site-packages\aiogram\dispatcher\router.py", line 187, in _propagate_event
    response = await observer.trigger(event, **kwargs)
               ^^^^^^^^^^^^^^^^^^^^^^^^^^^^^^^^^^^^^^^
  File "C:\Users\Олег\Desktop\Simple\NozkuBot\venv\Lib\site-packages\aiogram\dispatcher\event\telegram.py", line 126, in trigger
    return await wrapped_inner(event, kwargs)
           ^^^^^^^^^^^^^^^^^^^^^^^^^^^^^^^^^^
  File "C:\Users\Олег\Desktop\Simple\NozkuBot\venv\Lib\site-packages\aiogram\dispatcher\event\handler.py", line 71, in call
    return await wrapped()
           ^^^^^^^^^^^^^^^
  File "C:\Users\Олег\Desktop\Simple\NozkuBot\app\handlers\handler_rating.py", line 31, in rating_cute_femboys
    data = callback.data()
           ^^^^^^^^^^^^^^^
TypeError: 'str' object is not callable
INFO:aiogram.dispatcher:Polling stopped
ERROR:aiogram.dispatcher:Failed to fetch updates - TelegramNetworkError: HTTP Client says - ServerDisconnectedError: Server disconnected
WARNING:aiogram.dispatcher:Sleep for 1.000000 seconds and try again... (tryings = 0, bot id = 8998435518)
INFO:aiogram.dispatcher:Start polling
INFO:aiogram.dispatcher:Run polling for bot @FemRankBot id=8998435518 - 'FemRank'
ERROR:aiogram.dispatcher:Failed to fetch updates - TelegramNetworkError: HTTP Client says - ClientOSError: [WinError 64] Указанное сетевое имя более недоступно
WARNING:aiogram.dispatcher:Sleep for 1.000000 seconds and try again... (tryings = 0, bot id = 8998435518)
ERROR:aiogram.dispatcher:Failed to fetch updates - TelegramNetworkError: HTTP Client says - ClientConnectorError: Cannot connect to host api.telegram.org:443 ssl:default [Превышен таймаут семафора]
WARNING:aiogram.dispatcher:Sleep for 1.321211 seconds and try again... (tryings = 1, bot id = 8998435518)
INFO:aiogram.dispatcher:Start polling
INFO:aiogram.dispatcher:Run polling for bot @FemRankBot id=8998435518 - 'FemRank'
INFO:aiogram.event:Update id=150675860 is handled. Duration 718 ms by bot id=8998435518
INFO:aiogram.event:Update id=150675861 is handled. Duration 187 ms by bot id=8998435518
INFO:aiogram.event:Update id=150675862 is handled. Duration 233 ms by bot id=8998435518
INFO:aiogram.event:Update id=150675863 is handled. Duration 375 ms by bot id=8998435518
INFO:aiogram.event:Update id=150675864 is handled. Duration 266 ms by bot id=8998435518
INFO:aiogram.dispatcher:Start polling
INFO:aiogram.dispatcher:Run polling for bot @FemRankBot id=8998435518 - 'FemRank'
INFO:aiogram.event:Update id=150675865 is handled. Duration 406 ms by bot id=8998435518
INFO:aiogram.event:Update id=150675866 is handled. Duration 203 ms by bot id=8998435518
INFO:aiogram.event:Update id=150675867 is handled. Duration 266 ms by bot id=8998435518
INFO:aiogram.event:Update id=150675868 is handled. Duration 156 ms by bot id=8998435518
INFO:aiogram.event:Update id=150675869 is handled. Duration 218 ms by bot id=8998435518
INFO:aiogram.event:Update id=150675870 is handled. Duration 297 ms by bot id=8998435518
INFO:aiogram.event:Update id=150675871 is handled. Duration 875 ms by bot id=8998435518
INFO:aiogram.event:Update id=150675872 is handled. Duration 156 ms by bot id=8998435518
INFO:aiogram.event:Update id=150675873 is handled. Duration 172 ms by bot id=8998435518
INFO:aiogram.event:Update id=150675874 is not handled. Duration 233 ms by bot id=8998435518
ERROR:aiogram.event:Cause exception while process update id=150675874 by bot id=8998435518
TelegramBadRequest: Telegram server says - Bad Request: message is not modified: specified new message content and reply markup are exactly the same as a current content and reply markup of the message
Traceback (most recent call last):
  File "C:\Users\Олег\Desktop\Simple\NozkuBot\venv\Lib\site-packages\aiogram\dispatcher\dispatcher.py", line 320, in _process_update
    response = await self.feed_update(bot, update, **kwargs)
               ^^^^^^^^^^^^^^^^^^^^^^^^^^^^^^^^^^^^^^^^^^^^^
  File "C:\Users\Олег\Desktop\Simple\NozkuBot\venv\Lib\site-packages\aiogram\dispatcher\dispatcher.py", line 164, in feed_update
    response = await self.update.wrap_outer_middleware(
               ^^^^^^^^^^^^^^^^^^^^^^^^^^^^^^^^^^^^^^^^
  File "C:\Users\Олег\Desktop\Simple\NozkuBot\venv\Lib\site-packages\aiogram\dispatcher\middlewares\error.py", line 27, in __call__
    return await handler(event, data)
           ^^^^^^^^^^^^^^^^^^^^^^^^^^
  File "C:\Users\Олег\Desktop\Simple\NozkuBot\venv\Lib\site-packages\aiogram\dispatcher\middlewares\user_context.py", line 58, in __call__
    return await handler(event, data)
           ^^^^^^^^^^^^^^^^^^^^^^^^^^
  File "C:\Users\Олег\Desktop\Simple\NozkuBot\venv\Lib\site-packages\aiogram\fsm\middleware.py", line 43, in __call__
    return await handler(event, data)
           ^^^^^^^^^^^^^^^^^^^^^^^^^^
  File "C:\Users\Олег\Desktop\Simple\NozkuBot\app\middleware\anti_spam_middleware.py", line 47, in __call__
    return await handler(event, data)
           ^^^^^^^^^^^^^^^^^^^^^^^^^^
  File "C:\Users\Олег\Desktop\Simple\NozkuBot\venv\Lib\site-packages\aiogram\dispatcher\event\telegram.py", line 126, in trigger
    return await wrapped_inner(event, kwargs)
           ^^^^^^^^^^^^^^^^^^^^^^^^^^^^^^^^^^
  File "C:\Users\Олег\Desktop\Simple\NozkuBot\venv\Lib\site-packages\aiogram\dispatcher\event\handler.py", line 71, in call
    return await wrapped()
           ^^^^^^^^^^^^^^^
  File "C:\Users\Олег\Desktop\Simple\NozkuBot\venv\Lib\site-packages\aiogram\dispatcher\dispatcher.py", line 283, in _listen_update
    return await self.propagate_event(update_type=update_type, event=event, **kwargs)
           ^^^^^^^^^^^^^^^^^^^^^^^^^^^^^^^^^^^^^^^^^^^^^^^^^^^^^^^^^^^^^^^^^^^^^^^^^^
  File "C:\Users\Олег\Desktop\Simple\NozkuBot\venv\Lib\site-packages\aiogram\dispatcher\router.py", line 167, in propagate_event
    return await observer.wrap_outer_middleware(_wrapped, event=event, data=kwargs)
           ^^^^^^^^^^^^^^^^^^^^^^^^^^^^^^^^^^^^^^^^^^^^^^^^^^^^^^^^^^^^^^^^^^^^^^^^
  File "C:\Users\Олег\Desktop\Simple\NozkuBot\venv\Lib\site-packages\aiogram\dispatcher\router.py", line 159, in _wrapped
    return await self._propagate_event(
           ^^^^^^^^^^^^^^^^^^^^^^^^^^^^
  File "C:\Users\Олег\Desktop\Simple\NozkuBot\venv\Lib\site-packages\aiogram\dispatcher\router.py", line 195, in _propagate_event
    response = await router.propagate_event(update_type=update_type, event=event, **kwargs)
               ^^^^^^^^^^^^^^^^^^^^^^^^^^^^^^^^^^^^^^^^^^^^^^^^^^^^^^^^^^^^^^^^^^^^^^^^^^^^
  File "C:\Users\Олег\Desktop\Simple\NozkuBot\venv\Lib\site-packages\aiogram\dispatcher\router.py", line 167, in propagate_event
    return await observer.wrap_outer_middleware(_wrapped, event=event, data=kwargs)
           ^^^^^^^^^^^^^^^^^^^^^^^^^^^^^^^^^^^^^^^^^^^^^^^^^^^^^^^^^^^^^^^^^^^^^^^^
  File "C:\Users\Олег\Desktop\Simple\NozkuBot\venv\Lib\site-packages\aiogram\dispatcher\router.py", line 159, in _wrapped
    return await self._propagate_event(
           ^^^^^^^^^^^^^^^^^^^^^^^^^^^^
  File "C:\Users\Олег\Desktop\Simple\NozkuBot\venv\Lib\site-packages\aiogram\dispatcher\router.py", line 187, in _propagate_event
    response = await observer.trigger(event, **kwargs)
               ^^^^^^^^^^^^^^^^^^^^^^^^^^^^^^^^^^^^^^^
  File "C:\Users\Олег\Desktop\Simple\NozkuBot\venv\Lib\site-packages\aiogram\dispatcher\event\telegram.py", line 126, in trigger
    return await wrapped_inner(event, kwargs)
           ^^^^^^^^^^^^^^^^^^^^^^^^^^^^^^^^^^
  File "C:\Users\Олег\Desktop\Simple\NozkuBot\venv\Lib\site-packages\aiogram\dispatcher\event\handler.py", line 71, in call
    return await wrapped()
           ^^^^^^^^^^^^^^^
  File "C:\Users\Олег\Desktop\Simple\NozkuBot\app\handlers\handler_rating.py", line 38, in rating_cute_femboys
    await callback.message.edit_reply_markup(callback.inline_message_id, reply_markup=keyboard_rating_cute_femboys_legs.markup)
  File "C:\Users\Олег\Desktop\Simple\NozkuBot\venv\Lib\site-packages\aiogram\methods\base.py", line 82, in emit
    return await bot(self)
           ^^^^^^^^^^^^^^^
  File "C:\Users\Олег\Desktop\Simple\NozkuBot\venv\Lib\site-packages\aiogram\client\bot.py", line 514, in __call__
    return await self.session(self, method, timeout=request_timeout)
           ^^^^^^^^^^^^^^^^^^^^^^^^^^^^^^^^^^^^^^^^^^^^^^^^^^^^^^^^^
  File "C:\Users\Олег\Desktop\Simple\NozkuBot\venv\Lib\site-packages\aiogram\client\session\base.py", line 259, in __call__
    return cast(TelegramType, await middleware(bot, method))
                              ^^^^^^^^^^^^^^^^^^^^^^^^^^^^^
  File "C:\Users\Олег\Desktop\Simple\NozkuBot\venv\Lib\site-packages\aiogram\client\session\aiohttp.py", line 177, in make_request
    response = self.check_response(
               ^^^^^^^^^^^^^^^^^^^^
  File "C:\Users\Олег\Desktop\Simple\NozkuBot\venv\Lib\site-packages\aiogram\client\session\base.py", line 121, in check_response
    raise TelegramBadRequest(method=method, message=description)
aiogram.exceptions.TelegramBadRequest: Telegram server says - Bad Request: message is not modified: specified new message content and reply markup are exactly the same as a current content and reply markup of the message
INFO:aiogram.event:Update id=150675875 is handled. Duration 358 ms by bot id=8998435518
INFO:aiogram.event:Update id=150675876 is handled. Duration 62 ms by bot id=8998435518
INFO:aiogram.event:Update id=150675877 is handled. Duration 233 ms by bot id=8998435518
INFO:aiogram.event:Update id=150675878 is handled. Duration 250 ms by bot id=8998435518
INFO:aiogram.event:Update id=150675879 is not handled. Duration 219 ms by bot id=8998435518
ERROR:aiogram.event:Cause exception while process update id=150675879 by bot id=8998435518
TelegramBadRequest: Telegram server says - Bad Request: message is not modified: specified new message content and reply markup are exactly the same as a current content and reply markup of the message
Traceback (most recent call last):
  File "C:\Users\Олег\Desktop\Simple\NozkuBot\venv\Lib\site-packages\aiogram\dispatcher\dispatcher.py", line 320, in _process_update
    response = await self.feed_update(bot, update, **kwargs)
               ^^^^^^^^^^^^^^^^^^^^^^^^^^^^^^^^^^^^^^^^^^^^^
  File "C:\Users\Олег\Desktop\Simple\NozkuBot\venv\Lib\site-packages\aiogram\dispatcher\dispatcher.py", line 164, in feed_update
    response = await self.update.wrap_outer_middleware(
               ^^^^^^^^^^^^^^^^^^^^^^^^^^^^^^^^^^^^^^^^
  File "C:\Users\Олег\Desktop\Simple\NozkuBot\venv\Lib\site-packages\aiogram\dispatcher\middlewares\error.py", line 27, in __call__
    return await handler(event, data)
           ^^^^^^^^^^^^^^^^^^^^^^^^^^
  File "C:\Users\Олег\Desktop\Simple\NozkuBot\venv\Lib\site-packages\aiogram\dispatcher\middlewares\user_context.py", line 58, in __call__
    return await handler(event, data)
           ^^^^^^^^^^^^^^^^^^^^^^^^^^
  File "C:\Users\Олег\Desktop\Simple\NozkuBot\venv\Lib\site-packages\aiogram\fsm\middleware.py", line 43, in __call__
    return await handler(event, data)
           ^^^^^^^^^^^^^^^^^^^^^^^^^^
  File "C:\Users\Олег\Desktop\Simple\NozkuBot\app\middleware\anti_spam_middleware.py", line 47, in __call__
    return await handler(event, data)
           ^^^^^^^^^^^^^^^^^^^^^^^^^^
  File "C:\Users\Олег\Desktop\Simple\NozkuBot\venv\Lib\site-packages\aiogram\dispatcher\event\telegram.py", line 126, in trigger
    return await wrapped_inner(event, kwargs)
           ^^^^^^^^^^^^^^^^^^^^^^^^^^^^^^^^^^
  File "C:\Users\Олег\Desktop\Simple\NozkuBot\venv\Lib\site-packages\aiogram\dispatcher\event\handler.py", line 71, in call
    return await wrapped()
           ^^^^^^^^^^^^^^^
  File "C:\Users\Олег\Desktop\Simple\NozkuBot\venv\Lib\site-packages\aiogram\dispatcher\dispatcher.py", line 283, in _listen_update
    return await self.propagate_event(update_type=update_type, event=event, **kwargs)
           ^^^^^^^^^^^^^^^^^^^^^^^^^^^^^^^^^^^^^^^^^^^^^^^^^^^^^^^^^^^^^^^^^^^^^^^^^^
  File "C:\Users\Олег\Desktop\Simple\NozkuBot\venv\Lib\site-packages\aiogram\dispatcher\router.py", line 167, in propagate_event
    return await observer.wrap_outer_middleware(_wrapped, event=event, data=kwargs)
           ^^^^^^^^^^^^^^^^^^^^^^^^^^^^^^^^^^^^^^^^^^^^^^^^^^^^^^^^^^^^^^^^^^^^^^^^
  File "C:\Users\Олег\Desktop\Simple\NozkuBot\venv\Lib\site-packages\aiogram\dispatcher\router.py", line 159, in _wrapped
    return await self._propagate_event(
           ^^^^^^^^^^^^^^^^^^^^^^^^^^^^
  File "C:\Users\Олег\Desktop\Simple\NozkuBot\venv\Lib\site-packages\aiogram\dispatcher\router.py", line 195, in _propagate_event
    response = await router.propagate_event(update_type=update_type, event=event, **kwargs)
               ^^^^^^^^^^^^^^^^^^^^^^^^^^^^^^^^^^^^^^^^^^^^^^^^^^^^^^^^^^^^^^^^^^^^^^^^^^^^
  File "C:\Users\Олег\Desktop\Simple\NozkuBot\venv\Lib\site-packages\aiogram\dispatcher\router.py", line 167, in propagate_event
    return await observer.wrap_outer_middleware(_wrapped, event=event, data=kwargs)
           ^^^^^^^^^^^^^^^^^^^^^^^^^^^^^^^^^^^^^^^^^^^^^^^^^^^^^^^^^^^^^^^^^^^^^^^^
  File "C:\Users\Олег\Desktop\Simple\NozkuBot\venv\Lib\site-packages\aiogram\dispatcher\router.py", line 159, in _wrapped
    return await self._propagate_event(
           ^^^^^^^^^^^^^^^^^^^^^^^^^^^^
  File "C:\Users\Олег\Desktop\Simple\NozkuBot\venv\Lib\site-packages\aiogram\dispatcher\router.py", line 187, in _propagate_event
    response = await observer.trigger(event, **kwargs)
               ^^^^^^^^^^^^^^^^^^^^^^^^^^^^^^^^^^^^^^^
  File "C:\Users\Олег\Desktop\Simple\NozkuBot\venv\Lib\site-packages\aiogram\dispatcher\event\telegram.py", line 126, in trigger
    return await wrapped_inner(event, kwargs)
           ^^^^^^^^^^^^^^^^^^^^^^^^^^^^^^^^^^
  File "C:\Users\Олег\Desktop\Simple\NozkuBot\venv\Lib\site-packages\aiogram\dispatcher\event\handler.py", line 71, in call
    return await wrapped()
           ^^^^^^^^^^^^^^^
  File "C:\Users\Олег\Desktop\Simple\NozkuBot\app\handlers\handler_rating.py", line 42, in rating_cute_femboys
    await callback.message.edit_reply_markup(callback.inline_message_id, reply_markup=keyboard_rating_cute_femboys_legs.markup)
  File "C:\Users\Олег\Desktop\Simple\NozkuBot\venv\Lib\site-packages\aiogram\methods\base.py", line 82, in emit
    return await bot(self)
           ^^^^^^^^^^^^^^^
  File "C:\Users\Олег\Desktop\Simple\NozkuBot\venv\Lib\site-packages\aiogram\client\bot.py", line 514, in __call__
    return await self.session(self, method, timeout=request_timeout)
           ^^^^^^^^^^^^^^^^^^^^^^^^^^^^^^^^^^^^^^^^^^^^^^^^^^^^^^^^^
  File "C:\Users\Олег\Desktop\Simple\NozkuBot\venv\Lib\site-packages\aiogram\client\session\base.py", line 259, in __call__
    return cast(TelegramType, await middleware(bot, method))
                              ^^^^^^^^^^^^^^^^^^^^^^^^^^^^^
  File "C:\Users\Олег\Desktop\Simple\NozkuBot\venv\Lib\site-packages\aiogram\client\session\aiohttp.py", line 177, in make_request
    response = self.check_response(
               ^^^^^^^^^^^^^^^^^^^^
  File "C:\Users\Олег\Desktop\Simple\NozkuBot\venv\Lib\site-packages\aiogram\client\session\base.py", line 121, in check_response
    raise TelegramBadRequest(method=method, message=description)
aiogram.exceptions.TelegramBadRequest: Telegram server says - Bad Request: message is not modified: specified new message content and reply markup are exactly the same as a current content and reply markup of the message
INFO:aiogram.dispatcher:Start polling
INFO:aiogram.dispatcher:Run polling for bot @FemRankBot id=8998435518 - 'FemRank'
INFO:aiogram.event:Update id=150675880 is handled. Duration 375 ms by bot id=8998435518
INFO:aiogram.event:Update id=150675881 is handled. Duration 77 ms by bot id=8998435518
INFO:aiogram.event:Update id=150675882 is handled. Duration 233 ms by bot id=8998435518
INFO:aiogram.event:Update id=150675883 is handled. Duration 172 ms by bot id=8998435518
INFO:aiogram.event:Update id=150675884 is handled. Duration 172 ms by bot id=8998435518
INFO:aiogram.event:Update id=150675885 is handled. Duration 125 ms by bot id=8998435518
INFO:aiogram.event:Update id=150675886 is handled. Duration 125 ms by bot id=8998435518
INFO:aiogram.event:Update id=150675887 is handled. Duration 0 ms by bot id=8998435518
INFO:aiogram.event:Update id=150675888 is handled. Duration 125 ms by bot id=8998435518
INFO:aiogram.event:Update id=150675889 is handled. Duration 171 ms by bot id=8998435518
INFO:aiogram.event:Update id=150675890 is handled. Duration 156 ms by bot id=8998435518
INFO:aiogram.dispatcher:Start polling
INFO:aiogram.dispatcher:Run polling for bot @FemRankBot id=8998435518 - 'FemRank'
INFO:aiogram.dispatcher:Start polling
INFO:aiogram.dispatcher:Run polling for bot @FemRankBot id=8998435518 - 'FemRank'
INFO:aiogram.event:Update id=150675891 is handled. Duration 360 ms by bot id=8998435518
INFO:aiogram.event:Update id=150675892 is handled. Duration 62 ms by bot id=8998435518
INFO:aiogram.event:Update id=150675893 is handled. Duration 452 ms by bot id=8998435518
INFO:aiogram.event:Update id=150675894 is handled. Duration 156 ms by bot id=8998435518
INFO:aiogram.event:Update id=150675895 is handled. Duration 125 ms by bot id=8998435518
INFO:aiogram.event:Update id=150675896 is handled. Duration 140 ms by bot id=8998435518
INFO:aiogram.event:Update id=150675897 is handled. Duration 110 ms by bot id=8998435518
INFO:aiogram.event:Update id=150675898 is not handled. Duration 0 ms by bot id=8998435518
ERROR:aiogram.event:Cause exception while process update id=150675898 by bot id=8998435518
TypeError: 'str' object is not callable
Traceback (most recent call last):
  File "C:\Users\Олег\Desktop\Simple\NozkuBot\venv\Lib\site-packages\aiogram\dispatcher\dispatcher.py", line 320, in _process_update
    response = await self.feed_update(bot, update, **kwargs)
               ^^^^^^^^^^^^^^^^^^^^^^^^^^^^^^^^^^^^^^^^^^^^^
  File "C:\Users\Олег\Desktop\Simple\NozkuBot\venv\Lib\site-packages\aiogram\dispatcher\dispatcher.py", line 164, in feed_update
    response = await self.update.wrap_outer_middleware(
               ^^^^^^^^^^^^^^^^^^^^^^^^^^^^^^^^^^^^^^^^
  File "C:\Users\Олег\Desktop\Simple\NozkuBot\venv\Lib\site-packages\aiogram\dispatcher\middlewares\error.py", line 27, in __call__
    return await handler(event, data)
           ^^^^^^^^^^^^^^^^^^^^^^^^^^
  File "C:\Users\Олег\Desktop\Simple\NozkuBot\venv\Lib\site-packages\aiogram\dispatcher\middlewares\user_context.py", line 58, in __call__
    return await handler(event, data)
           ^^^^^^^^^^^^^^^^^^^^^^^^^^
  File "C:\Users\Олег\Desktop\Simple\NozkuBot\venv\Lib\site-packages\aiogram\fsm\middleware.py", line 43, in __call__
    return await handler(event, data)
           ^^^^^^^^^^^^^^^^^^^^^^^^^^
  File "C:\Users\Олег\Desktop\Simple\NozkuBot\app\middleware\anti_spam_middleware.py", line 47, in __call__
    return await handler(event, data)
           ^^^^^^^^^^^^^^^^^^^^^^^^^^
  File "C:\Users\Олег\Desktop\Simple\NozkuBot\venv\Lib\site-packages\aiogram\dispatcher\event\telegram.py", line 126, in trigger
    return await wrapped_inner(event, kwargs)
           ^^^^^^^^^^^^^^^^^^^^^^^^^^^^^^^^^^
  File "C:\Users\Олег\Desktop\Simple\NozkuBot\venv\Lib\site-packages\aiogram\dispatcher\event\handler.py", line 71, in call
    return await wrapped()
           ^^^^^^^^^^^^^^^
  File "C:\Users\Олег\Desktop\Simple\NozkuBot\venv\Lib\site-packages\aiogram\dispatcher\dispatcher.py", line 283, in _listen_update
    return await self.propagate_event(update_type=update_type, event=event, **kwargs)
           ^^^^^^^^^^^^^^^^^^^^^^^^^^^^^^^^^^^^^^^^^^^^^^^^^^^^^^^^^^^^^^^^^^^^^^^^^^
  File "C:\Users\Олег\Desktop\Simple\NozkuBot\venv\Lib\site-packages\aiogram\dispatcher\router.py", line 167, in propagate_event
    return await observer.wrap_outer_middleware(_wrapped, event=event, data=kwargs)
           ^^^^^^^^^^^^^^^^^^^^^^^^^^^^^^^^^^^^^^^^^^^^^^^^^^^^^^^^^^^^^^^^^^^^^^^^
  File "C:\Users\Олег\Desktop\Simple\NozkuBot\venv\Lib\site-packages\aiogram\dispatcher\router.py", line 159, in _wrapped
    return await self._propagate_event(
           ^^^^^^^^^^^^^^^^^^^^^^^^^^^^
  File "C:\Users\Олег\Desktop\Simple\NozkuBot\venv\Lib\site-packages\aiogram\dispatcher\router.py", line 195, in _propagate_event
    response = await router.propagate_event(update_type=update_type, event=event, **kwargs)
               ^^^^^^^^^^^^^^^^^^^^^^^^^^^^^^^^^^^^^^^^^^^^^^^^^^^^^^^^^^^^^^^^^^^^^^^^^^^^
  File "C:\Users\Олег\Desktop\Simple\NozkuBot\venv\Lib\site-packages\aiogram\dispatcher\router.py", line 167, in propagate_event
    return await observer.wrap_outer_middleware(_wrapped, event=event, data=kwargs)
           ^^^^^^^^^^^^^^^^^^^^^^^^^^^^^^^^^^^^^^^^^^^^^^^^^^^^^^^^^^^^^^^^^^^^^^^^
  File "C:\Users\Олег\Desktop\Simple\NozkuBot\venv\Lib\site-packages\aiogram\dispatcher\router.py", line 159, in _wrapped
    return await self._propagate_event(
           ^^^^^^^^^^^^^^^^^^^^^^^^^^^^
  File "C:\Users\Олег\Desktop\Simple\NozkuBot\venv\Lib\site-packages\aiogram\dispatcher\router.py", line 187, in _propagate_event
    response = await observer.trigger(event, **kwargs)
               ^^^^^^^^^^^^^^^^^^^^^^^^^^^^^^^^^^^^^^^
  File "C:\Users\Олег\Desktop\Simple\NozkuBot\venv\Lib\site-packages\aiogram\dispatcher\event\telegram.py", line 126, in trigger
    return await wrapped_inner(event, kwargs)
           ^^^^^^^^^^^^^^^^^^^^^^^^^^^^^^^^^^
  File "C:\Users\Олег\Desktop\Simple\NozkuBot\venv\Lib\site-packages\aiogram\dispatcher\event\handler.py", line 71, in call
    return await wrapped()
           ^^^^^^^^^^^^^^^
  File "C:\Users\Олег\Desktop\Simple\NozkuBot\app\handlers\handler_rating.py", line 52, in rating_cute_femboys
    data = callback.data()
           ^^^^^^^^^^^^^^^
TypeError: 'str' object is not callable
INFO:aiogram.dispatcher:Start polling
INFO:aiogram.dispatcher:Run polling for bot @FemRankBot id=8998435518 - 'FemRank'
INFO:aiogram.event:Update id=150675899 is handled. Duration 389 ms by bot id=8998435518
INFO:aiogram.event:Update id=150675900 is handled. Duration 93 ms by bot id=8998435518
INFO:aiogram.event:Update id=150675901 is handled. Duration 187 ms by bot id=8998435518
INFO:aiogram.event:Update id=150675902 is handled. Duration 187 ms by bot id=8998435518
INFO:aiogram.event:Update id=150675903 is handled. Duration 156 ms by bot id=8998435518
INFO:aiogram.event:Update id=150675904 is handled. Duration 125 ms by bot id=8998435518
INFO:aiogram.event:Update id=150675905 is handled. Duration 141 ms by bot id=8998435518
INFO:aiogram.event:Update id=150675906 is handled. Duration 171 ms by bot id=8998435518
INFO:aiogram.event:Update id=150675907 is handled. Duration 172 ms by bot id=8998435518
INFO:aiogram.event:Update id=150675908 is handled. Duration 187 ms by bot id=8998435518
INFO:aiogram.event:Update id=150675909 is handled. Duration 156 ms by bot id=8998435518
INFO:aiogram.event:Update id=150675910 is handled. Duration 139 ms by bot id=8998435518
INFO:aiogram.event:Update id=150675911 is handled. Duration 171 ms by bot id=8998435518
INFO:aiogram.event:Update id=150675912 is handled. Duration 156 ms by bot id=8998435518
INFO:aiogram.event:Update id=150675913 is handled. Duration 250 ms by bot id=8998435518
INFO:aiogram.event:Update id=150675914 is handled. Duration 78 ms by bot id=8998435518
INFO:aiogram.event:Update id=150675915 is not handled. Duration 0 ms by bot id=8998435518
INFO:aiogram.event:Update id=150675916 is handled. Duration 92 ms by bot id=8998435518
INFO:aiogram.event:Update id=150675917 is not handled. Duration 0 ms by bot id=8998435518
INFO:aiogram.dispatcher:Start polling
INFO:aiogram.dispatcher:Run polling for bot @FemRankBot id=8998435518 - 'FemRank'
INFO:aiogram.dispatcher:Start polling
INFO:aiogram.dispatcher:Start polling
INFO:aiogram.dispatcher:Run polling for bot @FemRankBot id=8998435518 - 'FemRank'
INFO:aiogram.dispatcher:Start polling
INFO:aiogram.dispatcher:Run polling for bot @FemRankBot id=8998435518 - 'FemRank'
INFO:aiogram.dispatcher:Start polling
INFO:aiogram.dispatcher:Run polling for bot @FemRankBot id=8998435518 - 'FemRank'
INFO:aiogram.dispatcher:Start polling
INFO:aiogram.dispatcher:Run polling for bot @FemRankBot id=8998435518 - 'FemRank'
INFO:aiogram.dispatcher:Start polling
INFO:aiogram.dispatcher:Start polling
INFO:aiogram.dispatcher:Run polling for bot @FemRankBot id=8998435518 - 'FemRank'
INFO:aiogram.dispatcher:Start polling
INFO:aiogram.dispatcher:Run polling for bot @FemRankBot id=8998435518 - 'FemRank'
INFO:aiogram.dispatcher:Start polling
INFO:aiogram.dispatcher:Run polling for bot @FemRankBot id=8998435518 - 'FemRank'
INFO:aiogram.event:Update id=150675918 is handled. Duration 30 ms by bot id=8998435518
INFO:aiogram.dispatcher:Start polling
INFO:aiogram.dispatcher:Run polling for bot @FemRankBot id=8998435518 - 'FemRank'
INFO:aiogram.event:Update id=150675920 is not handled. Duration 16 ms by bot id=8998435518
INFO:aiogram.event:Update id=150675919 is handled. Duration 531 ms by bot id=8998435518
INFO:aiogram.event:Update id=150675922 is not handled. Duration 0 ms by bot id=8998435518
INFO:aiogram.event:Update id=150675921 is handled. Duration 139 ms by bot id=8998435518
INFO:aiogram.event:Update id=150675923 is handled. Duration 156 ms by bot id=8998435518
INFO:aiogram.event:Update id=150675924 is handled. Duration 0 ms by bot id=8998435518
INFO:aiogram.event:Update id=150675925 is handled. Duration 77 ms by bot id=8998435518
INFO:aiogram.event:Update id=150675926 is handled. Duration 0 ms by bot id=8998435518
INFO:aiogram.dispatcher:Start polling
INFO:aiogram.dispatcher:Run polling for bot @FemRankBot id=8998435518 - 'FemRank'
INFO:aiogram.event:Update id=150675927 is handled. Duration 422 ms by bot id=8998435518
INFO:aiogram.event:Update id=150675928 is handled. Duration 141 ms by bot id=8998435518
INFO:aiogram.event:Update id=150675930 is not handled. Duration 0 ms by bot id=8998435518
INFO:aiogram.event:Update id=150675929 is handled. Duration 93 ms by bot id=8998435518
INFO:aiogram.event:Update id=150675932 is not handled. Duration 0 ms by bot id=8998435518
INFO:aiogram.event:Update id=150675931 is handled. Duration 717 ms by bot id=8998435518
INFO:aiogram.event:Update id=150675933 is handled. Duration 172 ms by bot id=8998435518
INFO:aiogram.dispatcher:Start polling
INFO:aiogram.dispatcher:Run polling for bot @FemRankBot id=8998435518 - 'FemRank'
INFO:aiogram.dispatcher:Start polling
INFO:aiogram.dispatcher:Run polling for bot @FemRankBot id=8998435518 - 'FemRank'
INFO:aiogram.event:Update id=150675935 is not handled. Duration 14 ms by bot id=8998435518
INFO:aiogram.event:Update id=150675934 is handled. Duration 468 ms by bot id=8998435518
INFO:aiogram.event:Update id=150675937 is not handled. Duration 0 ms by bot id=8998435518
INFO:aiogram.event:Update id=150675936 is handled. Duration 171 ms by bot id=8998435518
INFO:aiogram.event:Update id=150675939 is not handled. Duration 14 ms by bot id=8998435518
INFO:aiogram.event:Update id=150675938 is handled. Duration 141 ms by bot id=8998435518
INFO:aiogram.event:Update id=150675941 is not handled. Duration 16 ms by bot id=8998435518
INFO:aiogram.event:Update id=150675940 is handled. Duration 594 ms by bot id=8998435518
INFO:aiogram.event:Update id=150675942 is handled. Duration 250 ms by bot id=8998435518
INFO:aiogram.dispatcher:Start polling
INFO:aiogram.dispatcher:Run polling for bot @FemRankBot id=8998435518 - 'FemRank'
INFO:aiogram.dispatcher:Start polling
INFO:aiogram.dispatcher:Run polling for bot @FemRankBot id=8998435518 - 'FemRank'
INFO:aiogram.event:Update id=150675943 is handled. Duration 391 ms by bot id=8998435518
INFO:aiogram.event:Update id=150675944 is handled. Duration 265 ms by bot id=8998435518
INFO:aiogram.dispatcher:Start polling
INFO:aiogram.dispatcher:Run polling for bot @FemRankBot id=8998435518 - 'FemRank'
INFO:aiogram.event:Update id=150675945 is handled. Duration 343 ms by bot id=8998435518
INFO:aiogram.event:Update id=150675946 is handled. Duration 469 ms by bot id=8998435518
INFO:aiogram.dispatcher:Start polling
INFO:aiogram.dispatcher:Run polling for bot @FemRankBot id=8998435518 - 'FemRank'
INFO:aiogram.event:Update id=150675947 is handled. Duration 14 ms by bot id=8998435518
INFO:aiogram.event:Update id=150675948 is handled. Duration 0 ms by bot id=8998435518
INFO:aiogram.dispatcher:Start polling
INFO:aiogram.dispatcher:Run polling for bot @FemRankBot id=8998435518 - 'FemRank'
INFO:aiogram.dispatcher:Start polling
INFO:aiogram.dispatcher:Run polling for bot @FemRankBot id=8998435518 - 'FemRank'
INFO:aiogram.event:Update id=150675949 is handled. Duration 343 ms by bot id=8998435518
INFO:aiogram.event:Update id=150675950 is handled. Duration 77 ms by bot id=8998435518
INFO:aiogram.event:Update id=150675951 is handled. Duration 78 ms by bot id=8998435518
INFO:aiogram.event:Update id=150675952 is not handled. Duration 14 ms by bot id=8998435518
ERROR:aiogram.event:Cause exception while process update id=150675952 by bot id=8998435518
ValidationError: 4 validation errors for SendMessage
reply_markup.InlineKeyboardMarkup
  Input should be a valid dictionary or instance of InlineKeyboardMarkup [type=model_type, input_value=<coroutine object Dinamic...d at 0x000001F42EEF1E70>, input_type=coroutine]
    For further information visit https://errors.pydantic.dev/2.13/v/model_type
reply_markup.ReplyKeyboardMarkup
  Input should be a valid dictionary or instance of ReplyKeyboardMarkup [type=model_type, input_value=<coroutine object Dinamic...d at 0x000001F42EEF1E70>, input_type=coroutine]
    For further information visit https://errors.pydantic.dev/2.13/v/model_type
reply_markup.ReplyKeyboardRemove
  Input should be a valid dictionary or instance of ReplyKeyboardRemove [type=model_type, input_value=<coroutine object Dinamic...d at 0x000001F42EEF1E70>, input_type=coroutine]
    For further information visit https://errors.pydantic.dev/2.13/v/model_type
reply_markup.ForceReply
  Input should be a valid dictionary or instance of ForceReply [type=model_type, input_value=<coroutine object Dinamic...d at 0x000001F42EEF1E70>, input_type=coroutine]
    For further information visit https://errors.pydantic.dev/2.13/v/model_type
Traceback (most recent call last):
  File "C:\Users\Олег\Desktop\Simple\NozkuBot\venv\Lib\site-packages\aiogram\dispatcher\dispatcher.py", line 320, in _process_update
    response = await self.feed_update(bot, update, **kwargs)
               ^^^^^^^^^^^^^^^^^^^^^^^^^^^^^^^^^^^^^^^^^^^^^
  File "C:\Users\Олег\Desktop\Simple\NozkuBot\venv\Lib\site-packages\aiogram\dispatcher\dispatcher.py", line 164, in feed_update
    response = await self.update.wrap_outer_middleware(
               ^^^^^^^^^^^^^^^^^^^^^^^^^^^^^^^^^^^^^^^^
  File "C:\Users\Олег\Desktop\Simple\NozkuBot\venv\Lib\site-packages\aiogram\dispatcher\middlewares\error.py", line 27, in __call__
    return await handler(event, data)
           ^^^^^^^^^^^^^^^^^^^^^^^^^^
  File "C:\Users\Олег\Desktop\Simple\NozkuBot\venv\Lib\site-packages\aiogram\dispatcher\middlewares\user_context.py", line 58, in __call__
    return await handler(event, data)
           ^^^^^^^^^^^^^^^^^^^^^^^^^^
  File "C:\Users\Олег\Desktop\Simple\NozkuBot\venv\Lib\site-packages\aiogram\fsm\middleware.py", line 43, in __call__
    return await handler(event, data)
           ^^^^^^^^^^^^^^^^^^^^^^^^^^
  File "C:\Users\Олег\Desktop\Simple\NozkuBot\app\middleware\anti_spam_middleware.py", line 73, in __call__
    return await handler(event, data)
           ^^^^^^^^^^^^^^^^^^^^^^^^^^
  File "C:\Users\Олег\Desktop\Simple\NozkuBot\venv\Lib\site-packages\aiogram\dispatcher\event\telegram.py", line 126, in trigger
    return await wrapped_inner(event, kwargs)
           ^^^^^^^^^^^^^^^^^^^^^^^^^^^^^^^^^^
  File "C:\Users\Олег\Desktop\Simple\NozkuBot\venv\Lib\site-packages\aiogram\dispatcher\event\handler.py", line 71, in call
    return await wrapped()
           ^^^^^^^^^^^^^^^
  File "C:\Users\Олег\Desktop\Simple\NozkuBot\venv\Lib\site-packages\aiogram\dispatcher\dispatcher.py", line 283, in _listen_update
    return await self.propagate_event(update_type=update_type, event=event, **kwargs)
           ^^^^^^^^^^^^^^^^^^^^^^^^^^^^^^^^^^^^^^^^^^^^^^^^^^^^^^^^^^^^^^^^^^^^^^^^^^
  File "C:\Users\Олег\Desktop\Simple\NozkuBot\venv\Lib\site-packages\aiogram\dispatcher\router.py", line 167, in propagate_event
    return await observer.wrap_outer_middleware(_wrapped, event=event, data=kwargs)
           ^^^^^^^^^^^^^^^^^^^^^^^^^^^^^^^^^^^^^^^^^^^^^^^^^^^^^^^^^^^^^^^^^^^^^^^^
  File "C:\Users\Олег\Desktop\Simple\NozkuBot\venv\Lib\site-packages\aiogram\dispatcher\router.py", line 159, in _wrapped
    return await self._propagate_event(
           ^^^^^^^^^^^^^^^^^^^^^^^^^^^^
  File "C:\Users\Олег\Desktop\Simple\NozkuBot\venv\Lib\site-packages\aiogram\dispatcher\router.py", line 195, in _propagate_event
    response = await router.propagate_event(update_type=update_type, event=event, **kwargs)
               ^^^^^^^^^^^^^^^^^^^^^^^^^^^^^^^^^^^^^^^^^^^^^^^^^^^^^^^^^^^^^^^^^^^^^^^^^^^^
  File "C:\Users\Олег\Desktop\Simple\NozkuBot\venv\Lib\site-packages\aiogram\dispatcher\router.py", line 167, in propagate_event
    return await observer.wrap_outer_middleware(_wrapped, event=event, data=kwargs)
           ^^^^^^^^^^^^^^^^^^^^^^^^^^^^^^^^^^^^^^^^^^^^^^^^^^^^^^^^^^^^^^^^^^^^^^^^
  File "C:\Users\Олег\Desktop\Simple\NozkuBot\venv\Lib\site-packages\aiogram\dispatcher\router.py", line 159, in _wrapped
    return await self._propagate_event(
           ^^^^^^^^^^^^^^^^^^^^^^^^^^^^
  File "C:\Users\Олег\Desktop\Simple\NozkuBot\venv\Lib\site-packages\aiogram\dispatcher\router.py", line 187, in _propagate_event
    response = await observer.trigger(event, **kwargs)
               ^^^^^^^^^^^^^^^^^^^^^^^^^^^^^^^^^^^^^^^
  File "C:\Users\Олег\Desktop\Simple\NozkuBot\venv\Lib\site-packages\aiogram\dispatcher\event\telegram.py", line 126, in trigger
    return await wrapped_inner(event, kwargs)
           ^^^^^^^^^^^^^^^^^^^^^^^^^^^^^^^^^^
  File "C:\Users\Олег\Desktop\Simple\NozkuBot\venv\Lib\site-packages\aiogram\dispatcher\event\handler.py", line 71, in call
    return await wrapped()
           ^^^^^^^^^^^^^^^
  File "C:\Users\Олег\Desktop\Simple\NozkuBot\app\handlers\handler_groups.py", line 15, in groups_start
    await message.answer("Выберите группу", reply_markup=DinamicKeyboard(1, 3, 'no', 0, f'groups_{message.from_user.id}').generate_keyboard())
          ^^^^^^^^^^^^^^^^^^^^^^^^^^^^^^^^^^^^^^^^^^^^^^^^^^^^^^^^^^^^^^^^^^^^^^^^^^^^^^^^^^^^^^^^^^^^^^^^^^^^^^^^^^^^^^^^^^^^^^^^^^^^^^^^^^^^
  File "C:\Users\Олег\Desktop\Simple\NozkuBot\venv\Lib\site-packages\aiogram\types\message.py", line 2432, in answer
    return SendMessage(
           ^^^^^^^^^^^^
  File "C:\Users\Олег\Desktop\Simple\NozkuBot\venv\Lib\site-packages\pydantic\main.py", line 263, in __init__
    validated_self = self.__pydantic_validator__.validate_python(data, self_instance=self)
                     ^^^^^^^^^^^^^^^^^^^^^^^^^^^^^^^^^^^^^^^^^^^^^^^^^^^^^^^^^^^^^^^^^^^^^
pydantic_core._pydantic_core.ValidationError: 4 validation errors for SendMessage
reply_markup.InlineKeyboardMarkup
  Input should be a valid dictionary or instance of InlineKeyboardMarkup [type=model_type, input_value=<coroutine object Dinamic...d at 0x000001F42EEF1E70>, input_type=coroutine]
    For further information visit https://errors.pydantic.dev/2.13/v/model_type
reply_markup.ReplyKeyboardMarkup
  Input should be a valid dictionary or instance of ReplyKeyboardMarkup [type=model_type, input_value=<coroutine object Dinamic...d at 0x000001F42EEF1E70>, input_type=coroutine]
    For further information visit https://errors.pydantic.dev/2.13/v/model_type
reply_markup.ReplyKeyboardRemove
  Input should be a valid dictionary or instance of ReplyKeyboardRemove [type=model_type, input_value=<coroutine object Dinamic...d at 0x000001F42EEF1E70>, input_type=coroutine]
    For further information visit https://errors.pydantic.dev/2.13/v/model_type
reply_markup.ForceReply
  Input should be a valid dictionary or instance of ForceReply [type=model_type, input_value=<coroutine object Dinamic...d at 0x000001F42EEF1E70>, input_type=coroutine]
    For further information visit https://errors.pydantic.dev/2.13/v/model_type
INFO:aiogram.dispatcher:Start polling
INFO:aiogram.dispatcher:Run polling for bot @FemRankBot id=8998435518 - 'FemRank'
INFO:aiogram.event:Update id=150675953 is not handled. Duration 0 ms by bot id=8998435518
ERROR:aiogram.event:Cause exception while process update id=150675953 by bot id=8998435518
TypeError: object str can't be used in 'await' expression
Traceback (most recent call last):
  File "C:\Users\Олег\Desktop\Simple\NozkuBot\venv\Lib\site-packages\aiogram\dispatcher\dispatcher.py", line 320, in _process_update
    response = await self.feed_update(bot, update, **kwargs)
               ^^^^^^^^^^^^^^^^^^^^^^^^^^^^^^^^^^^^^^^^^^^^^
  File "C:\Users\Олег\Desktop\Simple\NozkuBot\venv\Lib\site-packages\aiogram\dispatcher\dispatcher.py", line 164, in feed_update
    response = await self.update.wrap_outer_middleware(
               ^^^^^^^^^^^^^^^^^^^^^^^^^^^^^^^^^^^^^^^^
  File "C:\Users\Олег\Desktop\Simple\NozkuBot\venv\Lib\site-packages\aiogram\dispatcher\middlewares\error.py", line 27, in __call__
    return await handler(event, data)
           ^^^^^^^^^^^^^^^^^^^^^^^^^^
  File "C:\Users\Олег\Desktop\Simple\NozkuBot\venv\Lib\site-packages\aiogram\dispatcher\middlewares\user_context.py", line 58, in __call__
    return await handler(event, data)
           ^^^^^^^^^^^^^^^^^^^^^^^^^^
  File "C:\Users\Олег\Desktop\Simple\NozkuBot\venv\Lib\site-packages\aiogram\fsm\middleware.py", line 43, in __call__
    return await handler(event, data)
           ^^^^^^^^^^^^^^^^^^^^^^^^^^
  File "C:\Users\Олег\Desktop\Simple\NozkuBot\app\middleware\anti_spam_middleware.py", line 73, in __call__
    return await handler(event, data)
           ^^^^^^^^^^^^^^^^^^^^^^^^^^
  File "C:\Users\Олег\Desktop\Simple\NozkuBot\venv\Lib\site-packages\aiogram\dispatcher\event\telegram.py", line 126, in trigger
    return await wrapped_inner(event, kwargs)
           ^^^^^^^^^^^^^^^^^^^^^^^^^^^^^^^^^^
  File "C:\Users\Олег\Desktop\Simple\NozkuBot\venv\Lib\site-packages\aiogram\dispatcher\event\handler.py", line 71, in call
    return await wrapped()
           ^^^^^^^^^^^^^^^
  File "C:\Users\Олег\Desktop\Simple\NozkuBot\venv\Lib\site-packages\aiogram\dispatcher\dispatcher.py", line 283, in _listen_update
    return await self.propagate_event(update_type=update_type, event=event, **kwargs)
           ^^^^^^^^^^^^^^^^^^^^^^^^^^^^^^^^^^^^^^^^^^^^^^^^^^^^^^^^^^^^^^^^^^^^^^^^^^
  File "C:\Users\Олег\Desktop\Simple\NozkuBot\venv\Lib\site-packages\aiogram\dispatcher\router.py", line 167, in propagate_event
    return await observer.wrap_outer_middleware(_wrapped, event=event, data=kwargs)
           ^^^^^^^^^^^^^^^^^^^^^^^^^^^^^^^^^^^^^^^^^^^^^^^^^^^^^^^^^^^^^^^^^^^^^^^^
  File "C:\Users\Олег\Desktop\Simple\NozkuBot\venv\Lib\site-packages\aiogram\dispatcher\router.py", line 159, in _wrapped
    return await self._propagate_event(
           ^^^^^^^^^^^^^^^^^^^^^^^^^^^^
  File "C:\Users\Олег\Desktop\Simple\NozkuBot\venv\Lib\site-packages\aiogram\dispatcher\router.py", line 195, in _propagate_event
    response = await router.propagate_event(update_type=update_type, event=event, **kwargs)
               ^^^^^^^^^^^^^^^^^^^^^^^^^^^^^^^^^^^^^^^^^^^^^^^^^^^^^^^^^^^^^^^^^^^^^^^^^^^^
  File "C:\Users\Олег\Desktop\Simple\NozkuBot\venv\Lib\site-packages\aiogram\dispatcher\router.py", line 167, in propagate_event
    return await observer.wrap_outer_middleware(_wrapped, event=event, data=kwargs)
           ^^^^^^^^^^^^^^^^^^^^^^^^^^^^^^^^^^^^^^^^^^^^^^^^^^^^^^^^^^^^^^^^^^^^^^^^
  File "C:\Users\Олег\Desktop\Simple\NozkuBot\venv\Lib\site-packages\aiogram\dispatcher\router.py", line 159, in _wrapped
    return await self._propagate_event(
           ^^^^^^^^^^^^^^^^^^^^^^^^^^^^
  File "C:\Users\Олег\Desktop\Simple\NozkuBot\venv\Lib\site-packages\aiogram\dispatcher\router.py", line 187, in _propagate_event
    response = await observer.trigger(event, **kwargs)
               ^^^^^^^^^^^^^^^^^^^^^^^^^^^^^^^^^^^^^^^
  File "C:\Users\Олег\Desktop\Simple\NozkuBot\venv\Lib\site-packages\aiogram\dispatcher\event\telegram.py", line 126, in trigger
    return await wrapped_inner(event, kwargs)
           ^^^^^^^^^^^^^^^^^^^^^^^^^^^^^^^^^^
  File "C:\Users\Олег\Desktop\Simple\NozkuBot\venv\Lib\site-packages\aiogram\dispatcher\event\handler.py", line 71, in call
    return await wrapped()
           ^^^^^^^^^^^^^^^
  File "C:\Users\Олег\Desktop\Simple\NozkuBot\app\handlers\handler_groups.py", line 15, in groups_start
    await message.answer("Выберите группу", reply_markup=DinamicKeyboard(1, 3, 'no', 0, await f'groups_{message.from_user.id}').generate_keyboard())
                                                                                        ^^^^^^^^^^^^^^^^^^^^^^^^^^^^^^^^^^^^^^
TypeError: object str can't be used in 'await' expression
INFO:aiogram.dispatcher:Start polling
INFO:aiogram.dispatcher:Run polling for bot @FemRankBot id=8998435518 - 'FemRank'
INFO:aiogram.dispatcher:Start polling
INFO:aiogram.dispatcher:Run polling for bot @FemRankBot id=8998435518 - 'FemRank'
INFO:aiogram.event:Update id=150675954 is not handled. Duration 14 ms by bot id=8998435518
ERROR:aiogram.event:Cause exception while process update id=150675954 by bot id=8998435518
TypeError: DB_Group.__init__() missing 1 required positional argument: 'PATH_TO_DB'
Traceback (most recent call last):
  File "C:\Users\Олег\Desktop\Simple\NozkuBot\venv\Lib\site-packages\aiogram\dispatcher\dispatcher.py", line 320, in _process_update
    response = await self.feed_update(bot, update, **kwargs)
               ^^^^^^^^^^^^^^^^^^^^^^^^^^^^^^^^^^^^^^^^^^^^^
  File "C:\Users\Олег\Desktop\Simple\NozkuBot\venv\Lib\site-packages\aiogram\dispatcher\dispatcher.py", line 164, in feed_update
    response = await self.update.wrap_outer_middleware(
               ^^^^^^^^^^^^^^^^^^^^^^^^^^^^^^^^^^^^^^^^
  File "C:\Users\Олег\Desktop\Simple\NozkuBot\venv\Lib\site-packages\aiogram\dispatcher\middlewares\error.py", line 27, in __call__
    return await handler(event, data)
           ^^^^^^^^^^^^^^^^^^^^^^^^^^
  File "C:\Users\Олег\Desktop\Simple\NozkuBot\venv\Lib\site-packages\aiogram\dispatcher\middlewares\user_context.py", line 58, in __call__
    return await handler(event, data)
           ^^^^^^^^^^^^^^^^^^^^^^^^^^
  File "C:\Users\Олег\Desktop\Simple\NozkuBot\venv\Lib\site-packages\aiogram\fsm\middleware.py", line 43, in __call__
    return await handler(event, data)
           ^^^^^^^^^^^^^^^^^^^^^^^^^^
  File "C:\Users\Олег\Desktop\Simple\NozkuBot\app\middleware\anti_spam_middleware.py", line 73, in __call__
    return await handler(event, data)
           ^^^^^^^^^^^^^^^^^^^^^^^^^^
  File "C:\Users\Олег\Desktop\Simple\NozkuBot\venv\Lib\site-packages\aiogram\dispatcher\event\telegram.py", line 126, in trigger
    return await wrapped_inner(event, kwargs)
           ^^^^^^^^^^^^^^^^^^^^^^^^^^^^^^^^^^
  File "C:\Users\Олег\Desktop\Simple\NozkuBot\venv\Lib\site-packages\aiogram\dispatcher\event\handler.py", line 71, in call
    return await wrapped()
           ^^^^^^^^^^^^^^^
  File "C:\Users\Олег\Desktop\Simple\NozkuBot\venv\Lib\site-packages\aiogram\dispatcher\dispatcher.py", line 283, in _listen_update
    return await self.propagate_event(update_type=update_type, event=event, **kwargs)
           ^^^^^^^^^^^^^^^^^^^^^^^^^^^^^^^^^^^^^^^^^^^^^^^^^^^^^^^^^^^^^^^^^^^^^^^^^^
  File "C:\Users\Олег\Desktop\Simple\NozkuBot\venv\Lib\site-packages\aiogram\dispatcher\router.py", line 167, in propagate_event
    return await observer.wrap_outer_middleware(_wrapped, event=event, data=kwargs)
           ^^^^^^^^^^^^^^^^^^^^^^^^^^^^^^^^^^^^^^^^^^^^^^^^^^^^^^^^^^^^^^^^^^^^^^^^
  File "C:\Users\Олег\Desktop\Simple\NozkuBot\venv\Lib\site-packages\aiogram\dispatcher\router.py", line 159, in _wrapped
    return await self._propagate_event(
           ^^^^^^^^^^^^^^^^^^^^^^^^^^^^
  File "C:\Users\Олег\Desktop\Simple\NozkuBot\venv\Lib\site-packages\aiogram\dispatcher\router.py", line 195, in _propagate_event
    response = await router.propagate_event(update_type=update_type, event=event, **kwargs)
               ^^^^^^^^^^^^^^^^^^^^^^^^^^^^^^^^^^^^^^^^^^^^^^^^^^^^^^^^^^^^^^^^^^^^^^^^^^^^
  File "C:\Users\Олег\Desktop\Simple\NozkuBot\venv\Lib\site-packages\aiogram\dispatcher\router.py", line 167, in propagate_event
    return await observer.wrap_outer_middleware(_wrapped, event=event, data=kwargs)
           ^^^^^^^^^^^^^^^^^^^^^^^^^^^^^^^^^^^^^^^^^^^^^^^^^^^^^^^^^^^^^^^^^^^^^^^^
  File "C:\Users\Олег\Desktop\Simple\NozkuBot\venv\Lib\site-packages\aiogram\dispatcher\router.py", line 159, in _wrapped
    return await self._propagate_event(
           ^^^^^^^^^^^^^^^^^^^^^^^^^^^^
  File "C:\Users\Олег\Desktop\Simple\NozkuBot\venv\Lib\site-packages\aiogram\dispatcher\router.py", line 187, in _propagate_event
    response = await observer.trigger(event, **kwargs)
               ^^^^^^^^^^^^^^^^^^^^^^^^^^^^^^^^^^^^^^^
  File "C:\Users\Олег\Desktop\Simple\NozkuBot\venv\Lib\site-packages\aiogram\dispatcher\event\telegram.py", line 126, in trigger
    return await wrapped_inner(event, kwargs)
           ^^^^^^^^^^^^^^^^^^^^^^^^^^^^^^^^^^
  File "C:\Users\Олег\Desktop\Simple\NozkuBot\venv\Lib\site-packages\aiogram\dispatcher\event\handler.py", line 71, in call
    return await wrapped()
           ^^^^^^^^^^^^^^^
  File "C:\Users\Олег\Desktop\Simple\NozkuBot\app\handlers\handler_groups.py", line 15, in groups_start
    await message.answer("Выберите группу", reply_markup = await DinamicKeyboard(1, 3, 'no', 0, f'groups_{message.from_user.id}').generate_keyboard())
                                                           ^^^^^^^^^^^^^^^^^^^^^^^^^^^^^^^^^^^^^^^^^^^^^^^^^^^^^^^^^^^^^^^^^^^^^^^^^^^^^^^^^^^^^^^^^^
  File "C:\Users\Олег\Desktop\Simple\NozkuBot\app\utils\dinamic_keyboard.py", line 45, in generate_keyboard
    data = DB_Group()
           ^^^^^^^^^^
TypeError: DB_Group.__init__() missing 1 required positional argument: 'PATH_TO_DB'
INFO:aiogram.dispatcher:Start polling
INFO:aiogram.dispatcher:Polling stopped
INFO:root:HTTP Client says - ClientConnectorError: Cannot connect to host api.telegram.org:443 ssl:default [Превышен таймаут семафора]
INFO:aiogram.dispatcher:Start polling
INFO:aiogram.dispatcher:Run polling for bot @FemRankBot id=8998435518 - 'FemRank'
INFO:aiogram.dispatcher:Start polling
INFO:aiogram.dispatcher:Run polling for bot @FemRankBot id=8998435518 - 'FemRank'
ERROR:aiogram.dispatcher:Failed to fetch updates - TelegramConflictError: Telegram server says - Conflict: terminated by other getUpdates request; make sure that only one bot instance is running
WARNING:aiogram.dispatcher:Sleep for 1.000000 seconds and try again... (tryings = 0, bot id = 8998435518)
ERROR:aiogram.dispatcher:Failed to fetch updates - TelegramConflictError: Telegram server says - Conflict: terminated by other getUpdates request; make sure that only one bot instance is running
WARNING:aiogram.dispatcher:Sleep for 1.000000 seconds and try again... (tryings = 0, bot id = 8998435518)
ERROR:aiogram.dispatcher:Failed to fetch updates - TelegramConflictError: Telegram server says - Conflict: terminated by other getUpdates request; make sure that only one bot instance is running
WARNING:aiogram.dispatcher:Sleep for 1.323628 seconds and try again... (tryings = 1, bot id = 8998435518)
ERROR:aiogram.dispatcher:Failed to fetch updates - TelegramConflictError: Telegram server says - Conflict: terminated by other getUpdates request; make sure that only one bot instance is running
WARNING:aiogram.dispatcher:Sleep for 1.171052 seconds and try again... (tryings = 1, bot id = 8998435518)
ERROR:aiogram.dispatcher:Failed to fetch updates - TelegramConflictError: Telegram server says - Conflict: terminated by other getUpdates request; make sure that only one bot instance is running
WARNING:aiogram.dispatcher:Sleep for 1.601327 seconds and try again... (tryings = 2, bot id = 8998435518)
INFO:aiogram.dispatcher:Polling stopped
ERROR:aiogram.dispatcher:Failed to fetch updates - TelegramNetworkError: HTTP Client says - ServerDisconnectedError: Server disconnected
WARNING:aiogram.dispatcher:Sleep for 1.598467 seconds and try again... (tryings = 2, bot id = 8998435518)
INFO:aiogram.dispatcher:Polling stopped
ERROR:aiogram.dispatcher:Failed to fetch updates - TelegramNetworkError: HTTP Client says - ServerDisconnectedError: Server disconnected
WARNING:aiogram.dispatcher:Sleep for 2.330775 seconds and try again... (tryings = 3, bot id = 8998435518)
INFO:aiogram.dispatcher:Polling stopped for bot @FemRankBot id=8998435518 - 'FemRank'
INFO:root:Программа завершила работу по Ctrl + C
INFO:aiogram.dispatcher:Start polling
INFO:aiogram.dispatcher:Run polling for bot @FemRankBot id=8998435518 - 'FemRank'
INFO:aiogram.event:Update id=150675955 is handled. Duration 312 ms by bot id=8998435518
INFO:aiogram.event:Update id=150675956 is not handled. Duration 16 ms by bot id=8998435518
ERROR:aiogram.event:Cause exception while process update id=150675956 by bot id=8998435518
AttributeError: 'DB_Group' object has no attribute 'students_info'
Traceback (most recent call last):
  File "C:\Users\Олег\Desktop\Simple\NozkuBot\venv\Lib\site-packages\aiogram\dispatcher\dispatcher.py", line 320, in _process_update
    response = await self.feed_update(bot, update, **kwargs)
               ^^^^^^^^^^^^^^^^^^^^^^^^^^^^^^^^^^^^^^^^^^^^^
  File "C:\Users\Олег\Desktop\Simple\NozkuBot\venv\Lib\site-packages\aiogram\dispatcher\dispatcher.py", line 164, in feed_update
    response = await self.update.wrap_outer_middleware(
               ^^^^^^^^^^^^^^^^^^^^^^^^^^^^^^^^^^^^^^^^
  File "C:\Users\Олег\Desktop\Simple\NozkuBot\venv\Lib\site-packages\aiogram\dispatcher\middlewares\error.py", line 27, in __call__
    return await handler(event, data)
           ^^^^^^^^^^^^^^^^^^^^^^^^^^
  File "C:\Users\Олег\Desktop\Simple\NozkuBot\venv\Lib\site-packages\aiogram\dispatcher\middlewares\user_context.py", line 58, in __call__
    return await handler(event, data)
           ^^^^^^^^^^^^^^^^^^^^^^^^^^
  File "C:\Users\Олег\Desktop\Simple\NozkuBot\venv\Lib\site-packages\aiogram\fsm\middleware.py", line 43, in __call__
    return await handler(event, data)
           ^^^^^^^^^^^^^^^^^^^^^^^^^^
  File "C:\Users\Олег\Desktop\Simple\NozkuBot\app\middleware\anti_spam_middleware.py", line 73, in __call__
    return await handler(event, data)
           ^^^^^^^^^^^^^^^^^^^^^^^^^^
  File "C:\Users\Олег\Desktop\Simple\NozkuBot\venv\Lib\site-packages\aiogram\dispatcher\event\telegram.py", line 126, in trigger
    return await wrapped_inner(event, kwargs)
           ^^^^^^^^^^^^^^^^^^^^^^^^^^^^^^^^^^
  File "C:\Users\Олег\Desktop\Simple\NozkuBot\venv\Lib\site-packages\aiogram\dispatcher\event\handler.py", line 71, in call
    return await wrapped()
           ^^^^^^^^^^^^^^^
  File "C:\Users\Олег\Desktop\Simple\NozkuBot\venv\Lib\site-packages\aiogram\dispatcher\dispatcher.py", line 283, in _listen_update
    return await self.propagate_event(update_type=update_type, event=event, **kwargs)
           ^^^^^^^^^^^^^^^^^^^^^^^^^^^^^^^^^^^^^^^^^^^^^^^^^^^^^^^^^^^^^^^^^^^^^^^^^^
  File "C:\Users\Олег\Desktop\Simple\NozkuBot\venv\Lib\site-packages\aiogram\dispatcher\router.py", line 167, in propagate_event
    return await observer.wrap_outer_middleware(_wrapped, event=event, data=kwargs)
           ^^^^^^^^^^^^^^^^^^^^^^^^^^^^^^^^^^^^^^^^^^^^^^^^^^^^^^^^^^^^^^^^^^^^^^^^
  File "C:\Users\Олег\Desktop\Simple\NozkuBot\venv\Lib\site-packages\aiogram\dispatcher\router.py", line 159, in _wrapped
    return await self._propagate_event(
           ^^^^^^^^^^^^^^^^^^^^^^^^^^^^
  File "C:\Users\Олег\Desktop\Simple\NozkuBot\venv\Lib\site-packages\aiogram\dispatcher\router.py", line 195, in _propagate_event
    response = await router.propagate_event(update_type=update_type, event=event, **kwargs)
               ^^^^^^^^^^^^^^^^^^^^^^^^^^^^^^^^^^^^^^^^^^^^^^^^^^^^^^^^^^^^^^^^^^^^^^^^^^^^
  File "C:\Users\Олег\Desktop\Simple\NozkuBot\venv\Lib\site-packages\aiogram\dispatcher\router.py", line 167, in propagate_event
    return await observer.wrap_outer_middleware(_wrapped, event=event, data=kwargs)
           ^^^^^^^^^^^^^^^^^^^^^^^^^^^^^^^^^^^^^^^^^^^^^^^^^^^^^^^^^^^^^^^^^^^^^^^^
  File "C:\Users\Олег\Desktop\Simple\NozkuBot\venv\Lib\site-packages\aiogram\dispatcher\router.py", line 159, in _wrapped
    return await self._propagate_event(
           ^^^^^^^^^^^^^^^^^^^^^^^^^^^^
  File "C:\Users\Олег\Desktop\Simple\NozkuBot\venv\Lib\site-packages\aiogram\dispatcher\router.py", line 187, in _propagate_event
    response = await observer.trigger(event, **kwargs)
               ^^^^^^^^^^^^^^^^^^^^^^^^^^^^^^^^^^^^^^^
  File "C:\Users\Олег\Desktop\Simple\NozkuBot\venv\Lib\site-packages\aiogram\dispatcher\event\telegram.py", line 126, in trigger
    return await wrapped_inner(event, kwargs)
           ^^^^^^^^^^^^^^^^^^^^^^^^^^^^^^^^^^
  File "C:\Users\Олег\Desktop\Simple\NozkuBot\venv\Lib\site-packages\aiogram\dispatcher\event\handler.py", line 71, in call
    return await wrapped()
           ^^^^^^^^^^^^^^^
  File "C:\Users\Олег\Desktop\Simple\NozkuBot\app\handlers\handler_groups.py", line 15, in groups_start
    await message.answer("Выберите группу", reply_markup = await DinamicKeyboard(1, 3, 'no', 0, f'groups_{message.from_user.id}').generate_keyboard())
                                                           ^^^^^^^^^^^^^^^^^^^^^^^^^^^^^^^^^^^^^^^^^^^^^^^^^^^^^^^^^^^^^^^^^^^^^^^^^^^^^^^^^^^^^^^^^^
  File "C:\Users\Олег\Desktop\Simple\NozkuBot\app\utils\dinamic_keyboard.py", line 47, in generate_keyboard
    self.button_list = [x['full_name'] for x in data.students_info]
                                                ^^^^^^^^^^^^^^^^^^
AttributeError: 'DB_Group' object has no attribute 'students_info'
INFO:aiogram.dispatcher:Start polling
INFO:aiogram.dispatcher:Run polling for bot @FemRankBot id=8998435518 - 'FemRank'
INFO:aiogram.dispatcher:Start polling
INFO:aiogram.dispatcher:Run polling for bot @FemRankBot id=8998435518 - 'FemRank'
INFO:aiogram.dispatcher:Start polling
INFO:aiogram.dispatcher:Run polling for bot @FemRankBot id=8998435518 - 'FemRank'
INFO:aiogram.event:Update id=150675965 is handled. Duration 0 ms by bot id=8998435518
INFO:aiogram.dispatcher:Start polling
INFO:aiogram.dispatcher:Run polling for bot @FemRankBot id=8998435518 - 'FemRank'
INFO:aiogram.event:Update id=150675967 is handled. Duration 0 ms by bot id=8998435518
INFO:aiogram.event:Update id=150675966 is handled. Duration 375 ms by bot id=8998435518
INFO:aiogram.event:Update id=150675968 is handled. Duration 202 ms by bot id=8998435518
INFO:aiogram.event:Update id=150675969 is handled. Duration 77 ms by bot id=8998435518
INFO:aiogram.event:Update id=150675970 is handled. Duration 77 ms by bot id=8998435518
INFO:aiogram.event:Update id=150675971 is not handled. Duration 0 ms by bot id=8998435518
INFO:aiogram.event:Update id=150675972 is handled. Duration 141 ms by bot id=8998435518
INFO:aiogram.event:Update id=150675973 is handled. Duration 139 ms by bot id=8998435518
INFO:aiogram.event:Update id=150675974 is handled. Duration 125 ms by bot id=8998435518
INFO:aiogram.event:Update id=150675975 is handled. Duration 125 ms by bot id=8998435518
INFO:aiogram.dispatcher:Start polling
INFO:aiogram.dispatcher:Run polling for bot @FemRankBot id=8998435518 - 'FemRank'
INFO:aiogram.dispatcher:Start polling
INFO:aiogram.dispatcher:Run polling for bot @FemRankBot id=8998435518 - 'FemRank'
INFO:aiogram.dispatcher:Start polling
INFO:aiogram.dispatcher:Run polling for bot @FemRankBot id=8998435518 - 'FemRank'
INFO:aiogram.event:Update id=150675977 is handled. Duration 203 ms by bot id=8998435518
INFO:aiogram.dispatcher:Start polling
INFO:aiogram.dispatcher:Run polling for bot @FemRankBot id=8998435518 - 'FemRank'
INFO:aiogram.event:Update id=150675979 is handled. Duration 297 ms by bot id=8998435518
INFO:aiogram.event:Update id=150675980 is handled. Duration 77 ms by bot id=8998435518
INFO:aiogram.event:Update id=150675981 is not handled. Duration 0 ms by bot id=8998435518
INFO:aiogram.event:Update id=150675983 is not handled. Duration 0 ms by bot id=8998435518
INFO:aiogram.event:Update id=150675982 is handled. Duration 172 ms by bot id=8998435518
INFO:aiogram.event:Update id=150675984 is handled. Duration 77 ms by bot id=8998435518
INFO:aiogram.dispatcher:Start polling
INFO:aiogram.dispatcher:Run polling for bot @FemRankBot id=8998435518 - 'FemRank'
INFO:aiogram.dispatcher:Start polling
INFO:aiogram.dispatcher:Run polling for bot @FemRankBot id=8998435518 - 'FemRank'
INFO:aiogram.event:Update id=150675985 is handled. Duration 421 ms by bot id=8998435518
INFO:aiogram.event:Update id=150675986 is not handled. Duration 15 ms by bot id=8998435518
INFO:aiogram.dispatcher:Start polling
INFO:aiogram.dispatcher:Run polling for bot @FemRankBot id=8998435518 - 'FemRank'
INFO:aiogram.event:Update id=150675987 is handled. Duration 203 ms by bot id=8998435518
INFO:aiogram.event:Update id=150675988 is handled. Duration 61 ms by bot id=8998435518
INFO:aiogram.event:Update id=150675989 is not handled. Duration 62 ms by bot id=8998435518
ERROR:aiogram.event:Cause exception while process update id=150675989 by bot id=8998435518
ValidationError: 1 validation error for EditMessageReplyMarkup
reply_markup
  Input should be a valid dictionary or instance of InlineKeyboardMarkup [type=model_type, input_value=<coroutine object Dinamic...d at 0x000002691D391FC0>, input_type=coroutine]
    For further information visit https://errors.pydantic.dev/2.13/v/model_type
Traceback (most recent call last):
  File "C:\Users\Олег\Desktop\Simple\NozkuBot\venv\Lib\site-packages\aiogram\dispatcher\dispatcher.py", line 320, in _process_update
    response = await self.feed_update(bot, update, **kwargs)
               ^^^^^^^^^^^^^^^^^^^^^^^^^^^^^^^^^^^^^^^^^^^^^
  File "C:\Users\Олег\Desktop\Simple\NozkuBot\venv\Lib\site-packages\aiogram\dispatcher\dispatcher.py", line 164, in feed_update
    response = await self.update.wrap_outer_middleware(
               ^^^^^^^^^^^^^^^^^^^^^^^^^^^^^^^^^^^^^^^^
  File "C:\Users\Олег\Desktop\Simple\NozkuBot\venv\Lib\site-packages\aiogram\dispatcher\middlewares\error.py", line 27, in __call__
    return await handler(event, data)
           ^^^^^^^^^^^^^^^^^^^^^^^^^^
  File "C:\Users\Олег\Desktop\Simple\NozkuBot\venv\Lib\site-packages\aiogram\dispatcher\middlewares\user_context.py", line 58, in __call__
    return await handler(event, data)
           ^^^^^^^^^^^^^^^^^^^^^^^^^^
  File "C:\Users\Олег\Desktop\Simple\NozkuBot\venv\Lib\site-packages\aiogram\fsm\middleware.py", line 43, in __call__
    return await handler(event, data)
           ^^^^^^^^^^^^^^^^^^^^^^^^^^
  File "C:\Users\Олег\Desktop\Simple\NozkuBot\app\middleware\anti_spam_middleware.py", line 47, in __call__
    return await handler(event, data)
           ^^^^^^^^^^^^^^^^^^^^^^^^^^
  File "C:\Users\Олег\Desktop\Simple\NozkuBot\venv\Lib\site-packages\aiogram\dispatcher\event\telegram.py", line 126, in trigger
    return await wrapped_inner(event, kwargs)
           ^^^^^^^^^^^^^^^^^^^^^^^^^^^^^^^^^^
  File "C:\Users\Олег\Desktop\Simple\NozkuBot\venv\Lib\site-packages\aiogram\dispatcher\event\handler.py", line 71, in call
    return await wrapped()
           ^^^^^^^^^^^^^^^
  File "C:\Users\Олег\Desktop\Simple\NozkuBot\venv\Lib\site-packages\aiogram\dispatcher\dispatcher.py", line 283, in _listen_update
    return await self.propagate_event(update_type=update_type, event=event, **kwargs)
           ^^^^^^^^^^^^^^^^^^^^^^^^^^^^^^^^^^^^^^^^^^^^^^^^^^^^^^^^^^^^^^^^^^^^^^^^^^
  File "C:\Users\Олег\Desktop\Simple\NozkuBot\venv\Lib\site-packages\aiogram\dispatcher\router.py", line 167, in propagate_event
    return await observer.wrap_outer_middleware(_wrapped, event=event, data=kwargs)
           ^^^^^^^^^^^^^^^^^^^^^^^^^^^^^^^^^^^^^^^^^^^^^^^^^^^^^^^^^^^^^^^^^^^^^^^^
  File "C:\Users\Олег\Desktop\Simple\NozkuBot\venv\Lib\site-packages\aiogram\dispatcher\router.py", line 159, in _wrapped
    return await self._propagate_event(
           ^^^^^^^^^^^^^^^^^^^^^^^^^^^^
  File "C:\Users\Олег\Desktop\Simple\NozkuBot\venv\Lib\site-packages\aiogram\dispatcher\router.py", line 195, in _propagate_event
    response = await router.propagate_event(update_type=update_type, event=event, **kwargs)
               ^^^^^^^^^^^^^^^^^^^^^^^^^^^^^^^^^^^^^^^^^^^^^^^^^^^^^^^^^^^^^^^^^^^^^^^^^^^^
  File "C:\Users\Олег\Desktop\Simple\NozkuBot\venv\Lib\site-packages\aiogram\dispatcher\router.py", line 167, in propagate_event
    return await observer.wrap_outer_middleware(_wrapped, event=event, data=kwargs)
           ^^^^^^^^^^^^^^^^^^^^^^^^^^^^^^^^^^^^^^^^^^^^^^^^^^^^^^^^^^^^^^^^^^^^^^^^
  File "C:\Users\Олег\Desktop\Simple\NozkuBot\venv\Lib\site-packages\aiogram\dispatcher\router.py", line 159, in _wrapped
    return await self._propagate_event(
           ^^^^^^^^^^^^^^^^^^^^^^^^^^^^
  File "C:\Users\Олег\Desktop\Simple\NozkuBot\venv\Lib\site-packages\aiogram\dispatcher\router.py", line 187, in _propagate_event
    response = await observer.trigger(event, **kwargs)
               ^^^^^^^^^^^^^^^^^^^^^^^^^^^^^^^^^^^^^^^
  File "C:\Users\Олег\Desktop\Simple\NozkuBot\venv\Lib\site-packages\aiogram\dispatcher\event\telegram.py", line 126, in trigger
    return await wrapped_inner(event, kwargs)
           ^^^^^^^^^^^^^^^^^^^^^^^^^^^^^^^^^^
  File "C:\Users\Олег\Desktop\Simple\NozkuBot\venv\Lib\site-packages\aiogram\dispatcher\event\handler.py", line 71, in call
    return await wrapped()
           ^^^^^^^^^^^^^^^
  File "C:\Users\Олег\Desktop\Simple\NozkuBot\app\handlers\service_handlers.py", line 20, in on_the_what
    await callback.message.edit_reply_markup(inline_message_id=callback.inline_message_id,
          ^^^^^^^^^^^^^^^^^^^^^^^^^^^^^^^^^^^^^^^^^^^^^^^^^^^^^^^^^^^^^^^^^^^^^^^^^^^^^^^^
  File "C:\Users\Олег\Desktop\Simple\NozkuBot\venv\Lib\site-packages\aiogram\types\message.py", line 4385, in edit_reply_markup
    return EditMessageReplyMarkup(
           ^^^^^^^^^^^^^^^^^^^^^^^
  File "C:\Users\Олег\Desktop\Simple\NozkuBot\venv\Lib\site-packages\pydantic\main.py", line 263, in __init__
    validated_self = self.__pydantic_validator__.validate_python(data, self_instance=self)
                     ^^^^^^^^^^^^^^^^^^^^^^^^^^^^^^^^^^^^^^^^^^^^^^^^^^^^^^^^^^^^^^^^^^^^^
pydantic_core._pydantic_core.ValidationError: 1 validation error for EditMessageReplyMarkup
reply_markup
  Input should be a valid dictionary or instance of InlineKeyboardMarkup [type=model_type, input_value=<coroutine object Dinamic...d at 0x000002691D391FC0>, input_type=coroutine]
    For further information visit https://errors.pydantic.dev/2.13/v/model_type
INFO:aiogram.event:Update id=150675990 is not handled. Duration 62 ms by bot id=8998435518
ERROR:aiogram.event:Cause exception while process update id=150675990 by bot id=8998435518
ValidationError: 1 validation error for EditMessageReplyMarkup
reply_markup
  Input should be a valid dictionary or instance of InlineKeyboardMarkup [type=model_type, input_value=<coroutine object Dinamic...d at 0x000002691D392B90>, input_type=coroutine]
    For further information visit https://errors.pydantic.dev/2.13/v/model_type
Traceback (most recent call last):
  File "C:\Users\Олег\Desktop\Simple\NozkuBot\venv\Lib\site-packages\aiogram\dispatcher\dispatcher.py", line 320, in _process_update
    response = await self.feed_update(bot, update, **kwargs)
               ^^^^^^^^^^^^^^^^^^^^^^^^^^^^^^^^^^^^^^^^^^^^^
  File "C:\Users\Олег\Desktop\Simple\NozkuBot\venv\Lib\site-packages\aiogram\dispatcher\dispatcher.py", line 164, in feed_update
    response = await self.update.wrap_outer_middleware(
               ^^^^^^^^^^^^^^^^^^^^^^^^^^^^^^^^^^^^^^^^
  File "C:\Users\Олег\Desktop\Simple\NozkuBot\venv\Lib\site-packages\aiogram\dispatcher\middlewares\error.py", line 27, in __call__
    return await handler(event, data)
           ^^^^^^^^^^^^^^^^^^^^^^^^^^
  File "C:\Users\Олег\Desktop\Simple\NozkuBot\venv\Lib\site-packages\aiogram\dispatcher\middlewares\user_context.py", line 58, in __call__
    return await handler(event, data)
           ^^^^^^^^^^^^^^^^^^^^^^^^^^
  File "C:\Users\Олег\Desktop\Simple\NozkuBot\venv\Lib\site-packages\aiogram\fsm\middleware.py", line 43, in __call__
    return await handler(event, data)
           ^^^^^^^^^^^^^^^^^^^^^^^^^^
  File "C:\Users\Олег\Desktop\Simple\NozkuBot\app\middleware\anti_spam_middleware.py", line 47, in __call__
    return await handler(event, data)
           ^^^^^^^^^^^^^^^^^^^^^^^^^^
  File "C:\Users\Олег\Desktop\Simple\NozkuBot\venv\Lib\site-packages\aiogram\dispatcher\event\telegram.py", line 126, in trigger
    return await wrapped_inner(event, kwargs)
           ^^^^^^^^^^^^^^^^^^^^^^^^^^^^^^^^^^
  File "C:\Users\Олег\Desktop\Simple\NozkuBot\venv\Lib\site-packages\aiogram\dispatcher\event\handler.py", line 71, in call
    return await wrapped()
           ^^^^^^^^^^^^^^^
  File "C:\Users\Олег\Desktop\Simple\NozkuBot\venv\Lib\site-packages\aiogram\dispatcher\dispatcher.py", line 283, in _listen_update
    return await self.propagate_event(update_type=update_type, event=event, **kwargs)
           ^^^^^^^^^^^^^^^^^^^^^^^^^^^^^^^^^^^^^^^^^^^^^^^^^^^^^^^^^^^^^^^^^^^^^^^^^^
  File "C:\Users\Олег\Desktop\Simple\NozkuBot\venv\Lib\site-packages\aiogram\dispatcher\router.py", line 167, in propagate_event
    return await observer.wrap_outer_middleware(_wrapped, event=event, data=kwargs)
           ^^^^^^^^^^^^^^^^^^^^^^^^^^^^^^^^^^^^^^^^^^^^^^^^^^^^^^^^^^^^^^^^^^^^^^^^
  File "C:\Users\Олег\Desktop\Simple\NozkuBot\venv\Lib\site-packages\aiogram\dispatcher\router.py", line 159, in _wrapped
    return await self._propagate_event(
           ^^^^^^^^^^^^^^^^^^^^^^^^^^^^
  File "C:\Users\Олег\Desktop\Simple\NozkuBot\venv\Lib\site-packages\aiogram\dispatcher\router.py", line 195, in _propagate_event
    response = await router.propagate_event(update_type=update_type, event=event, **kwargs)
               ^^^^^^^^^^^^^^^^^^^^^^^^^^^^^^^^^^^^^^^^^^^^^^^^^^^^^^^^^^^^^^^^^^^^^^^^^^^^
  File "C:\Users\Олег\Desktop\Simple\NozkuBot\venv\Lib\site-packages\aiogram\dispatcher\router.py", line 167, in propagate_event
    return await observer.wrap_outer_middleware(_wrapped, event=event, data=kwargs)
           ^^^^^^^^^^^^^^^^^^^^^^^^^^^^^^^^^^^^^^^^^^^^^^^^^^^^^^^^^^^^^^^^^^^^^^^^
  File "C:\Users\Олег\Desktop\Simple\NozkuBot\venv\Lib\site-packages\aiogram\dispatcher\router.py", line 159, in _wrapped
    return await self._propagate_event(
           ^^^^^^^^^^^^^^^^^^^^^^^^^^^^
  File "C:\Users\Олег\Desktop\Simple\NozkuBot\venv\Lib\site-packages\aiogram\dispatcher\router.py", line 187, in _propagate_event
    response = await observer.trigger(event, **kwargs)
               ^^^^^^^^^^^^^^^^^^^^^^^^^^^^^^^^^^^^^^^
  File "C:\Users\Олег\Desktop\Simple\NozkuBot\venv\Lib\site-packages\aiogram\dispatcher\event\telegram.py", line 126, in trigger
    return await wrapped_inner(event, kwargs)
           ^^^^^^^^^^^^^^^^^^^^^^^^^^^^^^^^^^
  File "C:\Users\Олег\Desktop\Simple\NozkuBot\venv\Lib\site-packages\aiogram\dispatcher\event\handler.py", line 71, in call
    return await wrapped()
           ^^^^^^^^^^^^^^^
  File "C:\Users\Олег\Desktop\Simple\NozkuBot\app\handlers\service_handlers.py", line 20, in on_the_what
    await callback.message.edit_reply_markup(inline_message_id=callback.inline_message_id,
          ^^^^^^^^^^^^^^^^^^^^^^^^^^^^^^^^^^^^^^^^^^^^^^^^^^^^^^^^^^^^^^^^^^^^^^^^^^^^^^^^
  File "C:\Users\Олег\Desktop\Simple\NozkuBot\venv\Lib\site-packages\aiogram\types\message.py", line 4385, in edit_reply_markup
    return EditMessageReplyMarkup(
           ^^^^^^^^^^^^^^^^^^^^^^^
  File "C:\Users\Олег\Desktop\Simple\NozkuBot\venv\Lib\site-packages\pydantic\main.py", line 263, in __init__
    validated_self = self.__pydantic_validator__.validate_python(data, self_instance=self)
                     ^^^^^^^^^^^^^^^^^^^^^^^^^^^^^^^^^^^^^^^^^^^^^^^^^^^^^^^^^^^^^^^^^^^^^
pydantic_core._pydantic_core.ValidationError: 1 validation error for EditMessageReplyMarkup
reply_markup
  Input should be a valid dictionary or instance of InlineKeyboardMarkup [type=model_type, input_value=<coroutine object Dinamic...d at 0x000002691D392B90>, input_type=coroutine]
    For further information visit https://errors.pydantic.dev/2.13/v/model_type
INFO:aiogram.event:Update id=150675991 is handled. Duration 63 ms by bot id=8998435518
INFO:aiogram.event:Update id=150675992 is not handled. Duration 62 ms by bot id=8998435518
ERROR:aiogram.event:Cause exception while process update id=150675992 by bot id=8998435518
ValidationError: 1 validation error for EditMessageReplyMarkup
reply_markup
  Input should be a valid dictionary or instance of InlineKeyboardMarkup [type=model_type, input_value=<coroutine object Dinamic...d at 0x000002691D391FC0>, input_type=coroutine]
    For further information visit https://errors.pydantic.dev/2.13/v/model_type
Traceback (most recent call last):
  File "C:\Users\Олег\Desktop\Simple\NozkuBot\venv\Lib\site-packages\aiogram\dispatcher\dispatcher.py", line 320, in _process_update
    response = await self.feed_update(bot, update, **kwargs)
               ^^^^^^^^^^^^^^^^^^^^^^^^^^^^^^^^^^^^^^^^^^^^^
  File "C:\Users\Олег\Desktop\Simple\NozkuBot\venv\Lib\site-packages\aiogram\dispatcher\dispatcher.py", line 164, in feed_update
    response = await self.update.wrap_outer_middleware(
               ^^^^^^^^^^^^^^^^^^^^^^^^^^^^^^^^^^^^^^^^
  File "C:\Users\Олег\Desktop\Simple\NozkuBot\venv\Lib\site-packages\aiogram\dispatcher\middlewares\error.py", line 27, in __call__
    return await handler(event, data)
           ^^^^^^^^^^^^^^^^^^^^^^^^^^
  File "C:\Users\Олег\Desktop\Simple\NozkuBot\venv\Lib\site-packages\aiogram\dispatcher\middlewares\user_context.py", line 58, in __call__
    return await handler(event, data)
           ^^^^^^^^^^^^^^^^^^^^^^^^^^
  File "C:\Users\Олег\Desktop\Simple\NozkuBot\venv\Lib\site-packages\aiogram\fsm\middleware.py", line 43, in __call__
    return await handler(event, data)
           ^^^^^^^^^^^^^^^^^^^^^^^^^^
  File "C:\Users\Олег\Desktop\Simple\NozkuBot\app\middleware\anti_spam_middleware.py", line 47, in __call__
    return await handler(event, data)
           ^^^^^^^^^^^^^^^^^^^^^^^^^^
  File "C:\Users\Олег\Desktop\Simple\NozkuBot\venv\Lib\site-packages\aiogram\dispatcher\event\telegram.py", line 126, in trigger
    return await wrapped_inner(event, kwargs)
           ^^^^^^^^^^^^^^^^^^^^^^^^^^^^^^^^^^
  File "C:\Users\Олег\Desktop\Simple\NozkuBot\venv\Lib\site-packages\aiogram\dispatcher\event\handler.py", line 71, in call
    return await wrapped()
           ^^^^^^^^^^^^^^^
  File "C:\Users\Олег\Desktop\Simple\NozkuBot\venv\Lib\site-packages\aiogram\dispatcher\dispatcher.py", line 283, in _listen_update
    return await self.propagate_event(update_type=update_type, event=event, **kwargs)
           ^^^^^^^^^^^^^^^^^^^^^^^^^^^^^^^^^^^^^^^^^^^^^^^^^^^^^^^^^^^^^^^^^^^^^^^^^^
  File "C:\Users\Олег\Desktop\Simple\NozkuBot\venv\Lib\site-packages\aiogram\dispatcher\router.py", line 167, in propagate_event
    return await observer.wrap_outer_middleware(_wrapped, event=event, data=kwargs)
           ^^^^^^^^^^^^^^^^^^^^^^^^^^^^^^^^^^^^^^^^^^^^^^^^^^^^^^^^^^^^^^^^^^^^^^^^
  File "C:\Users\Олег\Desktop\Simple\NozkuBot\venv\Lib\site-packages\aiogram\dispatcher\router.py", line 159, in _wrapped
    return await self._propagate_event(
           ^^^^^^^^^^^^^^^^^^^^^^^^^^^^
  File "C:\Users\Олег\Desktop\Simple\NozkuBot\venv\Lib\site-packages\aiogram\dispatcher\router.py", line 195, in _propagate_event
    response = await router.propagate_event(update_type=update_type, event=event, **kwargs)
               ^^^^^^^^^^^^^^^^^^^^^^^^^^^^^^^^^^^^^^^^^^^^^^^^^^^^^^^^^^^^^^^^^^^^^^^^^^^^
  File "C:\Users\Олег\Desktop\Simple\NozkuBot\venv\Lib\site-packages\aiogram\dispatcher\router.py", line 167, in propagate_event
    return await observer.wrap_outer_middleware(_wrapped, event=event, data=kwargs)
           ^^^^^^^^^^^^^^^^^^^^^^^^^^^^^^^^^^^^^^^^^^^^^^^^^^^^^^^^^^^^^^^^^^^^^^^^
  File "C:\Users\Олег\Desktop\Simple\NozkuBot\venv\Lib\site-packages\aiogram\dispatcher\router.py", line 159, in _wrapped
    return await self._propagate_event(
           ^^^^^^^^^^^^^^^^^^^^^^^^^^^^
  File "C:\Users\Олег\Desktop\Simple\NozkuBot\venv\Lib\site-packages\aiogram\dispatcher\router.py", line 187, in _propagate_event
    response = await observer.trigger(event, **kwargs)
               ^^^^^^^^^^^^^^^^^^^^^^^^^^^^^^^^^^^^^^^
  File "C:\Users\Олег\Desktop\Simple\NozkuBot\venv\Lib\site-packages\aiogram\dispatcher\event\telegram.py", line 126, in trigger
    return await wrapped_inner(event, kwargs)
           ^^^^^^^^^^^^^^^^^^^^^^^^^^^^^^^^^^
  File "C:\Users\Олег\Desktop\Simple\NozkuBot\venv\Lib\site-packages\aiogram\dispatcher\event\handler.py", line 71, in call
    return await wrapped()
           ^^^^^^^^^^^^^^^
  File "C:\Users\Олег\Desktop\Simple\NozkuBot\app\handlers\service_handlers.py", line 20, in on_the_what
    await callback.message.edit_reply_markup(inline_message_id=callback.inline_message_id,
          ^^^^^^^^^^^^^^^^^^^^^^^^^^^^^^^^^^^^^^^^^^^^^^^^^^^^^^^^^^^^^^^^^^^^^^^^^^^^^^^^
  File "C:\Users\Олег\Desktop\Simple\NozkuBot\venv\Lib\site-packages\aiogram\types\message.py", line 4385, in edit_reply_markup
    return EditMessageReplyMarkup(
           ^^^^^^^^^^^^^^^^^^^^^^^
  File "C:\Users\Олег\Desktop\Simple\NozkuBot\venv\Lib\site-packages\pydantic\main.py", line 263, in __init__
    validated_self = self.__pydantic_validator__.validate_python(data, self_instance=self)
                     ^^^^^^^^^^^^^^^^^^^^^^^^^^^^^^^^^^^^^^^^^^^^^^^^^^^^^^^^^^^^^^^^^^^^^
pydantic_core._pydantic_core.ValidationError: 1 validation error for EditMessageReplyMarkup
reply_markup
  Input should be a valid dictionary or instance of InlineKeyboardMarkup [type=model_type, input_value=<coroutine object Dinamic...d at 0x000002691D391FC0>, input_type=coroutine]
    For further information visit https://errors.pydantic.dev/2.13/v/model_type
INFO:aiogram.dispatcher:Start polling
INFO:aiogram.dispatcher:Run polling for bot @FemRankBot id=8998435518 - 'FemRank'
INFO:aiogram.event:Update id=150675993 is handled. Duration 264 ms by bot id=8998435518
INFO:aiogram.event:Update id=150675994 is handled. Duration 156 ms by bot id=8998435518
INFO:aiogram.event:Update id=150675995 is handled. Duration 125 ms by bot id=8998435518
INFO:aiogram.event:Update id=150675996 is handled. Duration 156 ms by bot id=8998435518
INFO:aiogram.event:Update id=150675997 is handled. Duration 125 ms by bot id=8998435518
INFO:aiogram.dispatcher:Start polling
INFO:aiogram.dispatcher:Run polling for bot @FemRankBot id=8998435518 - 'FemRank'
INFO:aiogram.dispatcher:Start polling
INFO:aiogram.dispatcher:Run polling for bot @FemRankBot id=8998435518 - 'FemRank'
INFO:aiogram.dispatcher:Start polling
INFO:aiogram.dispatcher:Run polling for bot @FemRankBot id=8998435518 - 'FemRank'
INFO:aiogram.dispatcher:Start polling
INFO:aiogram.dispatcher:Run polling for bot @FemRankBot id=8998435518 - 'FemRank'
INFO:aiogram.dispatcher:Start polling
INFO:aiogram.dispatcher:Run polling for bot @FemRankBot id=8998435518 - 'FemRank'
INFO:aiogram.event:Update id=150675998 is not handled. Duration 0 ms by bot id=8998435518
INFO:aiogram.event:Update id=150675999 is not handled. Duration 0 ms by bot id=8998435518
INFO:aiogram.dispatcher:Start polling
INFO:aiogram.dispatcher:Run polling for bot @FemRankBot id=8998435518 - 'FemRank'
INFO:aiogram.dispatcher:Start polling
INFO:aiogram.dispatcher:Run polling for bot @FemRankBot id=8998435518 - 'FemRank'
INFO:aiogram.event:Update id=150676000 is not handled. Duration 0 ms by bot id=8998435518
ERROR:aiogram.event:Cause exception while process update id=150676000 by bot id=8998435518
TypeError: 'PhotoSize' object is not subscriptable
Traceback (most recent call last):
  File "C:\Users\Олег\Desktop\Simple\NozkuBot\venv\Lib\site-packages\aiogram\dispatcher\dispatcher.py", line 320, in _process_update
    response = await self.feed_update(bot, update, **kwargs)
               ^^^^^^^^^^^^^^^^^^^^^^^^^^^^^^^^^^^^^^^^^^^^^
  File "C:\Users\Олег\Desktop\Simple\NozkuBot\venv\Lib\site-packages\aiogram\dispatcher\dispatcher.py", line 164, in feed_update
    response = await self.update.wrap_outer_middleware(
               ^^^^^^^^^^^^^^^^^^^^^^^^^^^^^^^^^^^^^^^^
  File "C:\Users\Олег\Desktop\Simple\NozkuBot\venv\Lib\site-packages\aiogram\dispatcher\middlewares\error.py", line 27, in __call__
    return await handler(event, data)
           ^^^^^^^^^^^^^^^^^^^^^^^^^^
  File "C:\Users\Олег\Desktop\Simple\NozkuBot\venv\Lib\site-packages\aiogram\dispatcher\middlewares\user_context.py", line 58, in __call__
    return await handler(event, data)
           ^^^^^^^^^^^^^^^^^^^^^^^^^^
  File "C:\Users\Олег\Desktop\Simple\NozkuBot\venv\Lib\site-packages\aiogram\fsm\middleware.py", line 43, in __call__
    return await handler(event, data)
           ^^^^^^^^^^^^^^^^^^^^^^^^^^
  File "C:\Users\Олег\Desktop\Simple\NozkuBot\app\middleware\anti_spam_middleware.py", line 73, in __call__
    return await handler(event, data)
           ^^^^^^^^^^^^^^^^^^^^^^^^^^
  File "C:\Users\Олег\Desktop\Simple\NozkuBot\venv\Lib\site-packages\aiogram\dispatcher\event\telegram.py", line 126, in trigger
    return await wrapped_inner(event, kwargs)
           ^^^^^^^^^^^^^^^^^^^^^^^^^^^^^^^^^^
  File "C:\Users\Олег\Desktop\Simple\NozkuBot\venv\Lib\site-packages\aiogram\dispatcher\event\handler.py", line 71, in call
    return await wrapped()
           ^^^^^^^^^^^^^^^
  File "C:\Users\Олег\Desktop\Simple\NozkuBot\venv\Lib\site-packages\aiogram\dispatcher\dispatcher.py", line 283, in _listen_update
    return await self.propagate_event(update_type=update_type, event=event, **kwargs)
           ^^^^^^^^^^^^^^^^^^^^^^^^^^^^^^^^^^^^^^^^^^^^^^^^^^^^^^^^^^^^^^^^^^^^^^^^^^
  File "C:\Users\Олег\Desktop\Simple\NozkuBot\venv\Lib\site-packages\aiogram\dispatcher\router.py", line 167, in propagate_event
    return await observer.wrap_outer_middleware(_wrapped, event=event, data=kwargs)
           ^^^^^^^^^^^^^^^^^^^^^^^^^^^^^^^^^^^^^^^^^^^^^^^^^^^^^^^^^^^^^^^^^^^^^^^^
  File "C:\Users\Олег\Desktop\Simple\NozkuBot\venv\Lib\site-packages\aiogram\dispatcher\router.py", line 159, in _wrapped
    return await self._propagate_event(
           ^^^^^^^^^^^^^^^^^^^^^^^^^^^^
  File "C:\Users\Олег\Desktop\Simple\NozkuBot\venv\Lib\site-packages\aiogram\dispatcher\router.py", line 195, in _propagate_event
    response = await router.propagate_event(update_type=update_type, event=event, **kwargs)
               ^^^^^^^^^^^^^^^^^^^^^^^^^^^^^^^^^^^^^^^^^^^^^^^^^^^^^^^^^^^^^^^^^^^^^^^^^^^^
  File "C:\Users\Олег\Desktop\Simple\NozkuBot\venv\Lib\site-packages\aiogram\dispatcher\router.py", line 167, in propagate_event
    return await observer.wrap_outer_middleware(_wrapped, event=event, data=kwargs)
           ^^^^^^^^^^^^^^^^^^^^^^^^^^^^^^^^^^^^^^^^^^^^^^^^^^^^^^^^^^^^^^^^^^^^^^^^
  File "C:\Users\Олег\Desktop\Simple\NozkuBot\venv\Lib\site-packages\aiogram\dispatcher\router.py", line 159, in _wrapped
    return await self._propagate_event(
           ^^^^^^^^^^^^^^^^^^^^^^^^^^^^
  File "C:\Users\Олег\Desktop\Simple\NozkuBot\venv\Lib\site-packages\aiogram\dispatcher\router.py", line 187, in _propagate_event
    response = await observer.trigger(event, **kwargs)
               ^^^^^^^^^^^^^^^^^^^^^^^^^^^^^^^^^^^^^^^
  File "C:\Users\Олег\Desktop\Simple\NozkuBot\venv\Lib\site-packages\aiogram\dispatcher\event\telegram.py", line 126, in trigger
    return await wrapped_inner(event, kwargs)
           ^^^^^^^^^^^^^^^^^^^^^^^^^^^^^^^^^^
  File "C:\Users\Олег\Desktop\Simple\NozkuBot\venv\Lib\site-packages\aiogram\dispatcher\event\handler.py", line 71, in call
    return await wrapped()
           ^^^^^^^^^^^^^^^
  File "C:\Users\Олег\Desktop\Simple\NozkuBot\app\handlers\handler_download_a_photos.py", line 11, in download_photos_start
    print(photo[-1].file_id)
          ~~~~~^^^^
TypeError: 'PhotoSize' object is not subscriptable
INFO:aiogram.event:Update id=150676001 is not handled. Duration 0 ms by bot id=8998435518
ERROR:aiogram.event:Cause exception while process update id=150676001 by bot id=8998435518
TypeError: 'PhotoSize' object is not subscriptable
Traceback (most recent call last):
  File "C:\Users\Олег\Desktop\Simple\NozkuBot\venv\Lib\site-packages\aiogram\dispatcher\dispatcher.py", line 320, in _process_update
    response = await self.feed_update(bot, update, **kwargs)
               ^^^^^^^^^^^^^^^^^^^^^^^^^^^^^^^^^^^^^^^^^^^^^
  File "C:\Users\Олег\Desktop\Simple\NozkuBot\venv\Lib\site-packages\aiogram\dispatcher\dispatcher.py", line 164, in feed_update
    response = await self.update.wrap_outer_middleware(
               ^^^^^^^^^^^^^^^^^^^^^^^^^^^^^^^^^^^^^^^^
  File "C:\Users\Олег\Desktop\Simple\NozkuBot\venv\Lib\site-packages\aiogram\dispatcher\middlewares\error.py", line 27, in __call__
    return await handler(event, data)
           ^^^^^^^^^^^^^^^^^^^^^^^^^^
  File "C:\Users\Олег\Desktop\Simple\NozkuBot\venv\Lib\site-packages\aiogram\dispatcher\middlewares\user_context.py", line 58, in __call__
    return await handler(event, data)
           ^^^^^^^^^^^^^^^^^^^^^^^^^^
  File "C:\Users\Олег\Desktop\Simple\NozkuBot\venv\Lib\site-packages\aiogram\fsm\middleware.py", line 43, in __call__
    return await handler(event, data)
           ^^^^^^^^^^^^^^^^^^^^^^^^^^
  File "C:\Users\Олег\Desktop\Simple\NozkuBot\app\middleware\anti_spam_middleware.py", line 73, in __call__
    return await handler(event, data)
           ^^^^^^^^^^^^^^^^^^^^^^^^^^
  File "C:\Users\Олег\Desktop\Simple\NozkuBot\venv\Lib\site-packages\aiogram\dispatcher\event\telegram.py", line 126, in trigger
    return await wrapped_inner(event, kwargs)
           ^^^^^^^^^^^^^^^^^^^^^^^^^^^^^^^^^^
  File "C:\Users\Олег\Desktop\Simple\NozkuBot\venv\Lib\site-packages\aiogram\dispatcher\event\handler.py", line 71, in call
    return await wrapped()
           ^^^^^^^^^^^^^^^
  File "C:\Users\Олег\Desktop\Simple\NozkuBot\venv\Lib\site-packages\aiogram\dispatcher\dispatcher.py", line 283, in _listen_update
    return await self.propagate_event(update_type=update_type, event=event, **kwargs)
           ^^^^^^^^^^^^^^^^^^^^^^^^^^^^^^^^^^^^^^^^^^^^^^^^^^^^^^^^^^^^^^^^^^^^^^^^^^
  File "C:\Users\Олег\Desktop\Simple\NozkuBot\venv\Lib\site-packages\aiogram\dispatcher\router.py", line 167, in propagate_event
    return await observer.wrap_outer_middleware(_wrapped, event=event, data=kwargs)
           ^^^^^^^^^^^^^^^^^^^^^^^^^^^^^^^^^^^^^^^^^^^^^^^^^^^^^^^^^^^^^^^^^^^^^^^^
  File "C:\Users\Олег\Desktop\Simple\NozkuBot\venv\Lib\site-packages\aiogram\dispatcher\router.py", line 159, in _wrapped
    return await self._propagate_event(
           ^^^^^^^^^^^^^^^^^^^^^^^^^^^^
  File "C:\Users\Олег\Desktop\Simple\NozkuBot\venv\Lib\site-packages\aiogram\dispatcher\router.py", line 195, in _propagate_event
    response = await router.propagate_event(update_type=update_type, event=event, **kwargs)
               ^^^^^^^^^^^^^^^^^^^^^^^^^^^^^^^^^^^^^^^^^^^^^^^^^^^^^^^^^^^^^^^^^^^^^^^^^^^^
  File "C:\Users\Олег\Desktop\Simple\NozkuBot\venv\Lib\site-packages\aiogram\dispatcher\router.py", line 167, in propagate_event
    return await observer.wrap_outer_middleware(_wrapped, event=event, data=kwargs)
           ^^^^^^^^^^^^^^^^^^^^^^^^^^^^^^^^^^^^^^^^^^^^^^^^^^^^^^^^^^^^^^^^^^^^^^^^
  File "C:\Users\Олег\Desktop\Simple\NozkuBot\venv\Lib\site-packages\aiogram\dispatcher\router.py", line 159, in _wrapped
    return await self._propagate_event(
           ^^^^^^^^^^^^^^^^^^^^^^^^^^^^
  File "C:\Users\Олег\Desktop\Simple\NozkuBot\venv\Lib\site-packages\aiogram\dispatcher\router.py", line 187, in _propagate_event
    response = await observer.trigger(event, **kwargs)
               ^^^^^^^^^^^^^^^^^^^^^^^^^^^^^^^^^^^^^^^
  File "C:\Users\Олег\Desktop\Simple\NozkuBot\venv\Lib\site-packages\aiogram\dispatcher\event\telegram.py", line 126, in trigger
    return await wrapped_inner(event, kwargs)
           ^^^^^^^^^^^^^^^^^^^^^^^^^^^^^^^^^^
  File "C:\Users\Олег\Desktop\Simple\NozkuBot\venv\Lib\site-packages\aiogram\dispatcher\event\handler.py", line 71, in call
    return await wrapped()
           ^^^^^^^^^^^^^^^
  File "C:\Users\Олег\Desktop\Simple\NozkuBot\app\handlers\handler_download_a_photos.py", line 11, in download_photos_start
    print(photo[-1].file_id)
          ~~~~~^^^^
TypeError: 'PhotoSize' object is not subscriptable
INFO:aiogram.dispatcher:Start polling
INFO:aiogram.dispatcher:Run polling for bot @FemRankBot id=8998435518 - 'FemRank'
INFO:aiogram.event:Update id=150676002 is handled. Duration 0 ms by bot id=8998435518
INFO:aiogram.event:Update id=150676003 is handled. Duration 0 ms by bot id=8998435518
INFO:aiogram.event:Update id=150676004 is handled. Duration 0 ms by bot id=8998435518
INFO:aiogram.dispatcher:Start polling
INFO:aiogram.dispatcher:Run polling for bot @FemRankBot id=8998435518 - 'FemRank'
INFO:aiogram.event:Update id=150676005 is handled. Duration 0 ms by bot id=8998435518
INFO:aiogram.dispatcher:Start polling
INFO:aiogram.dispatcher:Run polling for bot @FemRankBot id=8998435518 - 'FemRank'
INFO:aiogram.event:Update id=150676006 is handled. Duration 14 ms by bot id=8998435518
INFO:aiogram.dispatcher:Start polling
INFO:aiogram.dispatcher:Run polling for bot @FemRankBot id=8998435518 - 'FemRank'
INFO:aiogram.event:Update id=150676007 is not handled. Duration 0 ms by bot id=8998435518
INFO:aiogram.event:Update id=150676008 is handled. Duration 0 ms by bot id=8998435518
INFO:aiogram.event:Update id=150676009 is not handled. Duration 14 ms by bot id=8998435518
INFO:aiogram.event:Update id=150676010 is not handled. Duration 14 ms by bot id=8998435518
INFO:aiogram.event:Update id=150676011 is not handled. Duration 0 ms by bot id=8998435518
INFO:aiogram.event:Update id=150676012 is handled. Duration 0 ms by bot id=8998435518
INFO:aiogram.event:Update id=150676013 is not handled. Duration 0 ms by bot id=8998435518
INFO:aiogram.event:Update id=150676014 is not handled. Duration 0 ms by bot id=8998435518
INFO:aiogram.dispatcher:Start polling
INFO:aiogram.dispatcher:Run polling for bot @FemRankBot id=8998435518 - 'FemRank'
INFO:aiogram.event:Update id=150676019 is handled. Duration 0 ms by bot id=8998435518
INFO:aiogram.event:Update id=150676015 is handled. Duration 0 ms by bot id=8998435518
INFO:aiogram.event:Update id=150676016 is handled. Duration 0 ms by bot id=8998435518
INFO:aiogram.event:Update id=150676017 is handled. Duration 0 ms by bot id=8998435518
WARNING:app.middleware.anti_spam_middleware:SPAM BLOCKED: user_id=7006632366, strikes=1, block_time=1 сек.
INFO:aiogram.event:Update id=150676018 is handled. Duration 218 ms by bot id=8998435518
INFO:aiogram.dispatcher:Start polling
INFO:aiogram.dispatcher:Run polling for bot @FemRankBot id=8998435518 - 'FemRank'
INFO:aiogram.event:Update id=150676024 is handled. Duration 0 ms by bot id=8998435518
INFO:aiogram.event:Update id=150676020 is handled. Duration 16 ms by bot id=8998435518
INFO:aiogram.event:Update id=150676021 is handled. Duration 16 ms by bot id=8998435518
INFO:aiogram.event:Update id=150676022 is handled. Duration 16 ms by bot id=8998435518
WARNING:app.middleware.anti_spam_middleware:SPAM BLOCKED: user_id=7006632366, strikes=1, block_time=1 сек.
INFO:aiogram.event:Update id=150676023 is handled. Duration 282 ms by bot id=8998435518
INFO:aiogram.dispatcher:Start polling
INFO:aiogram.dispatcher:Run polling for bot @FemRankBot id=8998435518 - 'FemRank'
INFO:aiogram.event:Update id=150676025 is handled. Duration 0 ms by bot id=8998435518
INFO:aiogram.event:Update id=150676026 is handled. Duration 0 ms by bot id=8998435518
INFO:aiogram.event:Update id=150676027 is handled. Duration 0 ms by bot id=8998435518
INFO:aiogram.event:Update id=150676028 is handled. Duration 15 ms by bot id=8998435518
INFO:aiogram.event:Update id=150676029 is handled. Duration 15 ms by bot id=8998435518
INFO:aiogram.event:Update id=150676030 is handled. Duration 15 ms by bot id=8998435518
INFO:aiogram.event:Update id=150676031 is handled. Duration 233 ms by bot id=8998435518
INFO:aiogram.event:Update id=150676032 is handled. Duration 202 ms by bot id=8998435518
INFO:aiogram.event:Update id=150676033 is handled. Duration 77 ms by bot id=8998435518
INFO:aiogram.dispatcher:Start polling
INFO:aiogram.dispatcher:Run polling for bot @FemRankBot id=8998435518 - 'FemRank'
INFO:aiogram.dispatcher:Start polling
INFO:aiogram.dispatcher:Run polling for bot @FemRankBot id=8998435518 - 'FemRank'
INFO:aiogram.event:Update id=150676034 is handled. Duration 14 ms by bot id=8998435518
INFO:aiogram.event:Update id=150676035 is handled. Duration 31 ms by bot id=8998435518
INFO:aiogram.event:Update id=150676036 is handled. Duration 31 ms by bot id=8998435518
INFO:aiogram.dispatcher:Start polling
INFO:aiogram.dispatcher:Run polling for bot @FemRankBot id=8998435518 - 'FemRank'
INFO:aiogram.dispatcher:Start polling
INFO:aiogram.dispatcher:Run polling for bot @FemRankBot id=8998435518 - 'FemRank'
INFO:aiogram.dispatcher:Start polling
INFO:aiogram.dispatcher:Run polling for bot @FemRankBot id=8998435518 - 'FemRank'
INFO:aiogram.dispatcher:Start polling
INFO:aiogram.dispatcher:Run polling for bot @FemRankBot id=8998435518 - 'FemRank'
INFO:aiogram.dispatcher:Start polling
INFO:aiogram.dispatcher:Run polling for bot @FemRankBot id=8998435518 - 'FemRank'
INFO:aiogram.dispatcher:Start polling
INFO:aiogram.dispatcher:Run polling for bot @FemRankBot id=8998435518 - 'FemRank'
INFO:aiogram.dispatcher:Start polling
INFO:aiogram.dispatcher:Polling stopped
INFO:root:HTTP Client says - ClientConnectorError: Cannot connect to host api.telegram.org:443 ssl:default [Превышен таймаут семафора]
INFO:aiogram.dispatcher:Start polling
INFO:aiogram.dispatcher:Run polling for bot @FemRankBot id=8998435518 - 'FemRank'
INFO:aiogram.dispatcher:Start polling
INFO:aiogram.dispatcher:Run polling for bot @FemRankBot id=8998435518 - 'FemRank'
INFO:aiogram.dispatcher:Start polling
INFO:aiogram.dispatcher:Run polling for bot @FemRankBot id=8998435518 - 'FemRank'
INFO:aiogram.event:Update id=150676037 is handled. Duration 16 ms by bot id=8998435518
INFO:aiogram.dispatcher:Start polling
INFO:aiogram.dispatcher:Run polling for bot @FemRankBot id=8998435518 - 'FemRank'
INFO:aiogram.event:Update id=150676038 is handled. Duration 30 ms by bot id=8998435518
INFO:aiogram.event:Update id=150676039 is handled. Duration 32 ms by bot id=8998435518
INFO:aiogram.dispatcher:Start polling
INFO:aiogram.dispatcher:Run polling for bot @FemRankBot id=8998435518 - 'FemRank'
INFO:aiogram.dispatcher:Start polling
INFO:aiogram.dispatcher:Run polling for bot @FemRankBot id=8998435518 - 'FemRank'
INFO:aiogram.dispatcher:Start polling
INFO:aiogram.dispatcher:Run polling for bot @FemRankBot id=8998435518 - 'FemRank'
INFO:aiogram.event:Update id=150676040 is handled. Duration 0 ms by bot id=8998435518
INFO:aiogram.event:Update id=150676041 is handled. Duration 0 ms by bot id=8998435518
INFO:aiogram.dispatcher:Start polling
INFO:aiogram.dispatcher:Run polling for bot @FemRankBot id=8998435518 - 'FemRank'
INFO:aiogram.dispatcher:Start polling
INFO:aiogram.dispatcher:Run polling for bot @FemRankBot id=8998435518 - 'FemRank'
INFO:aiogram.dispatcher:Start polling
INFO:aiogram.dispatcher:Run polling for bot @FemRankBot id=8998435518 - 'FemRank'
ERROR:aiogram.dispatcher:Failed to fetch updates - TelegramConflictError: Telegram server says - Conflict: terminated by other getUpdates request; make sure that only one bot instance is running
WARNING:aiogram.dispatcher:Sleep for 1.000000 seconds and try again... (tryings = 0, bot id = 8998435518)
ERROR:aiogram.dispatcher:Failed to fetch updates - TelegramConflictError: Telegram server says - Conflict: terminated by other getUpdates request; make sure that only one bot instance is running
WARNING:aiogram.dispatcher:Sleep for 1.000000 seconds and try again... (tryings = 0, bot id = 8998435518)
ERROR:aiogram.dispatcher:Failed to fetch updates - TelegramConflictError: Telegram server says - Conflict: terminated by other getUpdates request; make sure that only one bot instance is running
WARNING:aiogram.dispatcher:Sleep for 1.401498 seconds and try again... (tryings = 1, bot id = 8998435518)
ERROR:aiogram.dispatcher:Failed to fetch updates - TelegramConflictError: Telegram server says - Conflict: terminated by other getUpdates request; make sure that only one bot instance is running
WARNING:aiogram.dispatcher:Sleep for 1.506429 seconds and try again... (tryings = 1, bot id = 8998435518)
ERROR:aiogram.dispatcher:Failed to fetch updates - TelegramConflictError: Telegram server says - Conflict: terminated by other getUpdates request; make sure that only one bot instance is running
WARNING:aiogram.dispatcher:Sleep for 1.640542 seconds and try again... (tryings = 2, bot id = 8998435518)
ERROR:aiogram.dispatcher:Failed to fetch updates - TelegramConflictError: Telegram server says - Conflict: terminated by other getUpdates request; make sure that only one bot instance is running
WARNING:aiogram.dispatcher:Sleep for 1.997661 seconds and try again... (tryings = 2, bot id = 8998435518)
ERROR:aiogram.dispatcher:Failed to fetch updates - TelegramConflictError: Telegram server says - Conflict: terminated by other getUpdates request; make sure that only one bot instance is running
WARNING:aiogram.dispatcher:Sleep for 2.168212 seconds and try again... (tryings = 3, bot id = 8998435518)
ERROR:aiogram.dispatcher:Failed to fetch updates - TelegramConflictError: Telegram server says - Conflict: terminated by other getUpdates request; make sure that only one bot instance is running
WARNING:aiogram.dispatcher:Sleep for 2.461440 seconds and try again... (tryings = 3, bot id = 8998435518)
ERROR:aiogram.dispatcher:Failed to fetch updates - TelegramConflictError: Telegram server says - Conflict: terminated by other getUpdates request; make sure that only one bot instance is running
WARNING:aiogram.dispatcher:Sleep for 2.760027 seconds and try again... (tryings = 4, bot id = 8998435518)
ERROR:aiogram.dispatcher:Failed to fetch updates - TelegramConflictError: Telegram server says - Conflict: terminated by other getUpdates request; make sure that only one bot instance is running
WARNING:aiogram.dispatcher:Sleep for 3.132957 seconds and try again... (tryings = 4, bot id = 8998435518)
ERROR:aiogram.dispatcher:Failed to fetch updates - TelegramConflictError: Telegram server says - Conflict: terminated by other getUpdates request; make sure that only one bot instance is running
WARNING:aiogram.dispatcher:Sleep for 3.704250 seconds and try again... (tryings = 5, bot id = 8998435518)
ERROR:aiogram.dispatcher:Failed to fetch updates - TelegramConflictError: Telegram server says - Conflict: terminated by other getUpdates request; make sure that only one bot instance is running
WARNING:aiogram.dispatcher:Sleep for 4.153220 seconds and try again... (tryings = 5, bot id = 8998435518)
INFO:aiogram.dispatcher:Connection established (tryings = 6, bot id = 8998435518)
INFO:aiogram.dispatcher:Start polling
INFO:aiogram.dispatcher:Run polling for bot @FemRankBot id=8998435518 - 'FemRank'
ERROR:aiogram.dispatcher:Failed to fetch updates - TelegramConflictError: Telegram server says - Conflict: terminated by other getUpdates request; make sure that only one bot instance is running
WARNING:aiogram.dispatcher:Sleep for 1.000000 seconds and try again... (tryings = 0, bot id = 8998435518)
ERROR:aiogram.dispatcher:Failed to fetch updates - TelegramConflictError: Telegram server says - Conflict: terminated by other getUpdates request; make sure that only one bot instance is running
WARNING:aiogram.dispatcher:Sleep for 1.000000 seconds and try again... (tryings = 0, bot id = 8998435518)
ERROR:aiogram.dispatcher:Failed to fetch updates - TelegramConflictError: Telegram server says - Conflict: terminated by other getUpdates request; make sure that only one bot instance is running
WARNING:aiogram.dispatcher:Sleep for 1.379853 seconds and try again... (tryings = 1, bot id = 8998435518)
ERROR:aiogram.dispatcher:Failed to fetch updates - TelegramConflictError: Telegram server says - Conflict: terminated by other getUpdates request; make sure that only one bot instance is running
WARNING:aiogram.dispatcher:Sleep for 1.244352 seconds and try again... (tryings = 1, bot id = 8998435518)
ERROR:aiogram.dispatcher:Failed to fetch updates - TelegramConflictError: Telegram server says - Conflict: terminated by other getUpdates request; make sure that only one bot instance is running
WARNING:aiogram.dispatcher:Sleep for 1.798463 seconds and try again... (tryings = 2, bot id = 8998435518)
ERROR:aiogram.dispatcher:Failed to fetch updates - TelegramConflictError: Telegram server says - Conflict: terminated by other getUpdates request; make sure that only one bot instance is running
WARNING:aiogram.dispatcher:Sleep for 1.610547 seconds and try again... (tryings = 2, bot id = 8998435518)
ERROR:aiogram.dispatcher:Failed to fetch updates - TelegramConflictError: Telegram server says - Conflict: terminated by other getUpdates request; make sure that only one bot instance is running
WARNING:aiogram.dispatcher:Sleep for 2.252683 seconds and try again... (tryings = 3, bot id = 8998435518)
ERROR:aiogram.dispatcher:Failed to fetch updates - TelegramConflictError: Telegram server says - Conflict: terminated by other getUpdates request; make sure that only one bot instance is running
WARNING:aiogram.dispatcher:Sleep for 2.086625 seconds and try again... (tryings = 3, bot id = 8998435518)
ERROR:aiogram.dispatcher:Failed to fetch updates - TelegramConflictError: Telegram server says - Conflict: terminated by other getUpdates request; make sure that only one bot instance is running
WARNING:aiogram.dispatcher:Sleep for 2.977885 seconds and try again... (tryings = 4, bot id = 8998435518)
ERROR:aiogram.dispatcher:Failed to fetch updates - TelegramConflictError: Telegram server says - Conflict: terminated by other getUpdates request; make sure that only one bot instance is running
WARNING:aiogram.dispatcher:Sleep for 2.754798 seconds and try again... (tryings = 4, bot id = 8998435518)
ERROR:aiogram.dispatcher:Failed to fetch updates - TelegramConflictError: Telegram server says - Conflict: terminated by other getUpdates request; make sure that only one bot instance is running
WARNING:aiogram.dispatcher:Sleep for 3.892292 seconds and try again... (tryings = 5, bot id = 8998435518)
ERROR:aiogram.dispatcher:Failed to fetch updates - TelegramConflictError: Telegram server says - Conflict: terminated by other getUpdates request; make sure that only one bot instance is running
WARNING:aiogram.dispatcher:Sleep for 3.549944 seconds and try again... (tryings = 5, bot id = 8998435518)
ERROR:aiogram.dispatcher:Failed to fetch updates - TelegramConflictError: Telegram server says - Conflict: terminated by other getUpdates request; make sure that only one bot instance is running
WARNING:aiogram.dispatcher:Sleep for 4.883363 seconds and try again... (tryings = 6, bot id = 8998435518)
ERROR:aiogram.dispatcher:Failed to fetch updates - TelegramConflictError: Telegram server says - Conflict: terminated by other getUpdates request; make sure that only one bot instance is running
WARNING:aiogram.dispatcher:Sleep for 4.636364 seconds and try again... (tryings = 6, bot id = 8998435518)
ERROR:aiogram.dispatcher:Failed to fetch updates - TelegramConflictError: Telegram server says - Conflict: terminated by other getUpdates request; make sure that only one bot instance is running
WARNING:aiogram.dispatcher:Sleep for 5.121558 seconds and try again... (tryings = 7, bot id = 8998435518)
ERROR:aiogram.dispatcher:Failed to fetch updates - TelegramConflictError: Telegram server says - Conflict: terminated by other getUpdates request; make sure that only one bot instance is running
WARNING:aiogram.dispatcher:Sleep for 5.033926 seconds and try again... (tryings = 7, bot id = 8998435518)
ERROR:aiogram.dispatcher:Failed to fetch updates - TelegramConflictError: Telegram server says - Conflict: terminated by other getUpdates request; make sure that only one bot instance is running
WARNING:aiogram.dispatcher:Sleep for 5.002418 seconds and try again... (tryings = 8, bot id = 8998435518)
ERROR:aiogram.dispatcher:Failed to fetch updates - TelegramConflictError: Telegram server says - Conflict: terminated by other getUpdates request; make sure that only one bot instance is running
WARNING:aiogram.dispatcher:Sleep for 5.007175 seconds and try again... (tryings = 8, bot id = 8998435518)
ERROR:aiogram.dispatcher:Failed to fetch updates - TelegramConflictError: Telegram server says - Conflict: terminated by other getUpdates request; make sure that only one bot instance is running
WARNING:aiogram.dispatcher:Sleep for 5.051994 seconds and try again... (tryings = 9, bot id = 8998435518)
ERROR:aiogram.dispatcher:Failed to fetch updates - TelegramConflictError: Telegram server says - Conflict: terminated by other getUpdates request; make sure that only one bot instance is running
WARNING:aiogram.dispatcher:Sleep for 5.026839 seconds and try again... (tryings = 9, bot id = 8998435518)
ERROR:aiogram.dispatcher:Failed to fetch updates - TelegramConflictError: Telegram server says - Conflict: terminated by other getUpdates request; make sure that only one bot instance is running
WARNING:aiogram.dispatcher:Sleep for 5.100464 seconds and try again... (tryings = 10, bot id = 8998435518)
ERROR:aiogram.dispatcher:Failed to fetch updates - TelegramConflictError: Telegram server says - Conflict: terminated by other getUpdates request; make sure that only one bot instance is running
WARNING:aiogram.dispatcher:Sleep for 5.014639 seconds and try again... (tryings = 10, bot id = 8998435518)
ERROR:aiogram.dispatcher:Failed to fetch updates - TelegramConflictError: Telegram server says - Conflict: terminated by other getUpdates request; make sure that only one bot instance is running
WARNING:aiogram.dispatcher:Sleep for 4.795982 seconds and try again... (tryings = 11, bot id = 8998435518)
ERROR:aiogram.dispatcher:Failed to fetch updates - TelegramConflictError: Telegram server says - Conflict: terminated by other getUpdates request; make sure that only one bot instance is running
WARNING:aiogram.dispatcher:Sleep for 4.912515 seconds and try again... (tryings = 11, bot id = 8998435518)
ERROR:aiogram.dispatcher:Failed to fetch updates - TelegramConflictError: Telegram server says - Conflict: terminated by other getUpdates request; make sure that only one bot instance is running
WARNING:aiogram.dispatcher:Sleep for 4.971141 seconds and try again... (tryings = 12, bot id = 8998435518)
ERROR:aiogram.dispatcher:Failed to fetch updates - TelegramConflictError: Telegram server says - Conflict: terminated by other getUpdates request; make sure that only one bot instance is running
WARNING:aiogram.dispatcher:Sleep for 5.040137 seconds and try again... (tryings = 12, bot id = 8998435518)
ERROR:aiogram.dispatcher:Failed to fetch updates - TelegramConflictError: Telegram server says - Conflict: terminated by other getUpdates request; make sure that only one bot instance is running
WARNING:aiogram.dispatcher:Sleep for 5.040454 seconds and try again... (tryings = 13, bot id = 8998435518)
ERROR:aiogram.dispatcher:Failed to fetch updates - TelegramConflictError: Telegram server says - Conflict: terminated by other getUpdates request; make sure that only one bot instance is running
WARNING:aiogram.dispatcher:Sleep for 4.891207 seconds and try again... (tryings = 13, bot id = 8998435518)
ERROR:aiogram.dispatcher:Failed to fetch updates - TelegramConflictError: Telegram server says - Conflict: terminated by other getUpdates request; make sure that only one bot instance is running
WARNING:aiogram.dispatcher:Sleep for 4.850632 seconds and try again... (tryings = 14, bot id = 8998435518)
ERROR:aiogram.dispatcher:Failed to fetch updates - TelegramConflictError: Telegram server says - Conflict: terminated by other getUpdates request; make sure that only one bot instance is running
WARNING:aiogram.dispatcher:Sleep for 4.992874 seconds and try again... (tryings = 14, bot id = 8998435518)
ERROR:aiogram.dispatcher:Failed to fetch updates - TelegramConflictError: Telegram server says - Conflict: terminated by other getUpdates request; make sure that only one bot instance is running
WARNING:aiogram.dispatcher:Sleep for 5.083081 seconds and try again... (tryings = 15, bot id = 8998435518)
ERROR:aiogram.dispatcher:Failed to fetch updates - TelegramConflictError: Telegram server says - Conflict: terminated by other getUpdates request; make sure that only one bot instance is running
WARNING:aiogram.dispatcher:Sleep for 4.956819 seconds and try again... (tryings = 15, bot id = 8998435518)
ERROR:aiogram.dispatcher:Failed to fetch updates - TelegramConflictError: Telegram server says - Conflict: terminated by other getUpdates request; make sure that only one bot instance is running
WARNING:aiogram.dispatcher:Sleep for 5.044562 seconds and try again... (tryings = 16, bot id = 8998435518)
ERROR:aiogram.dispatcher:Failed to fetch updates - TelegramConflictError: Telegram server says - Conflict: terminated by other getUpdates request; make sure that only one bot instance is running
WARNING:aiogram.dispatcher:Sleep for 4.797282 seconds and try again... (tryings = 16, bot id = 8998435518)
ERROR:aiogram.dispatcher:Failed to fetch updates - TelegramConflictError: Telegram server says - Conflict: terminated by other getUpdates request; make sure that only one bot instance is running
WARNING:aiogram.dispatcher:Sleep for 5.134876 seconds and try again... (tryings = 17, bot id = 8998435518)
ERROR:aiogram.dispatcher:Failed to fetch updates - TelegramConflictError: Telegram server says - Conflict: terminated by other getUpdates request; make sure that only one bot instance is running
WARNING:aiogram.dispatcher:Sleep for 4.993394 seconds and try again... (tryings = 17, bot id = 8998435518)
ERROR:aiogram.dispatcher:Failed to fetch updates - TelegramConflictError: Telegram server says - Conflict: terminated by other getUpdates request; make sure that only one bot instance is running
WARNING:aiogram.dispatcher:Sleep for 4.843276 seconds and try again... (tryings = 18, bot id = 8998435518)
ERROR:aiogram.dispatcher:Failed to fetch updates - TelegramConflictError: Telegram server says - Conflict: terminated by other getUpdates request; make sure that only one bot instance is running
WARNING:aiogram.dispatcher:Sleep for 5.026005 seconds and try again... (tryings = 18, bot id = 8998435518)
ERROR:aiogram.dispatcher:Failed to fetch updates - TelegramConflictError: Telegram server says - Conflict: terminated by other getUpdates request; make sure that only one bot instance is running
WARNING:aiogram.dispatcher:Sleep for 5.216632 seconds and try again... (tryings = 19, bot id = 8998435518)
ERROR:aiogram.dispatcher:Failed to fetch updates - TelegramConflictError: Telegram server says - Conflict: terminated by other getUpdates request; make sure that only one bot instance is running
WARNING:aiogram.dispatcher:Sleep for 4.915285 seconds and try again... (tryings = 19, bot id = 8998435518)
ERROR:aiogram.dispatcher:Failed to fetch updates - TelegramConflictError: Telegram server says - Conflict: terminated by other getUpdates request; make sure that only one bot instance is running
WARNING:aiogram.dispatcher:Sleep for 4.930064 seconds and try again... (tryings = 20, bot id = 8998435518)
ERROR:aiogram.dispatcher:Failed to fetch updates - TelegramConflictError: Telegram server says - Conflict: terminated by other getUpdates request; make sure that only one bot instance is running
WARNING:aiogram.dispatcher:Sleep for 5.093327 seconds and try again... (tryings = 20, bot id = 8998435518)
ERROR:aiogram.dispatcher:Failed to fetch updates - TelegramConflictError: Telegram server says - Conflict: terminated by other getUpdates request; make sure that only one bot instance is running
WARNING:aiogram.dispatcher:Sleep for 4.887799 seconds and try again... (tryings = 21, bot id = 8998435518)
ERROR:aiogram.dispatcher:Failed to fetch updates - TelegramConflictError: Telegram server says - Conflict: terminated by other getUpdates request; make sure that only one bot instance is running
WARNING:aiogram.dispatcher:Sleep for 4.902855 seconds and try again... (tryings = 21, bot id = 8998435518)
ERROR:aiogram.dispatcher:Failed to fetch updates - TelegramConflictError: Telegram server says - Conflict: terminated by other getUpdates request; make sure that only one bot instance is running
WARNING:aiogram.dispatcher:Sleep for 4.933557 seconds and try again... (tryings = 22, bot id = 8998435518)
ERROR:aiogram.dispatcher:Failed to fetch updates - TelegramConflictError: Telegram server says - Conflict: terminated by other getUpdates request; make sure that only one bot instance is running
WARNING:aiogram.dispatcher:Sleep for 4.966776 seconds and try again... (tryings = 22, bot id = 8998435518)
ERROR:aiogram.dispatcher:Failed to fetch updates - TelegramConflictError: Telegram server says - Conflict: terminated by other getUpdates request; make sure that only one bot instance is running
WARNING:aiogram.dispatcher:Sleep for 4.920185 seconds and try again... (tryings = 23, bot id = 8998435518)
ERROR:aiogram.dispatcher:Failed to fetch updates - TelegramConflictError: Telegram server says - Conflict: terminated by other getUpdates request; make sure that only one bot instance is running
WARNING:aiogram.dispatcher:Sleep for 4.950095 seconds and try again... (tryings = 23, bot id = 8998435518)
ERROR:aiogram.dispatcher:Failed to fetch updates - TelegramConflictError: Telegram server says - Conflict: terminated by other getUpdates request; make sure that only one bot instance is running
WARNING:aiogram.dispatcher:Sleep for 4.934298 seconds and try again... (tryings = 24, bot id = 8998435518)
ERROR:aiogram.dispatcher:Failed to fetch updates - TelegramConflictError: Telegram server says - Conflict: terminated by other getUpdates request; make sure that only one bot instance is running
WARNING:aiogram.dispatcher:Sleep for 4.953465 seconds and try again... (tryings = 24, bot id = 8998435518)
ERROR:aiogram.dispatcher:Failed to fetch updates - TelegramConflictError: Telegram server says - Conflict: terminated by other getUpdates request; make sure that only one bot instance is running
WARNING:aiogram.dispatcher:Sleep for 5.085148 seconds and try again... (tryings = 25, bot id = 8998435518)
ERROR:aiogram.dispatcher:Failed to fetch updates - TelegramConflictError: Telegram server says - Conflict: terminated by other getUpdates request; make sure that only one bot instance is running
WARNING:aiogram.dispatcher:Sleep for 5.039143 seconds and try again... (tryings = 25, bot id = 8998435518)
ERROR:aiogram.dispatcher:Failed to fetch updates - TelegramConflictError: Telegram server says - Conflict: terminated by other getUpdates request; make sure that only one bot instance is running
WARNING:aiogram.dispatcher:Sleep for 4.926521 seconds and try again... (tryings = 26, bot id = 8998435518)
ERROR:aiogram.dispatcher:Failed to fetch updates - TelegramConflictError: Telegram server says - Conflict: terminated by other getUpdates request; make sure that only one bot instance is running
WARNING:aiogram.dispatcher:Sleep for 5.052953 seconds and try again... (tryings = 26, bot id = 8998435518)
ERROR:aiogram.dispatcher:Failed to fetch updates - TelegramConflictError: Telegram server says - Conflict: terminated by other getUpdates request; make sure that only one bot instance is running
WARNING:aiogram.dispatcher:Sleep for 4.833740 seconds and try again... (tryings = 27, bot id = 8998435518)
ERROR:aiogram.dispatcher:Failed to fetch updates - TelegramConflictError: Telegram server says - Conflict: terminated by other getUpdates request; make sure that only one bot instance is running
WARNING:aiogram.dispatcher:Sleep for 4.942212 seconds and try again... (tryings = 27, bot id = 8998435518)
ERROR:aiogram.dispatcher:Failed to fetch updates - TelegramConflictError: Telegram server says - Conflict: terminated by other getUpdates request; make sure that only one bot instance is running
WARNING:aiogram.dispatcher:Sleep for 5.251249 seconds and try again... (tryings = 28, bot id = 8998435518)
ERROR:aiogram.dispatcher:Failed to fetch updates - TelegramConflictError: Telegram server says - Conflict: terminated by other getUpdates request; make sure that only one bot instance is running
WARNING:aiogram.dispatcher:Sleep for 4.957392 seconds and try again... (tryings = 28, bot id = 8998435518)
ERROR:aiogram.dispatcher:Failed to fetch updates - TelegramConflictError: Telegram server says - Conflict: terminated by other getUpdates request; make sure that only one bot instance is running
WARNING:aiogram.dispatcher:Sleep for 4.888084 seconds and try again... (tryings = 29, bot id = 8998435518)
ERROR:aiogram.dispatcher:Failed to fetch updates - TelegramConflictError: Telegram server says - Conflict: terminated by other getUpdates request; make sure that only one bot instance is running
WARNING:aiogram.dispatcher:Sleep for 5.070535 seconds and try again... (tryings = 29, bot id = 8998435518)
ERROR:aiogram.dispatcher:Failed to fetch updates - TelegramConflictError: Telegram server says - Conflict: terminated by other getUpdates request; make sure that only one bot instance is running
WARNING:aiogram.dispatcher:Sleep for 4.871073 seconds and try again... (tryings = 30, bot id = 8998435518)
ERROR:aiogram.dispatcher:Failed to fetch updates - TelegramConflictError: Telegram server says - Conflict: terminated by other getUpdates request; make sure that only one bot instance is running
WARNING:aiogram.dispatcher:Sleep for 5.042312 seconds and try again... (tryings = 30, bot id = 8998435518)
ERROR:aiogram.dispatcher:Failed to fetch updates - TelegramConflictError: Telegram server says - Conflict: terminated by other getUpdates request; make sure that only one bot instance is running
WARNING:aiogram.dispatcher:Sleep for 5.251637 seconds and try again... (tryings = 31, bot id = 8998435518)
ERROR:aiogram.dispatcher:Failed to fetch updates - TelegramConflictError: Telegram server says - Conflict: terminated by other getUpdates request; make sure that only one bot instance is running
WARNING:aiogram.dispatcher:Sleep for 4.980704 seconds and try again... (tryings = 31, bot id = 8998435518)
ERROR:aiogram.dispatcher:Failed to fetch updates - TelegramConflictError: Telegram server says - Conflict: terminated by other getUpdates request; make sure that only one bot instance is running
WARNING:aiogram.dispatcher:Sleep for 5.085520 seconds and try again... (tryings = 32, bot id = 8998435518)
ERROR:aiogram.dispatcher:Failed to fetch updates - TelegramConflictError: Telegram server says - Conflict: terminated by other getUpdates request; make sure that only one bot instance is running
WARNING:aiogram.dispatcher:Sleep for 4.966781 seconds and try again... (tryings = 32, bot id = 8998435518)
ERROR:aiogram.dispatcher:Failed to fetch updates - TelegramConflictError: Telegram server says - Conflict: terminated by other getUpdates request; make sure that only one bot instance is running
WARNING:aiogram.dispatcher:Sleep for 4.962705 seconds and try again... (tryings = 33, bot id = 8998435518)
ERROR:aiogram.dispatcher:Failed to fetch updates - TelegramConflictError: Telegram server says - Conflict: terminated by other getUpdates request; make sure that only one bot instance is running
WARNING:aiogram.dispatcher:Sleep for 5.075512 seconds and try again... (tryings = 33, bot id = 8998435518)
ERROR:aiogram.dispatcher:Failed to fetch updates - TelegramConflictError: Telegram server says - Conflict: terminated by other getUpdates request; make sure that only one bot instance is running
WARNING:aiogram.dispatcher:Sleep for 5.089802 seconds and try again... (tryings = 34, bot id = 8998435518)
ERROR:aiogram.dispatcher:Failed to fetch updates - TelegramConflictError: Telegram server says - Conflict: terminated by other getUpdates request; make sure that only one bot instance is running
WARNING:aiogram.dispatcher:Sleep for 5.068109 seconds and try again... (tryings = 34, bot id = 8998435518)
ERROR:aiogram.dispatcher:Failed to fetch updates - TelegramConflictError: Telegram server says - Conflict: terminated by other getUpdates request; make sure that only one bot instance is running
WARNING:aiogram.dispatcher:Sleep for 4.819214 seconds and try again... (tryings = 35, bot id = 8998435518)
ERROR:aiogram.dispatcher:Failed to fetch updates - TelegramConflictError: Telegram server says - Conflict: terminated by other getUpdates request; make sure that only one bot instance is running
WARNING:aiogram.dispatcher:Sleep for 5.084782 seconds and try again... (tryings = 35, bot id = 8998435518)
ERROR:aiogram.dispatcher:Failed to fetch updates - TelegramConflictError: Telegram server says - Conflict: terminated by other getUpdates request; make sure that only one bot instance is running
WARNING:aiogram.dispatcher:Sleep for 5.118060 seconds and try again... (tryings = 36, bot id = 8998435518)
ERROR:aiogram.dispatcher:Failed to fetch updates - TelegramConflictError: Telegram server says - Conflict: terminated by other getUpdates request; make sure that only one bot instance is running
WARNING:aiogram.dispatcher:Sleep for 4.899585 seconds and try again... (tryings = 36, bot id = 8998435518)
ERROR:aiogram.dispatcher:Failed to fetch updates - TelegramConflictError: Telegram server says - Conflict: terminated by other getUpdates request; make sure that only one bot instance is running
WARNING:aiogram.dispatcher:Sleep for 5.023805 seconds and try again... (tryings = 37, bot id = 8998435518)
ERROR:aiogram.dispatcher:Failed to fetch updates - TelegramConflictError: Telegram server says - Conflict: terminated by other getUpdates request; make sure that only one bot instance is running
WARNING:aiogram.dispatcher:Sleep for 4.828787 seconds and try again... (tryings = 37, bot id = 8998435518)
ERROR:aiogram.dispatcher:Failed to fetch updates - TelegramConflictError: Telegram server says - Conflict: terminated by other getUpdates request; make sure that only one bot instance is running
WARNING:aiogram.dispatcher:Sleep for 4.909583 seconds and try again... (tryings = 38, bot id = 8998435518)
ERROR:aiogram.dispatcher:Failed to fetch updates - TelegramConflictError: Telegram server says - Conflict: terminated by other getUpdates request; make sure that only one bot instance is running
WARNING:aiogram.dispatcher:Sleep for 5.200389 seconds and try again... (tryings = 38, bot id = 8998435518)
ERROR:aiogram.dispatcher:Failed to fetch updates - TelegramConflictError: Telegram server says - Conflict: terminated by other getUpdates request; make sure that only one bot instance is running
WARNING:aiogram.dispatcher:Sleep for 4.942211 seconds and try again... (tryings = 39, bot id = 8998435518)
ERROR:aiogram.dispatcher:Failed to fetch updates - TelegramConflictError: Telegram server says - Conflict: terminated by other getUpdates request; make sure that only one bot instance is running
WARNING:aiogram.dispatcher:Sleep for 4.982793 seconds and try again... (tryings = 39, bot id = 8998435518)
ERROR:aiogram.dispatcher:Failed to fetch updates - TelegramConflictError: Telegram server says - Conflict: terminated by other getUpdates request; make sure that only one bot instance is running
WARNING:aiogram.dispatcher:Sleep for 4.960367 seconds and try again... (tryings = 40, bot id = 8998435518)
ERROR:aiogram.dispatcher:Failed to fetch updates - TelegramConflictError: Telegram server says - Conflict: terminated by other getUpdates request; make sure that only one bot instance is running
WARNING:aiogram.dispatcher:Sleep for 5.191422 seconds and try again... (tryings = 40, bot id = 8998435518)
ERROR:aiogram.dispatcher:Failed to fetch updates - TelegramConflictError: Telegram server says - Conflict: terminated by other getUpdates request; make sure that only one bot instance is running
WARNING:aiogram.dispatcher:Sleep for 4.957525 seconds and try again... (tryings = 41, bot id = 8998435518)
ERROR:aiogram.dispatcher:Failed to fetch updates - TelegramConflictError: Telegram server says - Conflict: terminated by other getUpdates request; make sure that only one bot instance is running
WARNING:aiogram.dispatcher:Sleep for 5.002127 seconds and try again... (tryings = 41, bot id = 8998435518)
ERROR:aiogram.dispatcher:Failed to fetch updates - TelegramConflictError: Telegram server says - Conflict: terminated by other getUpdates request; make sure that only one bot instance is running
WARNING:aiogram.dispatcher:Sleep for 4.889064 seconds and try again... (tryings = 42, bot id = 8998435518)
ERROR:aiogram.dispatcher:Failed to fetch updates - TelegramConflictError: Telegram server says - Conflict: terminated by other getUpdates request; make sure that only one bot instance is running
WARNING:aiogram.dispatcher:Sleep for 5.020171 seconds and try again... (tryings = 42, bot id = 8998435518)
ERROR:aiogram.dispatcher:Failed to fetch updates - TelegramConflictError: Telegram server says - Conflict: terminated by other getUpdates request; make sure that only one bot instance is running
WARNING:aiogram.dispatcher:Sleep for 4.837955 seconds and try again... (tryings = 43, bot id = 8998435518)
ERROR:aiogram.dispatcher:Failed to fetch updates - TelegramConflictError: Telegram server says - Conflict: terminated by other getUpdates request; make sure that only one bot instance is running
WARNING:aiogram.dispatcher:Sleep for 4.877141 seconds and try again... (tryings = 43, bot id = 8998435518)
ERROR:aiogram.dispatcher:Failed to fetch updates - TelegramConflictError: Telegram server says - Conflict: terminated by other getUpdates request; make sure that only one bot instance is running
WARNING:aiogram.dispatcher:Sleep for 5.208833 seconds and try again... (tryings = 44, bot id = 8998435518)
ERROR:aiogram.dispatcher:Failed to fetch updates - TelegramConflictError: Telegram server says - Conflict: terminated by other getUpdates request; make sure that only one bot instance is running
WARNING:aiogram.dispatcher:Sleep for 4.864656 seconds and try again... (tryings = 44, bot id = 8998435518)
ERROR:aiogram.dispatcher:Failed to fetch updates - TelegramConflictError: Telegram server says - Conflict: terminated by other getUpdates request; make sure that only one bot instance is running
WARNING:aiogram.dispatcher:Sleep for 4.971086 seconds and try again... (tryings = 45, bot id = 8998435518)
ERROR:aiogram.dispatcher:Failed to fetch updates - TelegramConflictError: Telegram server says - Conflict: terminated by other getUpdates request; make sure that only one bot instance is running
WARNING:aiogram.dispatcher:Sleep for 5.012644 seconds and try again... (tryings = 45, bot id = 8998435518)
ERROR:aiogram.dispatcher:Failed to fetch updates - TelegramConflictError: Telegram server says - Conflict: terminated by other getUpdates request; make sure that only one bot instance is running
WARNING:aiogram.dispatcher:Sleep for 5.003699 seconds and try again... (tryings = 46, bot id = 8998435518)
ERROR:aiogram.dispatcher:Failed to fetch updates - TelegramConflictError: Telegram server says - Conflict: terminated by other getUpdates request; make sure that only one bot instance is running
WARNING:aiogram.dispatcher:Sleep for 5.255850 seconds and try again... (tryings = 46, bot id = 8998435518)
ERROR:aiogram.dispatcher:Failed to fetch updates - TelegramConflictError: Telegram server says - Conflict: terminated by other getUpdates request; make sure that only one bot instance is running
WARNING:aiogram.dispatcher:Sleep for 4.947051 seconds and try again... (tryings = 47, bot id = 8998435518)
ERROR:aiogram.dispatcher:Failed to fetch updates - TelegramConflictError: Telegram server says - Conflict: terminated by other getUpdates request; make sure that only one bot instance is running
WARNING:aiogram.dispatcher:Sleep for 4.860573 seconds and try again... (tryings = 47, bot id = 8998435518)
ERROR:aiogram.dispatcher:Failed to fetch updates - TelegramConflictError: Telegram server says - Conflict: terminated by other getUpdates request; make sure that only one bot instance is running
WARNING:aiogram.dispatcher:Sleep for 5.096628 seconds and try again... (tryings = 48, bot id = 8998435518)
ERROR:aiogram.dispatcher:Failed to fetch updates - TelegramConflictError: Telegram server says - Conflict: terminated by other getUpdates request; make sure that only one bot instance is running
WARNING:aiogram.dispatcher:Sleep for 4.997168 seconds and try again... (tryings = 48, bot id = 8998435518)
ERROR:aiogram.dispatcher:Failed to fetch updates - TelegramConflictError: Telegram server says - Conflict: terminated by other getUpdates request; make sure that only one bot instance is running
WARNING:aiogram.dispatcher:Sleep for 5.058036 seconds and try again... (tryings = 49, bot id = 8998435518)
ERROR:aiogram.dispatcher:Failed to fetch updates - TelegramConflictError: Telegram server says - Conflict: terminated by other getUpdates request; make sure that only one bot instance is running
WARNING:aiogram.dispatcher:Sleep for 5.065818 seconds and try again... (tryings = 49, bot id = 8998435518)
ERROR:aiogram.dispatcher:Failed to fetch updates - TelegramConflictError: Telegram server says - Conflict: terminated by other getUpdates request; make sure that only one bot instance is running
WARNING:aiogram.dispatcher:Sleep for 4.886641 seconds and try again... (tryings = 50, bot id = 8998435518)
ERROR:aiogram.dispatcher:Failed to fetch updates - TelegramConflictError: Telegram server says - Conflict: terminated by other getUpdates request; make sure that only one bot instance is running
WARNING:aiogram.dispatcher:Sleep for 4.982920 seconds and try again... (tryings = 50, bot id = 8998435518)
ERROR:aiogram.dispatcher:Failed to fetch updates - TelegramConflictError: Telegram server says - Conflict: terminated by other getUpdates request; make sure that only one bot instance is running
WARNING:aiogram.dispatcher:Sleep for 4.967380 seconds and try again... (tryings = 51, bot id = 8998435518)
ERROR:aiogram.dispatcher:Failed to fetch updates - TelegramConflictError: Telegram server says - Conflict: terminated by other getUpdates request; make sure that only one bot instance is running
WARNING:aiogram.dispatcher:Sleep for 5.139754 seconds and try again... (tryings = 51, bot id = 8998435518)
ERROR:aiogram.dispatcher:Failed to fetch updates - TelegramConflictError: Telegram server says - Conflict: terminated by other getUpdates request; make sure that only one bot instance is running
WARNING:aiogram.dispatcher:Sleep for 4.942270 seconds and try again... (tryings = 52, bot id = 8998435518)
ERROR:aiogram.dispatcher:Failed to fetch updates - TelegramConflictError: Telegram server says - Conflict: terminated by other getUpdates request; make sure that only one bot instance is running
WARNING:aiogram.dispatcher:Sleep for 4.986535 seconds and try again... (tryings = 52, bot id = 8998435518)
ERROR:aiogram.dispatcher:Failed to fetch updates - TelegramConflictError: Telegram server says - Conflict: terminated by other getUpdates request; make sure that only one bot instance is running
WARNING:aiogram.dispatcher:Sleep for 4.905141 seconds and try again... (tryings = 53, bot id = 8998435518)
ERROR:aiogram.dispatcher:Failed to fetch updates - TelegramConflictError: Telegram server says - Conflict: terminated by other getUpdates request; make sure that only one bot instance is running
WARNING:aiogram.dispatcher:Sleep for 5.091226 seconds and try again... (tryings = 53, bot id = 8998435518)
ERROR:aiogram.dispatcher:Failed to fetch updates - TelegramConflictError: Telegram server says - Conflict: terminated by other getUpdates request; make sure that only one bot instance is running
WARNING:aiogram.dispatcher:Sleep for 4.942855 seconds and try again... (tryings = 54, bot id = 8998435518)
ERROR:aiogram.dispatcher:Failed to fetch updates - TelegramConflictError: Telegram server says - Conflict: terminated by other getUpdates request; make sure that only one bot instance is running
WARNING:aiogram.dispatcher:Sleep for 4.868136 seconds and try again... (tryings = 54, bot id = 8998435518)
ERROR:aiogram.dispatcher:Failed to fetch updates - TelegramConflictError: Telegram server says - Conflict: terminated by other getUpdates request; make sure that only one bot instance is running
WARNING:aiogram.dispatcher:Sleep for 5.031334 seconds and try again... (tryings = 55, bot id = 8998435518)
ERROR:aiogram.dispatcher:Failed to fetch updates - TelegramConflictError: Telegram server says - Conflict: terminated by other getUpdates request; make sure that only one bot instance is running
WARNING:aiogram.dispatcher:Sleep for 5.083918 seconds and try again... (tryings = 55, bot id = 8998435518)
ERROR:aiogram.dispatcher:Failed to fetch updates - TelegramConflictError: Telegram server says - Conflict: terminated by other getUpdates request; make sure that only one bot instance is running
WARNING:aiogram.dispatcher:Sleep for 4.955419 seconds and try again... (tryings = 56, bot id = 8998435518)
ERROR:aiogram.dispatcher:Failed to fetch updates - TelegramConflictError: Telegram server says - Conflict: terminated by other getUpdates request; make sure that only one bot instance is running
WARNING:aiogram.dispatcher:Sleep for 4.847176 seconds and try again... (tryings = 56, bot id = 8998435518)
ERROR:aiogram.dispatcher:Failed to fetch updates - TelegramConflictError: Telegram server says - Conflict: terminated by other getUpdates request; make sure that only one bot instance is running
WARNING:aiogram.dispatcher:Sleep for 4.855077 seconds and try again... (tryings = 57, bot id = 8998435518)
ERROR:aiogram.dispatcher:Failed to fetch updates - TelegramConflictError: Telegram server says - Conflict: terminated by other getUpdates request; make sure that only one bot instance is running
WARNING:aiogram.dispatcher:Sleep for 4.995758 seconds and try again... (tryings = 57, bot id = 8998435518)
ERROR:aiogram.dispatcher:Failed to fetch updates - TelegramConflictError: Telegram server says - Conflict: terminated by other getUpdates request; make sure that only one bot instance is running
WARNING:aiogram.dispatcher:Sleep for 5.040866 seconds and try again... (tryings = 58, bot id = 8998435518)
ERROR:aiogram.dispatcher:Failed to fetch updates - TelegramConflictError: Telegram server says - Conflict: terminated by other getUpdates request; make sure that only one bot instance is running
WARNING:aiogram.dispatcher:Sleep for 5.065260 seconds and try again... (tryings = 58, bot id = 8998435518)
ERROR:aiogram.dispatcher:Failed to fetch updates - TelegramConflictError: Telegram server says - Conflict: terminated by other getUpdates request; make sure that only one bot instance is running
WARNING:aiogram.dispatcher:Sleep for 4.943306 seconds and try again... (tryings = 59, bot id = 8998435518)
ERROR:aiogram.dispatcher:Failed to fetch updates - TelegramConflictError: Telegram server says - Conflict: terminated by other getUpdates request; make sure that only one bot instance is running
WARNING:aiogram.dispatcher:Sleep for 5.073475 seconds and try again... (tryings = 59, bot id = 8998435518)
ERROR:aiogram.dispatcher:Failed to fetch updates - TelegramConflictError: Telegram server says - Conflict: terminated by other getUpdates request; make sure that only one bot instance is running
WARNING:aiogram.dispatcher:Sleep for 5.066054 seconds and try again... (tryings = 60, bot id = 8998435518)
ERROR:aiogram.dispatcher:Failed to fetch updates - TelegramConflictError: Telegram server says - Conflict: terminated by other getUpdates request; make sure that only one bot instance is running
WARNING:aiogram.dispatcher:Sleep for 4.833423 seconds and try again... (tryings = 60, bot id = 8998435518)
ERROR:aiogram.dispatcher:Failed to fetch updates - TelegramConflictError: Telegram server says - Conflict: terminated by other getUpdates request; make sure that only one bot instance is running
WARNING:aiogram.dispatcher:Sleep for 5.023196 seconds and try again... (tryings = 61, bot id = 8998435518)
ERROR:aiogram.dispatcher:Failed to fetch updates - TelegramConflictError: Telegram server says - Conflict: terminated by other getUpdates request; make sure that only one bot instance is running
WARNING:aiogram.dispatcher:Sleep for 4.928152 seconds and try again... (tryings = 61, bot id = 8998435518)
ERROR:aiogram.dispatcher:Failed to fetch updates - TelegramConflictError: Telegram server says - Conflict: terminated by other getUpdates request; make sure that only one bot instance is running
WARNING:aiogram.dispatcher:Sleep for 5.096054 seconds and try again... (tryings = 62, bot id = 8998435518)
ERROR:aiogram.dispatcher:Failed to fetch updates - TelegramConflictError: Telegram server says - Conflict: terminated by other getUpdates request; make sure that only one bot instance is running
WARNING:aiogram.dispatcher:Sleep for 5.100265 seconds and try again... (tryings = 62, bot id = 8998435518)
ERROR:aiogram.dispatcher:Failed to fetch updates - TelegramConflictError: Telegram server says - Conflict: terminated by other getUpdates request; make sure that only one bot instance is running
WARNING:aiogram.dispatcher:Sleep for 4.788482 seconds and try again... (tryings = 63, bot id = 8998435518)
ERROR:aiogram.dispatcher:Failed to fetch updates - TelegramConflictError: Telegram server says - Conflict: terminated by other getUpdates request; make sure that only one bot instance is running
WARNING:aiogram.dispatcher:Sleep for 5.051276 seconds and try again... (tryings = 63, bot id = 8998435518)
ERROR:aiogram.dispatcher:Failed to fetch updates - TelegramConflictError: Telegram server says - Conflict: terminated by other getUpdates request; make sure that only one bot instance is running
WARNING:aiogram.dispatcher:Sleep for 4.936826 seconds and try again... (tryings = 64, bot id = 8998435518)
ERROR:aiogram.dispatcher:Failed to fetch updates - TelegramConflictError: Telegram server says - Conflict: terminated by other getUpdates request; make sure that only one bot instance is running
WARNING:aiogram.dispatcher:Sleep for 4.986885 seconds and try again... (tryings = 64, bot id = 8998435518)
ERROR:aiogram.dispatcher:Failed to fetch updates - TelegramConflictError: Telegram server says - Conflict: terminated by other getUpdates request; make sure that only one bot instance is running
WARNING:aiogram.dispatcher:Sleep for 4.814431 seconds and try again... (tryings = 65, bot id = 8998435518)
ERROR:aiogram.dispatcher:Failed to fetch updates - TelegramConflictError: Telegram server says - Conflict: terminated by other getUpdates request; make sure that only one bot instance is running
WARNING:aiogram.dispatcher:Sleep for 4.974665 seconds and try again... (tryings = 65, bot id = 8998435518)
ERROR:aiogram.dispatcher:Failed to fetch updates - TelegramConflictError: Telegram server says - Conflict: terminated by other getUpdates request; make sure that only one bot instance is running
WARNING:aiogram.dispatcher:Sleep for 5.010146 seconds and try again... (tryings = 66, bot id = 8998435518)
ERROR:aiogram.dispatcher:Failed to fetch updates - TelegramConflictError: Telegram server says - Conflict: terminated by other getUpdates request; make sure that only one bot instance is running
WARNING:aiogram.dispatcher:Sleep for 5.098266 seconds and try again... (tryings = 66, bot id = 8998435518)
ERROR:aiogram.dispatcher:Failed to fetch updates - TelegramConflictError: Telegram server says - Conflict: terminated by other getUpdates request; make sure that only one bot instance is running
WARNING:aiogram.dispatcher:Sleep for 5.049486 seconds and try again... (tryings = 67, bot id = 8998435518)
ERROR:aiogram.dispatcher:Failed to fetch updates - TelegramConflictError: Telegram server says - Conflict: terminated by other getUpdates request; make sure that only one bot instance is running
WARNING:aiogram.dispatcher:Sleep for 5.165352 seconds and try again... (tryings = 67, bot id = 8998435518)
ERROR:aiogram.dispatcher:Failed to fetch updates - TelegramConflictError: Telegram server says - Conflict: terminated by other getUpdates request; make sure that only one bot instance is running
WARNING:aiogram.dispatcher:Sleep for 5.003990 seconds and try again... (tryings = 68, bot id = 8998435518)
ERROR:aiogram.dispatcher:Failed to fetch updates - TelegramConflictError: Telegram server says - Conflict: terminated by other getUpdates request; make sure that only one bot instance is running
WARNING:aiogram.dispatcher:Sleep for 4.990136 seconds and try again... (tryings = 68, bot id = 8998435518)
ERROR:aiogram.dispatcher:Failed to fetch updates - TelegramConflictError: Telegram server says - Conflict: terminated by other getUpdates request; make sure that only one bot instance is running
WARNING:aiogram.dispatcher:Sleep for 4.925318 seconds and try again... (tryings = 69, bot id = 8998435518)
ERROR:aiogram.dispatcher:Failed to fetch updates - TelegramConflictError: Telegram server says - Conflict: terminated by other getUpdates request; make sure that only one bot instance is running
WARNING:aiogram.dispatcher:Sleep for 5.064037 seconds and try again... (tryings = 69, bot id = 8998435518)
ERROR:aiogram.dispatcher:Failed to fetch updates - TelegramConflictError: Telegram server says - Conflict: terminated by other getUpdates request; make sure that only one bot instance is running
WARNING:aiogram.dispatcher:Sleep for 5.014980 seconds and try again... (tryings = 70, bot id = 8998435518)
ERROR:aiogram.dispatcher:Failed to fetch updates - TelegramConflictError: Telegram server says - Conflict: terminated by other getUpdates request; make sure that only one bot instance is running
WARNING:aiogram.dispatcher:Sleep for 5.129696 seconds and try again... (tryings = 70, bot id = 8998435518)
ERROR:aiogram.dispatcher:Failed to fetch updates - TelegramConflictError: Telegram server says - Conflict: terminated by other getUpdates request; make sure that only one bot instance is running
WARNING:aiogram.dispatcher:Sleep for 4.962197 seconds and try again... (tryings = 71, bot id = 8998435518)
ERROR:aiogram.dispatcher:Failed to fetch updates - TelegramConflictError: Telegram server says - Conflict: terminated by other getUpdates request; make sure that only one bot instance is running
WARNING:aiogram.dispatcher:Sleep for 4.980370 seconds and try again... (tryings = 71, bot id = 8998435518)
ERROR:aiogram.dispatcher:Failed to fetch updates - TelegramConflictError: Telegram server says - Conflict: terminated by other getUpdates request; make sure that only one bot instance is running
WARNING:aiogram.dispatcher:Sleep for 5.199259 seconds and try again... (tryings = 72, bot id = 8998435518)
ERROR:aiogram.dispatcher:Failed to fetch updates - TelegramConflictError: Telegram server says - Conflict: terminated by other getUpdates request; make sure that only one bot instance is running
WARNING:aiogram.dispatcher:Sleep for 5.107149 seconds and try again... (tryings = 72, bot id = 8998435518)
ERROR:aiogram.dispatcher:Failed to fetch updates - TelegramConflictError: Telegram server says - Conflict: terminated by other getUpdates request; make sure that only one bot instance is running
WARNING:aiogram.dispatcher:Sleep for 5.052370 seconds and try again... (tryings = 73, bot id = 8998435518)
ERROR:aiogram.dispatcher:Failed to fetch updates - TelegramConflictError: Telegram server says - Conflict: terminated by other getUpdates request; make sure that only one bot instance is running
WARNING:aiogram.dispatcher:Sleep for 5.079771 seconds and try again... (tryings = 73, bot id = 8998435518)
ERROR:aiogram.dispatcher:Failed to fetch updates - TelegramConflictError: Telegram server says - Conflict: terminated by other getUpdates request; make sure that only one bot instance is running
WARNING:aiogram.dispatcher:Sleep for 4.873038 seconds and try again... (tryings = 74, bot id = 8998435518)
ERROR:aiogram.dispatcher:Failed to fetch updates - TelegramConflictError: Telegram server says - Conflict: terminated by other getUpdates request; make sure that only one bot instance is running
WARNING:aiogram.dispatcher:Sleep for 5.186577 seconds and try again... (tryings = 74, bot id = 8998435518)
ERROR:aiogram.dispatcher:Failed to fetch updates - TelegramConflictError: Telegram server says - Conflict: terminated by other getUpdates request; make sure that only one bot instance is running
WARNING:aiogram.dispatcher:Sleep for 4.942310 seconds and try again... (tryings = 75, bot id = 8998435518)
ERROR:aiogram.dispatcher:Failed to fetch updates - TelegramConflictError: Telegram server says - Conflict: terminated by other getUpdates request; make sure that only one bot instance is running
WARNING:aiogram.dispatcher:Sleep for 5.093623 seconds and try again... (tryings = 75, bot id = 8998435518)
ERROR:aiogram.dispatcher:Failed to fetch updates - TelegramConflictError: Telegram server says - Conflict: terminated by other getUpdates request; make sure that only one bot instance is running
WARNING:aiogram.dispatcher:Sleep for 5.008018 seconds and try again... (tryings = 76, bot id = 8998435518)
ERROR:aiogram.dispatcher:Failed to fetch updates - TelegramConflictError: Telegram server says - Conflict: terminated by other getUpdates request; make sure that only one bot instance is running
WARNING:aiogram.dispatcher:Sleep for 5.039694 seconds and try again... (tryings = 76, bot id = 8998435518)
ERROR:aiogram.dispatcher:Failed to fetch updates - TelegramConflictError: Telegram server says - Conflict: terminated by other getUpdates request; make sure that only one bot instance is running
WARNING:aiogram.dispatcher:Sleep for 4.873854 seconds and try again... (tryings = 77, bot id = 8998435518)
ERROR:aiogram.dispatcher:Failed to fetch updates - TelegramConflictError: Telegram server says - Conflict: terminated by other getUpdates request; make sure that only one bot instance is running
WARNING:aiogram.dispatcher:Sleep for 4.971433 seconds and try again... (tryings = 77, bot id = 8998435518)
ERROR:aiogram.dispatcher:Failed to fetch updates - TelegramConflictError: Telegram server says - Conflict: terminated by other getUpdates request; make sure that only one bot instance is running
WARNING:aiogram.dispatcher:Sleep for 4.879942 seconds and try again... (tryings = 78, bot id = 8998435518)
ERROR:aiogram.dispatcher:Failed to fetch updates - TelegramConflictError: Telegram server says - Conflict: terminated by other getUpdates request; make sure that only one bot instance is running
WARNING:aiogram.dispatcher:Sleep for 4.971973 seconds and try again... (tryings = 78, bot id = 8998435518)
ERROR:aiogram.dispatcher:Failed to fetch updates - TelegramConflictError: Telegram server says - Conflict: terminated by other getUpdates request; make sure that only one bot instance is running
WARNING:aiogram.dispatcher:Sleep for 5.114934 seconds and try again... (tryings = 79, bot id = 8998435518)
ERROR:aiogram.dispatcher:Failed to fetch updates - TelegramConflictError: Telegram server says - Conflict: terminated by other getUpdates request; make sure that only one bot instance is running
WARNING:aiogram.dispatcher:Sleep for 5.019260 seconds and try again... (tryings = 79, bot id = 8998435518)
ERROR:aiogram.dispatcher:Failed to fetch updates - TelegramConflictError: Telegram server says - Conflict: terminated by other getUpdates request; make sure that only one bot instance is running
WARNING:aiogram.dispatcher:Sleep for 4.935626 seconds and try again... (tryings = 80, bot id = 8998435518)
ERROR:aiogram.dispatcher:Failed to fetch updates - TelegramConflictError: Telegram server says - Conflict: terminated by other getUpdates request; make sure that only one bot instance is running
WARNING:aiogram.dispatcher:Sleep for 5.005573 seconds and try again... (tryings = 80, bot id = 8998435518)
ERROR:aiogram.dispatcher:Failed to fetch updates - TelegramConflictError: Telegram server says - Conflict: terminated by other getUpdates request; make sure that only one bot instance is running
WARNING:aiogram.dispatcher:Sleep for 5.108741 seconds and try again... (tryings = 81, bot id = 8998435518)
ERROR:aiogram.dispatcher:Failed to fetch updates - TelegramConflictError: Telegram server says - Conflict: terminated by other getUpdates request; make sure that only one bot instance is running
WARNING:aiogram.dispatcher:Sleep for 4.941961 seconds and try again... (tryings = 81, bot id = 8998435518)
ERROR:aiogram.dispatcher:Failed to fetch updates - TelegramConflictError: Telegram server says - Conflict: terminated by other getUpdates request; make sure that only one bot instance is running
WARNING:aiogram.dispatcher:Sleep for 4.823286 seconds and try again... (tryings = 82, bot id = 8998435518)
ERROR:aiogram.dispatcher:Failed to fetch updates - TelegramConflictError: Telegram server says - Conflict: terminated by other getUpdates request; make sure that only one bot instance is running
WARNING:aiogram.dispatcher:Sleep for 4.943450 seconds and try again... (tryings = 82, bot id = 8998435518)
ERROR:aiogram.dispatcher:Failed to fetch updates - TelegramConflictError: Telegram server says - Conflict: terminated by other getUpdates request; make sure that only one bot instance is running
WARNING:aiogram.dispatcher:Sleep for 4.973399 seconds and try again... (tryings = 83, bot id = 8998435518)
ERROR:aiogram.dispatcher:Failed to fetch updates - TelegramConflictError: Telegram server says - Conflict: terminated by other getUpdates request; make sure that only one bot instance is running
WARNING:aiogram.dispatcher:Sleep for 4.961807 seconds and try again... (tryings = 83, bot id = 8998435518)
ERROR:aiogram.dispatcher:Failed to fetch updates - TelegramConflictError: Telegram server says - Conflict: terminated by other getUpdates request; make sure that only one bot instance is running
WARNING:aiogram.dispatcher:Sleep for 4.921532 seconds and try again... (tryings = 84, bot id = 8998435518)
ERROR:aiogram.dispatcher:Failed to fetch updates - TelegramConflictError: Telegram server says - Conflict: terminated by other getUpdates request; make sure that only one bot instance is running
WARNING:aiogram.dispatcher:Sleep for 5.005384 seconds and try again... (tryings = 84, bot id = 8998435518)
ERROR:aiogram.dispatcher:Failed to fetch updates - TelegramConflictError: Telegram server says - Conflict: terminated by other getUpdates request; make sure that only one bot instance is running
WARNING:aiogram.dispatcher:Sleep for 5.030851 seconds and try again... (tryings = 85, bot id = 8998435518)
ERROR:aiogram.dispatcher:Failed to fetch updates - TelegramConflictError: Telegram server says - Conflict: terminated by other getUpdates request; make sure that only one bot instance is running
WARNING:aiogram.dispatcher:Sleep for 5.127211 seconds and try again... (tryings = 85, bot id = 8998435518)
ERROR:aiogram.dispatcher:Failed to fetch updates - TelegramConflictError: Telegram server says - Conflict: terminated by other getUpdates request; make sure that only one bot instance is running
WARNING:aiogram.dispatcher:Sleep for 5.023580 seconds and try again... (tryings = 86, bot id = 8998435518)
ERROR:aiogram.dispatcher:Failed to fetch updates - TelegramConflictError: Telegram server says - Conflict: terminated by other getUpdates request; make sure that only one bot instance is running
WARNING:aiogram.dispatcher:Sleep for 4.840896 seconds and try again... (tryings = 86, bot id = 8998435518)
ERROR:aiogram.dispatcher:Failed to fetch updates - TelegramConflictError: Telegram server says - Conflict: terminated by other getUpdates request; make sure that only one bot instance is running
WARNING:aiogram.dispatcher:Sleep for 5.155122 seconds and try again... (tryings = 87, bot id = 8998435518)
ERROR:aiogram.dispatcher:Failed to fetch updates - TelegramConflictError: Telegram server says - Conflict: terminated by other getUpdates request; make sure that only one bot instance is running
WARNING:aiogram.dispatcher:Sleep for 4.994157 seconds and try again... (tryings = 87, bot id = 8998435518)
ERROR:aiogram.dispatcher:Failed to fetch updates - TelegramConflictError: Telegram server says - Conflict: terminated by other getUpdates request; make sure that only one bot instance is running
WARNING:aiogram.dispatcher:Sleep for 4.953968 seconds and try again... (tryings = 88, bot id = 8998435518)
ERROR:aiogram.dispatcher:Failed to fetch updates - TelegramConflictError: Telegram server says - Conflict: terminated by other getUpdates request; make sure that only one bot instance is running
WARNING:aiogram.dispatcher:Sleep for 5.192504 seconds and try again... (tryings = 88, bot id = 8998435518)
ERROR:aiogram.dispatcher:Failed to fetch updates - TelegramConflictError: Telegram server says - Conflict: terminated by other getUpdates request; make sure that only one bot instance is running
WARNING:aiogram.dispatcher:Sleep for 4.810178 seconds and try again... (tryings = 89, bot id = 8998435518)
ERROR:aiogram.dispatcher:Failed to fetch updates - TelegramConflictError: Telegram server says - Conflict: terminated by other getUpdates request; make sure that only one bot instance is running
WARNING:aiogram.dispatcher:Sleep for 5.063806 seconds and try again... (tryings = 89, bot id = 8998435518)
ERROR:aiogram.dispatcher:Failed to fetch updates - TelegramConflictError: Telegram server says - Conflict: terminated by other getUpdates request; make sure that only one bot instance is running
WARNING:aiogram.dispatcher:Sleep for 4.982462 seconds and try again... (tryings = 90, bot id = 8998435518)
ERROR:aiogram.dispatcher:Failed to fetch updates - TelegramConflictError: Telegram server says - Conflict: terminated by other getUpdates request; make sure that only one bot instance is running
WARNING:aiogram.dispatcher:Sleep for 5.003105 seconds and try again... (tryings = 90, bot id = 8998435518)
ERROR:aiogram.dispatcher:Failed to fetch updates - TelegramConflictError: Telegram server says - Conflict: terminated by other getUpdates request; make sure that only one bot instance is running
WARNING:aiogram.dispatcher:Sleep for 4.799576 seconds and try again... (tryings = 91, bot id = 8998435518)
ERROR:aiogram.dispatcher:Failed to fetch updates - TelegramConflictError: Telegram server says - Conflict: terminated by other getUpdates request; make sure that only one bot instance is running
WARNING:aiogram.dispatcher:Sleep for 4.922224 seconds and try again... (tryings = 91, bot id = 8998435518)
ERROR:aiogram.dispatcher:Failed to fetch updates - TelegramConflictError: Telegram server says - Conflict: terminated by other getUpdates request; make sure that only one bot instance is running
WARNING:aiogram.dispatcher:Sleep for 5.117030 seconds and try again... (tryings = 92, bot id = 8998435518)
INFO:aiogram.dispatcher:Connection established (tryings = 93, bot id = 8998435518)
INFO:aiogram.dispatcher:Start polling
INFO:aiogram.dispatcher:Run polling for bot @FemRankBot id=8998435518 - 'FemRank'
ERROR:aiogram.dispatcher:Failed to fetch updates - TelegramConflictError: Telegram server says - Conflict: terminated by other getUpdates request; make sure that only one bot instance is running
WARNING:aiogram.dispatcher:Sleep for 1.000000 seconds and try again... (tryings = 0, bot id = 8998435518)
INFO:aiogram.dispatcher:Connection established (tryings = 1, bot id = 8998435518)
INFO:aiogram.dispatcher:Start polling
INFO:aiogram.dispatcher:Run polling for bot @FemRankBot id=8998435518 - 'FemRank'
ERROR:aiogram.dispatcher:Failed to fetch updates - TelegramConflictError: Telegram server says - Conflict: terminated by other getUpdates request; make sure that only one bot instance is running
WARNING:aiogram.dispatcher:Sleep for 1.000000 seconds and try again... (tryings = 0, bot id = 8998435518)
ERROR:aiogram.dispatcher:Failed to fetch updates - TelegramConflictError: Telegram server says - Conflict: terminated by other getUpdates request; make sure that only one bot instance is running
WARNING:aiogram.dispatcher:Sleep for 1.000000 seconds and try again... (tryings = 0, bot id = 8998435518)
ERROR:aiogram.dispatcher:Failed to fetch updates - TelegramConflictError: Telegram server says - Conflict: terminated by other getUpdates request; make sure that only one bot instance is running
WARNING:aiogram.dispatcher:Sleep for 1.436589 seconds and try again... (tryings = 1, bot id = 8998435518)
ERROR:aiogram.dispatcher:Failed to fetch updates - TelegramConflictError: Telegram server says - Conflict: terminated by other getUpdates request; make sure that only one bot instance is running
WARNING:aiogram.dispatcher:Sleep for 1.497323 seconds and try again... (tryings = 1, bot id = 8998435518)
ERROR:aiogram.dispatcher:Failed to fetch updates - TelegramConflictError: Telegram server says - Conflict: terminated by other getUpdates request; make sure that only one bot instance is running
WARNING:aiogram.dispatcher:Sleep for 1.881413 seconds and try again... (tryings = 2, bot id = 8998435518)
INFO:aiogram.dispatcher:Start polling
INFO:aiogram.dispatcher:Run polling for bot @FemRankBot id=8998435518 - 'FemRank'
ERROR:aiogram.dispatcher:Failed to fetch updates - TelegramConflictError: Telegram server says - Conflict: terminated by other getUpdates request; make sure that only one bot instance is running
WARNING:aiogram.dispatcher:Sleep for 2.400527 seconds and try again... (tryings = 3, bot id = 8998435518)
ERROR:aiogram.dispatcher:Failed to fetch updates - TelegramConflictError: Telegram server says - Conflict: terminated by other getUpdates request; make sure that only one bot instance is running
WARNING:aiogram.dispatcher:Sleep for 1.000000 seconds and try again... (tryings = 0, bot id = 8998435518)
ERROR:aiogram.dispatcher:Failed to fetch updates - TelegramConflictError: Telegram server says - Conflict: terminated by other getUpdates request; make sure that only one bot instance is running
WARNING:aiogram.dispatcher:Sleep for 3.141731 seconds and try again... (tryings = 4, bot id = 8998435518)
ERROR:aiogram.dispatcher:Failed to fetch updates - TelegramConflictError: Telegram server says - Conflict: terminated by other getUpdates request; make sure that only one bot instance is running
WARNING:aiogram.dispatcher:Sleep for 1.193455 seconds and try again... (tryings = 1, bot id = 8998435518)
ERROR:aiogram.dispatcher:Failed to fetch updates - TelegramConflictError: Telegram server says - Conflict: terminated by other getUpdates request; make sure that only one bot instance is running
WARNING:aiogram.dispatcher:Sleep for 4.176587 seconds and try again... (tryings = 5, bot id = 8998435518)
ERROR:aiogram.dispatcher:Failed to fetch updates - TelegramConflictError: Telegram server says - Conflict: terminated by other getUpdates request; make sure that only one bot instance is running
WARNING:aiogram.dispatcher:Sleep for 1.641563 seconds and try again... (tryings = 2, bot id = 8998435518)
ERROR:aiogram.dispatcher:Failed to fetch updates - TelegramConflictError: Telegram server says - Conflict: terminated by other getUpdates request; make sure that only one bot instance is running
WARNING:aiogram.dispatcher:Sleep for 4.963184 seconds and try again... (tryings = 6, bot id = 8998435518)
ERROR:aiogram.dispatcher:Failed to fetch updates - TelegramConflictError: Telegram server says - Conflict: terminated by other getUpdates request; make sure that only one bot instance is running
WARNING:aiogram.dispatcher:Sleep for 2.288232 seconds and try again... (tryings = 3, bot id = 8998435518)
ERROR:aiogram.dispatcher:Failed to fetch updates - TelegramConflictError: Telegram server says - Conflict: terminated by other getUpdates request; make sure that only one bot instance is running
WARNING:aiogram.dispatcher:Sleep for 4.897224 seconds and try again... (tryings = 7, bot id = 8998435518)
ERROR:aiogram.dispatcher:Failed to fetch updates - TelegramConflictError: Telegram server says - Conflict: terminated by other getUpdates request; make sure that only one bot instance is running
WARNING:aiogram.dispatcher:Sleep for 3.074720 seconds and try again... (tryings = 4, bot id = 8998435518)
ERROR:aiogram.dispatcher:Failed to fetch updates - TelegramConflictError: Telegram server says - Conflict: terminated by other getUpdates request; make sure that only one bot instance is running
WARNING:aiogram.dispatcher:Sleep for 5.030575 seconds and try again... (tryings = 8, bot id = 8998435518)
ERROR:aiogram.dispatcher:Failed to fetch updates - TelegramConflictError: Telegram server says - Conflict: terminated by other getUpdates request; make sure that only one bot instance is running
WARNING:aiogram.dispatcher:Sleep for 3.930963 seconds and try again... (tryings = 5, bot id = 8998435518)
ERROR:aiogram.dispatcher:Failed to fetch updates - TelegramConflictError: Telegram server says - Conflict: terminated by other getUpdates request; make sure that only one bot instance is running
WARNING:aiogram.dispatcher:Sleep for 5.058600 seconds and try again... (tryings = 9, bot id = 8998435518)
ERROR:aiogram.dispatcher:Failed to fetch updates - TelegramConflictError: Telegram server says - Conflict: terminated by other getUpdates request; make sure that only one bot instance is running
WARNING:aiogram.dispatcher:Sleep for 4.920721 seconds and try again... (tryings = 6, bot id = 8998435518)
ERROR:aiogram.dispatcher:Failed to fetch updates - TelegramConflictError: Telegram server says - Conflict: terminated by other getUpdates request; make sure that only one bot instance is running
WARNING:aiogram.dispatcher:Sleep for 4.993187 seconds and try again... (tryings = 10, bot id = 8998435518)
ERROR:aiogram.dispatcher:Failed to fetch updates - TelegramConflictError: Telegram server says - Conflict: terminated by other getUpdates request; make sure that only one bot instance is running
WARNING:aiogram.dispatcher:Sleep for 4.889124 seconds and try again... (tryings = 7, bot id = 8998435518)
ERROR:aiogram.dispatcher:Failed to fetch updates - TelegramConflictError: Telegram server says - Conflict: terminated by other getUpdates request; make sure that only one bot instance is running
WARNING:aiogram.dispatcher:Sleep for 4.971096 seconds and try again... (tryings = 11, bot id = 8998435518)
ERROR:aiogram.dispatcher:Failed to fetch updates - TelegramConflictError: Telegram server says - Conflict: terminated by other getUpdates request; make sure that only one bot instance is running
WARNING:aiogram.dispatcher:Sleep for 4.956569 seconds and try again... (tryings = 8, bot id = 8998435518)
ERROR:aiogram.dispatcher:Failed to fetch updates - TelegramConflictError: Telegram server says - Conflict: terminated by other getUpdates request; make sure that only one bot instance is running
WARNING:aiogram.dispatcher:Sleep for 4.957266 seconds and try again... (tryings = 12, bot id = 8998435518)
ERROR:aiogram.dispatcher:Failed to fetch updates - TelegramConflictError: Telegram server says - Conflict: terminated by other getUpdates request; make sure that only one bot instance is running
WARNING:aiogram.dispatcher:Sleep for 4.959241 seconds and try again... (tryings = 9, bot id = 8998435518)
ERROR:aiogram.dispatcher:Failed to fetch updates - TelegramConflictError: Telegram server says - Conflict: terminated by other getUpdates request; make sure that only one bot instance is running
WARNING:aiogram.dispatcher:Sleep for 4.900936 seconds and try again... (tryings = 13, bot id = 8998435518)
ERROR:aiogram.dispatcher:Failed to fetch updates - TelegramConflictError: Telegram server says - Conflict: terminated by other getUpdates request; make sure that only one bot instance is running
WARNING:aiogram.dispatcher:Sleep for 5.061783 seconds and try again... (tryings = 10, bot id = 8998435518)
ERROR:aiogram.dispatcher:Failed to fetch updates - TelegramConflictError: Telegram server says - Conflict: terminated by other getUpdates request; make sure that only one bot instance is running
WARNING:aiogram.dispatcher:Sleep for 5.102791 seconds and try again... (tryings = 14, bot id = 8998435518)
ERROR:aiogram.dispatcher:Failed to fetch updates - TelegramConflictError: Telegram server says - Conflict: terminated by other getUpdates request; make sure that only one bot instance is running
WARNING:aiogram.dispatcher:Sleep for 5.077168 seconds and try again... (tryings = 11, bot id = 8998435518)
INFO:aiogram.dispatcher:Start polling
INFO:aiogram.dispatcher:Run polling for bot @FemRankBot id=8998435518 - 'FemRank'
ERROR:aiogram.dispatcher:Failed to fetch updates - TelegramConflictError: Telegram server says - Conflict: terminated by other getUpdates request; make sure that only one bot instance is running
WARNING:aiogram.dispatcher:Sleep for 5.007288 seconds and try again... (tryings = 15, bot id = 8998435518)
ERROR:aiogram.dispatcher:Failed to fetch updates - TelegramConflictError: Telegram server says - Conflict: terminated by other getUpdates request; make sure that only one bot instance is running
WARNING:aiogram.dispatcher:Sleep for 1.000000 seconds and try again... (tryings = 0, bot id = 8998435518)
ERROR:aiogram.dispatcher:Failed to fetch updates - TelegramConflictError: Telegram server says - Conflict: terminated by other getUpdates request; make sure that only one bot instance is running
WARNING:aiogram.dispatcher:Sleep for 5.036934 seconds and try again... (tryings = 16, bot id = 8998435518)
ERROR:aiogram.dispatcher:Failed to fetch updates - TelegramConflictError: Telegram server says - Conflict: terminated by other getUpdates request; make sure that only one bot instance is running
WARNING:aiogram.dispatcher:Sleep for 1.320033 seconds and try again... (tryings = 1, bot id = 8998435518)
ERROR:aiogram.dispatcher:Failed to fetch updates - TelegramConflictError: Telegram server says - Conflict: terminated by other getUpdates request; make sure that only one bot instance is running
WARNING:aiogram.dispatcher:Sleep for 4.804041 seconds and try again... (tryings = 17, bot id = 8998435518)
ERROR:aiogram.dispatcher:Failed to fetch updates - TelegramConflictError: Telegram server says - Conflict: terminated by other getUpdates request; make sure that only one bot instance is running
WARNING:aiogram.dispatcher:Sleep for 1.766881 seconds and try again... (tryings = 2, bot id = 8998435518)
ERROR:aiogram.dispatcher:Failed to fetch updates - TelegramConflictError: Telegram server says - Conflict: terminated by other getUpdates request; make sure that only one bot instance is running
WARNING:aiogram.dispatcher:Sleep for 4.993195 seconds and try again... (tryings = 18, bot id = 8998435518)
ERROR:aiogram.dispatcher:Failed to fetch updates - TelegramNetworkError: HTTP Client says - ClientOSError: [WinError 64] Указанное сетевое имя более недоступно
WARNING:aiogram.dispatcher:Sleep for 2.170287 seconds and try again... (tryings = 3, bot id = 8998435518)
ERROR:aiogram.dispatcher:Failed to fetch updates - TelegramConflictError: Telegram server says - Conflict: terminated by other getUpdates request; make sure that only one bot instance is running
WARNING:aiogram.dispatcher:Sleep for 2.820922 seconds and try again... (tryings = 4, bot id = 8998435518)
INFO:aiogram.dispatcher:Polling stopped
ERROR:aiogram.dispatcher:Failed to fetch updates - TelegramNetworkError: HTTP Client says - ServerDisconnectedError: Server disconnected
WARNING:aiogram.dispatcher:Sleep for 4.959867 seconds and try again... (tryings = 19, bot id = 8998435518)
INFO:aiogram.dispatcher:Polling stopped for bot @FemRankBot id=8998435518 - 'FemRank'
INFO:root:Программа завершила работу по Ctrl + C
INFO:aiogram.dispatcher:Start polling
INFO:aiogram.dispatcher:Run polling for bot @FemRankBot id=8998435518 - 'FemRank'
INFO:aiogram.event:Update id=150676042 is not handled. Duration 0 ms by bot id=8998435518
INFO:aiogram.event:Update id=150676043 is not handled. Duration 0 ms by bot id=8998435518
INFO:aiogram.event:Update id=150676044 is not handled. Duration 0 ms by bot id=8998435518
INFO:aiogram.event:Update id=150676046 is handled. Duration 0 ms by bot id=8998435518
WARNING:app.middleware.anti_spam_middleware:SPAM BLOCKED: user_id=7006632366, strikes=1, block_time=1 сек.
INFO:aiogram.event:Update id=150676045 is handled. Duration 344 ms by bot id=8998435518
INFO:aiogram.event:Update id=150676047 is handled. Duration 0 ms by bot id=8998435518
INFO:aiogram.event:Update id=150676048 is handled. Duration 203 ms by bot id=8998435518
INFO:aiogram.event:Update id=150676049 is handled. Duration 125 ms by bot id=8998435518
INFO:aiogram.event:Update id=150676050 is not handled. Duration 0 ms by bot id=8998435518
INFO:aiogram.event:Update id=150676051 is handled. Duration 218 ms by bot id=8998435518
INFO:aiogram.event:Update id=150676052 is not handled. Duration 15 ms by bot id=8998435518
ERROR:aiogram.event:Cause exception while process update id=150676052 by bot id=8998435518
UnboundLocalError: cannot access local variable 'file_id' where it is not associated with a value
Traceback (most recent call last):
  File "C:\Users\Олег\Desktop\Simple\NozkuBot\venv\Lib\site-packages\aiogram\dispatcher\dispatcher.py", line 320, in _process_update
    response = await self.feed_update(bot, update, **kwargs)
               ^^^^^^^^^^^^^^^^^^^^^^^^^^^^^^^^^^^^^^^^^^^^^
  File "C:\Users\Олег\Desktop\Simple\NozkuBot\venv\Lib\site-packages\aiogram\dispatcher\dispatcher.py", line 164, in feed_update
    response = await self.update.wrap_outer_middleware(
               ^^^^^^^^^^^^^^^^^^^^^^^^^^^^^^^^^^^^^^^^
  File "C:\Users\Олег\Desktop\Simple\NozkuBot\venv\Lib\site-packages\aiogram\dispatcher\middlewares\error.py", line 27, in __call__
    return await handler(event, data)
           ^^^^^^^^^^^^^^^^^^^^^^^^^^
  File "C:\Users\Олег\Desktop\Simple\NozkuBot\venv\Lib\site-packages\aiogram\dispatcher\middlewares\user_context.py", line 58, in __call__
    return await handler(event, data)
           ^^^^^^^^^^^^^^^^^^^^^^^^^^
  File "C:\Users\Олег\Desktop\Simple\NozkuBot\venv\Lib\site-packages\aiogram\fsm\middleware.py", line 43, in __call__
    return await handler(event, data)
           ^^^^^^^^^^^^^^^^^^^^^^^^^^
  File "C:\Users\Олег\Desktop\Simple\NozkuBot\app\middleware\anti_spam_middleware.py", line 47, in __call__
    return await handler(event, data)
           ^^^^^^^^^^^^^^^^^^^^^^^^^^
  File "C:\Users\Олег\Desktop\Simple\NozkuBot\venv\Lib\site-packages\aiogram\dispatcher\event\telegram.py", line 126, in trigger
    return await wrapped_inner(event, kwargs)
           ^^^^^^^^^^^^^^^^^^^^^^^^^^^^^^^^^^
  File "C:\Users\Олег\Desktop\Simple\NozkuBot\venv\Lib\site-packages\aiogram\dispatcher\event\handler.py", line 71, in call
    return await wrapped()
           ^^^^^^^^^^^^^^^
  File "C:\Users\Олег\Desktop\Simple\NozkuBot\venv\Lib\site-packages\aiogram\dispatcher\dispatcher.py", line 283, in _listen_update
    return await self.propagate_event(update_type=update_type, event=event, **kwargs)
           ^^^^^^^^^^^^^^^^^^^^^^^^^^^^^^^^^^^^^^^^^^^^^^^^^^^^^^^^^^^^^^^^^^^^^^^^^^
  File "C:\Users\Олег\Desktop\Simple\NozkuBot\venv\Lib\site-packages\aiogram\dispatcher\router.py", line 167, in propagate_event
    return await observer.wrap_outer_middleware(_wrapped, event=event, data=kwargs)
           ^^^^^^^^^^^^^^^^^^^^^^^^^^^^^^^^^^^^^^^^^^^^^^^^^^^^^^^^^^^^^^^^^^^^^^^^
  File "C:\Users\Олег\Desktop\Simple\NozkuBot\venv\Lib\site-packages\aiogram\dispatcher\router.py", line 159, in _wrapped
    return await self._propagate_event(
           ^^^^^^^^^^^^^^^^^^^^^^^^^^^^
  File "C:\Users\Олег\Desktop\Simple\NozkuBot\venv\Lib\site-packages\aiogram\dispatcher\router.py", line 195, in _propagate_event
    response = await router.propagate_event(update_type=update_type, event=event, **kwargs)
               ^^^^^^^^^^^^^^^^^^^^^^^^^^^^^^^^^^^^^^^^^^^^^^^^^^^^^^^^^^^^^^^^^^^^^^^^^^^^
  File "C:\Users\Олег\Desktop\Simple\NozkuBot\venv\Lib\site-packages\aiogram\dispatcher\router.py", line 167, in propagate_event
    return await observer.wrap_outer_middleware(_wrapped, event=event, data=kwargs)
           ^^^^^^^^^^^^^^^^^^^^^^^^^^^^^^^^^^^^^^^^^^^^^^^^^^^^^^^^^^^^^^^^^^^^^^^^
  File "C:\Users\Олег\Desktop\Simple\NozkuBot\venv\Lib\site-packages\aiogram\dispatcher\router.py", line 159, in _wrapped
    return await self._propagate_event(
           ^^^^^^^^^^^^^^^^^^^^^^^^^^^^
  File "C:\Users\Олег\Desktop\Simple\NozkuBot\venv\Lib\site-packages\aiogram\dispatcher\router.py", line 187, in _propagate_event
    response = await observer.trigger(event, **kwargs)
               ^^^^^^^^^^^^^^^^^^^^^^^^^^^^^^^^^^^^^^^
  File "C:\Users\Олег\Desktop\Simple\NozkuBot\venv\Lib\site-packages\aiogram\dispatcher\event\telegram.py", line 126, in trigger
    return await wrapped_inner(event, kwargs)
           ^^^^^^^^^^^^^^^^^^^^^^^^^^^^^^^^^^
  File "C:\Users\Олег\Desktop\Simple\NozkuBot\venv\Lib\site-packages\aiogram\dispatcher\event\handler.py", line 71, in call
    return await wrapped()
           ^^^^^^^^^^^^^^^
  File "C:\Users\Олег\Desktop\Simple\NozkuBot\app\handlers\handler_download_a_photos.py", line 33, in download_photos_start
    await db.new_download_photo(user_id, file_id, media_group_id, text)
                                         ^^^^^^^
UnboundLocalError: cannot access local variable 'file_id' where it is not associated with a value
INFO:aiogram.event:Update id=150676053 is not handled. Duration 15 ms by bot id=8998435518
ERROR:aiogram.event:Cause exception while process update id=150676053 by bot id=8998435518
UnboundLocalError: cannot access local variable 'file_id' where it is not associated with a value
Traceback (most recent call last):
  File "C:\Users\Олег\Desktop\Simple\NozkuBot\venv\Lib\site-packages\aiogram\dispatcher\dispatcher.py", line 320, in _process_update
    response = await self.feed_update(bot, update, **kwargs)
               ^^^^^^^^^^^^^^^^^^^^^^^^^^^^^^^^^^^^^^^^^^^^^
  File "C:\Users\Олег\Desktop\Simple\NozkuBot\venv\Lib\site-packages\aiogram\dispatcher\dispatcher.py", line 164, in feed_update
    response = await self.update.wrap_outer_middleware(
               ^^^^^^^^^^^^^^^^^^^^^^^^^^^^^^^^^^^^^^^^
  File "C:\Users\Олег\Desktop\Simple\NozkuBot\venv\Lib\site-packages\aiogram\dispatcher\middlewares\error.py", line 27, in __call__
    return await handler(event, data)
           ^^^^^^^^^^^^^^^^^^^^^^^^^^
  File "C:\Users\Олег\Desktop\Simple\NozkuBot\venv\Lib\site-packages\aiogram\dispatcher\middlewares\user_context.py", line 58, in __call__
    return await handler(event, data)
           ^^^^^^^^^^^^^^^^^^^^^^^^^^
  File "C:\Users\Олег\Desktop\Simple\NozkuBot\venv\Lib\site-packages\aiogram\fsm\middleware.py", line 43, in __call__
    return await handler(event, data)
           ^^^^^^^^^^^^^^^^^^^^^^^^^^
  File "C:\Users\Олег\Desktop\Simple\NozkuBot\app\middleware\anti_spam_middleware.py", line 47, in __call__
    return await handler(event, data)
           ^^^^^^^^^^^^^^^^^^^^^^^^^^
  File "C:\Users\Олег\Desktop\Simple\NozkuBot\venv\Lib\site-packages\aiogram\dispatcher\event\telegram.py", line 126, in trigger
    return await wrapped_inner(event, kwargs)
           ^^^^^^^^^^^^^^^^^^^^^^^^^^^^^^^^^^
  File "C:\Users\Олег\Desktop\Simple\NozkuBot\venv\Lib\site-packages\aiogram\dispatcher\event\handler.py", line 71, in call
    return await wrapped()
           ^^^^^^^^^^^^^^^
  File "C:\Users\Олег\Desktop\Simple\NozkuBot\venv\Lib\site-packages\aiogram\dispatcher\dispatcher.py", line 283, in _listen_update
    return await self.propagate_event(update_type=update_type, event=event, **kwargs)
           ^^^^^^^^^^^^^^^^^^^^^^^^^^^^^^^^^^^^^^^^^^^^^^^^^^^^^^^^^^^^^^^^^^^^^^^^^^
  File "C:\Users\Олег\Desktop\Simple\NozkuBot\venv\Lib\site-packages\aiogram\dispatcher\router.py", line 167, in propagate_event
    return await observer.wrap_outer_middleware(_wrapped, event=event, data=kwargs)
           ^^^^^^^^^^^^^^^^^^^^^^^^^^^^^^^^^^^^^^^^^^^^^^^^^^^^^^^^^^^^^^^^^^^^^^^^
  File "C:\Users\Олег\Desktop\Simple\NozkuBot\venv\Lib\site-packages\aiogram\dispatcher\router.py", line 159, in _wrapped
    return await self._propagate_event(
           ^^^^^^^^^^^^^^^^^^^^^^^^^^^^
  File "C:\Users\Олег\Desktop\Simple\NozkuBot\venv\Lib\site-packages\aiogram\dispatcher\router.py", line 195, in _propagate_event
    response = await router.propagate_event(update_type=update_type, event=event, **kwargs)
               ^^^^^^^^^^^^^^^^^^^^^^^^^^^^^^^^^^^^^^^^^^^^^^^^^^^^^^^^^^^^^^^^^^^^^^^^^^^^
  File "C:\Users\Олег\Desktop\Simple\NozkuBot\venv\Lib\site-packages\aiogram\dispatcher\router.py", line 167, in propagate_event
    return await observer.wrap_outer_middleware(_wrapped, event=event, data=kwargs)
           ^^^^^^^^^^^^^^^^^^^^^^^^^^^^^^^^^^^^^^^^^^^^^^^^^^^^^^^^^^^^^^^^^^^^^^^^
  File "C:\Users\Олег\Desktop\Simple\NozkuBot\venv\Lib\site-packages\aiogram\dispatcher\router.py", line 159, in _wrapped
    return await self._propagate_event(
           ^^^^^^^^^^^^^^^^^^^^^^^^^^^^
  File "C:\Users\Олег\Desktop\Simple\NozkuBot\venv\Lib\site-packages\aiogram\dispatcher\router.py", line 187, in _propagate_event
    response = await observer.trigger(event, **kwargs)
               ^^^^^^^^^^^^^^^^^^^^^^^^^^^^^^^^^^^^^^^
  File "C:\Users\Олег\Desktop\Simple\NozkuBot\venv\Lib\site-packages\aiogram\dispatcher\event\telegram.py", line 126, in trigger
    return await wrapped_inner(event, kwargs)
           ^^^^^^^^^^^^^^^^^^^^^^^^^^^^^^^^^^
  File "C:\Users\Олег\Desktop\Simple\NozkuBot\venv\Lib\site-packages\aiogram\dispatcher\event\handler.py", line 71, in call
    return await wrapped()
           ^^^^^^^^^^^^^^^
  File "C:\Users\Олег\Desktop\Simple\NozkuBot\app\handlers\handler_download_a_photos.py", line 33, in download_photos_start
    await db.new_download_photo(user_id, file_id, media_group_id, text)
                                         ^^^^^^^
UnboundLocalError: cannot access local variable 'file_id' where it is not associated with a value
INFO:aiogram.event:Update id=150676054 is not handled. Duration 15 ms by bot id=8998435518
ERROR:aiogram.event:Cause exception while process update id=150676054 by bot id=8998435518
UnboundLocalError: cannot access local variable 'file_id' where it is not associated with a value
Traceback (most recent call last):
  File "C:\Users\Олег\Desktop\Simple\NozkuBot\venv\Lib\site-packages\aiogram\dispatcher\dispatcher.py", line 320, in _process_update
    response = await self.feed_update(bot, update, **kwargs)
               ^^^^^^^^^^^^^^^^^^^^^^^^^^^^^^^^^^^^^^^^^^^^^
  File "C:\Users\Олег\Desktop\Simple\NozkuBot\venv\Lib\site-packages\aiogram\dispatcher\dispatcher.py", line 164, in feed_update
    response = await self.update.wrap_outer_middleware(
               ^^^^^^^^^^^^^^^^^^^^^^^^^^^^^^^^^^^^^^^^
  File "C:\Users\Олег\Desktop\Simple\NozkuBot\venv\Lib\site-packages\aiogram\dispatcher\middlewares\error.py", line 27, in __call__
    return await handler(event, data)
           ^^^^^^^^^^^^^^^^^^^^^^^^^^
  File "C:\Users\Олег\Desktop\Simple\NozkuBot\venv\Lib\site-packages\aiogram\dispatcher\middlewares\user_context.py", line 58, in __call__
    return await handler(event, data)
           ^^^^^^^^^^^^^^^^^^^^^^^^^^
  File "C:\Users\Олег\Desktop\Simple\NozkuBot\venv\Lib\site-packages\aiogram\fsm\middleware.py", line 43, in __call__
    return await handler(event, data)
           ^^^^^^^^^^^^^^^^^^^^^^^^^^
  File "C:\Users\Олег\Desktop\Simple\NozkuBot\app\middleware\anti_spam_middleware.py", line 47, in __call__
    return await handler(event, data)
           ^^^^^^^^^^^^^^^^^^^^^^^^^^
  File "C:\Users\Олег\Desktop\Simple\NozkuBot\venv\Lib\site-packages\aiogram\dispatcher\event\telegram.py", line 126, in trigger
    return await wrapped_inner(event, kwargs)
           ^^^^^^^^^^^^^^^^^^^^^^^^^^^^^^^^^^
  File "C:\Users\Олег\Desktop\Simple\NozkuBot\venv\Lib\site-packages\aiogram\dispatcher\event\handler.py", line 71, in call
    return await wrapped()
           ^^^^^^^^^^^^^^^
  File "C:\Users\Олег\Desktop\Simple\NozkuBot\venv\Lib\site-packages\aiogram\dispatcher\dispatcher.py", line 283, in _listen_update
    return await self.propagate_event(update_type=update_type, event=event, **kwargs)
           ^^^^^^^^^^^^^^^^^^^^^^^^^^^^^^^^^^^^^^^^^^^^^^^^^^^^^^^^^^^^^^^^^^^^^^^^^^
  File "C:\Users\Олег\Desktop\Simple\NozkuBot\venv\Lib\site-packages\aiogram\dispatcher\router.py", line 167, in propagate_event
    return await observer.wrap_outer_middleware(_wrapped, event=event, data=kwargs)
           ^^^^^^^^^^^^^^^^^^^^^^^^^^^^^^^^^^^^^^^^^^^^^^^^^^^^^^^^^^^^^^^^^^^^^^^^
  File "C:\Users\Олег\Desktop\Simple\NozkuBot\venv\Lib\site-packages\aiogram\dispatcher\router.py", line 159, in _wrapped
    return await self._propagate_event(
           ^^^^^^^^^^^^^^^^^^^^^^^^^^^^
  File "C:\Users\Олег\Desktop\Simple\NozkuBot\venv\Lib\site-packages\aiogram\dispatcher\router.py", line 195, in _propagate_event
    response = await router.propagate_event(update_type=update_type, event=event, **kwargs)
               ^^^^^^^^^^^^^^^^^^^^^^^^^^^^^^^^^^^^^^^^^^^^^^^^^^^^^^^^^^^^^^^^^^^^^^^^^^^^
  File "C:\Users\Олег\Desktop\Simple\NozkuBot\venv\Lib\site-packages\aiogram\dispatcher\router.py", line 167, in propagate_event
    return await observer.wrap_outer_middleware(_wrapped, event=event, data=kwargs)
           ^^^^^^^^^^^^^^^^^^^^^^^^^^^^^^^^^^^^^^^^^^^^^^^^^^^^^^^^^^^^^^^^^^^^^^^^
  File "C:\Users\Олег\Desktop\Simple\NozkuBot\venv\Lib\site-packages\aiogram\dispatcher\router.py", line 159, in _wrapped
    return await self._propagate_event(
           ^^^^^^^^^^^^^^^^^^^^^^^^^^^^
  File "C:\Users\Олег\Desktop\Simple\NozkuBot\venv\Lib\site-packages\aiogram\dispatcher\router.py", line 187, in _propagate_event
    response = await observer.trigger(event, **kwargs)
               ^^^^^^^^^^^^^^^^^^^^^^^^^^^^^^^^^^^^^^^
  File "C:\Users\Олег\Desktop\Simple\NozkuBot\venv\Lib\site-packages\aiogram\dispatcher\event\telegram.py", line 126, in trigger
    return await wrapped_inner(event, kwargs)
           ^^^^^^^^^^^^^^^^^^^^^^^^^^^^^^^^^^
  File "C:\Users\Олег\Desktop\Simple\NozkuBot\venv\Lib\site-packages\aiogram\dispatcher\event\handler.py", line 71, in call
    return await wrapped()
           ^^^^^^^^^^^^^^^
  File "C:\Users\Олег\Desktop\Simple\NozkuBot\app\handlers\handler_download_a_photos.py", line 33, in download_photos_start
    await db.new_download_photo(user_id, file_id, media_group_id, text)
                                         ^^^^^^^
UnboundLocalError: cannot access local variable 'file_id' where it is not associated with a value
INFO:aiogram.event:Update id=150676055 is handled. Duration 0 ms by bot id=8998435518
INFO:aiogram.dispatcher:Start polling
INFO:aiogram.dispatcher:Run polling for bot @FemRankBot id=8998435518 - 'FemRank'
INFO:aiogram.dispatcher:Start polling
INFO:aiogram.dispatcher:Run polling for bot @FemRankBot id=8998435518 - 'FemRank'
INFO:aiogram.event:Update id=150676056 is handled. Duration 343 ms by bot id=8998435518
INFO:aiogram.event:Update id=150676057 is handled. Duration 187 ms by bot id=8998435518
INFO:aiogram.event:Update id=150676058 is not handled. Duration 14 ms by bot id=8998435518
ERROR:aiogram.event:Cause exception while process update id=150676058 by bot id=8998435518
UnboundLocalError: cannot access local variable 'file_id' where it is not associated with a value
Traceback (most recent call last):
  File "C:\Users\Олег\Desktop\Simple\NozkuBot\venv\Lib\site-packages\aiogram\dispatcher\dispatcher.py", line 320, in _process_update
    response = await self.feed_update(bot, update, **kwargs)
               ^^^^^^^^^^^^^^^^^^^^^^^^^^^^^^^^^^^^^^^^^^^^^
  File "C:\Users\Олег\Desktop\Simple\NozkuBot\venv\Lib\site-packages\aiogram\dispatcher\dispatcher.py", line 164, in feed_update
    response = await self.update.wrap_outer_middleware(
               ^^^^^^^^^^^^^^^^^^^^^^^^^^^^^^^^^^^^^^^^
  File "C:\Users\Олег\Desktop\Simple\NozkuBot\venv\Lib\site-packages\aiogram\dispatcher\middlewares\error.py", line 27, in __call__
    return await handler(event, data)
           ^^^^^^^^^^^^^^^^^^^^^^^^^^
  File "C:\Users\Олег\Desktop\Simple\NozkuBot\venv\Lib\site-packages\aiogram\dispatcher\middlewares\user_context.py", line 58, in __call__
    return await handler(event, data)
           ^^^^^^^^^^^^^^^^^^^^^^^^^^
  File "C:\Users\Олег\Desktop\Simple\NozkuBot\venv\Lib\site-packages\aiogram\fsm\middleware.py", line 43, in __call__
    return await handler(event, data)
           ^^^^^^^^^^^^^^^^^^^^^^^^^^
  File "C:\Users\Олег\Desktop\Simple\NozkuBot\app\middleware\anti_spam_middleware.py", line 47, in __call__
    return await handler(event, data)
           ^^^^^^^^^^^^^^^^^^^^^^^^^^
  File "C:\Users\Олег\Desktop\Simple\NozkuBot\venv\Lib\site-packages\aiogram\dispatcher\event\telegram.py", line 126, in trigger
    return await wrapped_inner(event, kwargs)
           ^^^^^^^^^^^^^^^^^^^^^^^^^^^^^^^^^^
  File "C:\Users\Олег\Desktop\Simple\NozkuBot\venv\Lib\site-packages\aiogram\dispatcher\event\handler.py", line 71, in call
    return await wrapped()
           ^^^^^^^^^^^^^^^
  File "C:\Users\Олег\Desktop\Simple\NozkuBot\venv\Lib\site-packages\aiogram\dispatcher\dispatcher.py", line 283, in _listen_update
    return await self.propagate_event(update_type=update_type, event=event, **kwargs)
           ^^^^^^^^^^^^^^^^^^^^^^^^^^^^^^^^^^^^^^^^^^^^^^^^^^^^^^^^^^^^^^^^^^^^^^^^^^
  File "C:\Users\Олег\Desktop\Simple\NozkuBot\venv\Lib\site-packages\aiogram\dispatcher\router.py", line 167, in propagate_event
    return await observer.wrap_outer_middleware(_wrapped, event=event, data=kwargs)
           ^^^^^^^^^^^^^^^^^^^^^^^^^^^^^^^^^^^^^^^^^^^^^^^^^^^^^^^^^^^^^^^^^^^^^^^^
  File "C:\Users\Олег\Desktop\Simple\NozkuBot\venv\Lib\site-packages\aiogram\dispatcher\router.py", line 159, in _wrapped
    return await self._propagate_event(
           ^^^^^^^^^^^^^^^^^^^^^^^^^^^^
  File "C:\Users\Олег\Desktop\Simple\NozkuBot\venv\Lib\site-packages\aiogram\dispatcher\router.py", line 195, in _propagate_event
    response = await router.propagate_event(update_type=update_type, event=event, **kwargs)
               ^^^^^^^^^^^^^^^^^^^^^^^^^^^^^^^^^^^^^^^^^^^^^^^^^^^^^^^^^^^^^^^^^^^^^^^^^^^^
  File "C:\Users\Олег\Desktop\Simple\NozkuBot\venv\Lib\site-packages\aiogram\dispatcher\router.py", line 167, in propagate_event
    return await observer.wrap_outer_middleware(_wrapped, event=event, data=kwargs)
           ^^^^^^^^^^^^^^^^^^^^^^^^^^^^^^^^^^^^^^^^^^^^^^^^^^^^^^^^^^^^^^^^^^^^^^^^
  File "C:\Users\Олег\Desktop\Simple\NozkuBot\venv\Lib\site-packages\aiogram\dispatcher\router.py", line 159, in _wrapped
    return await self._propagate_event(
           ^^^^^^^^^^^^^^^^^^^^^^^^^^^^
  File "C:\Users\Олег\Desktop\Simple\NozkuBot\venv\Lib\site-packages\aiogram\dispatcher\router.py", line 187, in _propagate_event
    response = await observer.trigger(event, **kwargs)
               ^^^^^^^^^^^^^^^^^^^^^^^^^^^^^^^^^^^^^^^
  File "C:\Users\Олег\Desktop\Simple\NozkuBot\venv\Lib\site-packages\aiogram\dispatcher\event\telegram.py", line 126, in trigger
    return await wrapped_inner(event, kwargs)
           ^^^^^^^^^^^^^^^^^^^^^^^^^^^^^^^^^^
  File "C:\Users\Олег\Desktop\Simple\NozkuBot\venv\Lib\site-packages\aiogram\dispatcher\event\handler.py", line 71, in call
    return await wrapped()
           ^^^^^^^^^^^^^^^
  File "C:\Users\Олег\Desktop\Simple\NozkuBot\app\handlers\handler_download_a_photos.py", line 33, in download_photos_start
    await db.new_download_photo(user_id, file_id, media_group_id, text)
                                         ^^^^^^^
UnboundLocalError: cannot access local variable 'file_id' where it is not associated with a value
INFO:aiogram.event:Update id=150676059 is not handled. Duration 14 ms by bot id=8998435518
ERROR:aiogram.event:Cause exception while process update id=150676059 by bot id=8998435518
UnboundLocalError: cannot access local variable 'file_id' where it is not associated with a value
Traceback (most recent call last):
  File "C:\Users\Олег\Desktop\Simple\NozkuBot\venv\Lib\site-packages\aiogram\dispatcher\dispatcher.py", line 320, in _process_update
    response = await self.feed_update(bot, update, **kwargs)
               ^^^^^^^^^^^^^^^^^^^^^^^^^^^^^^^^^^^^^^^^^^^^^
  File "C:\Users\Олег\Desktop\Simple\NozkuBot\venv\Lib\site-packages\aiogram\dispatcher\dispatcher.py", line 164, in feed_update
    response = await self.update.wrap_outer_middleware(
               ^^^^^^^^^^^^^^^^^^^^^^^^^^^^^^^^^^^^^^^^
  File "C:\Users\Олег\Desktop\Simple\NozkuBot\venv\Lib\site-packages\aiogram\dispatcher\middlewares\error.py", line 27, in __call__
    return await handler(event, data)
           ^^^^^^^^^^^^^^^^^^^^^^^^^^
  File "C:\Users\Олег\Desktop\Simple\NozkuBot\venv\Lib\site-packages\aiogram\dispatcher\middlewares\user_context.py", line 58, in __call__
    return await handler(event, data)
           ^^^^^^^^^^^^^^^^^^^^^^^^^^
  File "C:\Users\Олег\Desktop\Simple\NozkuBot\venv\Lib\site-packages\aiogram\fsm\middleware.py", line 43, in __call__
    return await handler(event, data)
           ^^^^^^^^^^^^^^^^^^^^^^^^^^
  File "C:\Users\Олег\Desktop\Simple\NozkuBot\app\middleware\anti_spam_middleware.py", line 47, in __call__
    return await handler(event, data)
           ^^^^^^^^^^^^^^^^^^^^^^^^^^
  File "C:\Users\Олег\Desktop\Simple\NozkuBot\venv\Lib\site-packages\aiogram\dispatcher\event\telegram.py", line 126, in trigger
    return await wrapped_inner(event, kwargs)
           ^^^^^^^^^^^^^^^^^^^^^^^^^^^^^^^^^^
  File "C:\Users\Олег\Desktop\Simple\NozkuBot\venv\Lib\site-packages\aiogram\dispatcher\event\handler.py", line 71, in call
    return await wrapped()
           ^^^^^^^^^^^^^^^
  File "C:\Users\Олег\Desktop\Simple\NozkuBot\venv\Lib\site-packages\aiogram\dispatcher\dispatcher.py", line 283, in _listen_update
    return await self.propagate_event(update_type=update_type, event=event, **kwargs)
           ^^^^^^^^^^^^^^^^^^^^^^^^^^^^^^^^^^^^^^^^^^^^^^^^^^^^^^^^^^^^^^^^^^^^^^^^^^
  File "C:\Users\Олег\Desktop\Simple\NozkuBot\venv\Lib\site-packages\aiogram\dispatcher\router.py", line 167, in propagate_event
    return await observer.wrap_outer_middleware(_wrapped, event=event, data=kwargs)
           ^^^^^^^^^^^^^^^^^^^^^^^^^^^^^^^^^^^^^^^^^^^^^^^^^^^^^^^^^^^^^^^^^^^^^^^^
  File "C:\Users\Олег\Desktop\Simple\NozkuBot\venv\Lib\site-packages\aiogram\dispatcher\router.py", line 159, in _wrapped
    return await self._propagate_event(
           ^^^^^^^^^^^^^^^^^^^^^^^^^^^^
  File "C:\Users\Олег\Desktop\Simple\NozkuBot\venv\Lib\site-packages\aiogram\dispatcher\router.py", line 195, in _propagate_event
    response = await router.propagate_event(update_type=update_type, event=event, **kwargs)
               ^^^^^^^^^^^^^^^^^^^^^^^^^^^^^^^^^^^^^^^^^^^^^^^^^^^^^^^^^^^^^^^^^^^^^^^^^^^^
  File "C:\Users\Олег\Desktop\Simple\NozkuBot\venv\Lib\site-packages\aiogram\dispatcher\router.py", line 167, in propagate_event
    return await observer.wrap_outer_middleware(_wrapped, event=event, data=kwargs)
           ^^^^^^^^^^^^^^^^^^^^^^^^^^^^^^^^^^^^^^^^^^^^^^^^^^^^^^^^^^^^^^^^^^^^^^^^
  File "C:\Users\Олег\Desktop\Simple\NozkuBot\venv\Lib\site-packages\aiogram\dispatcher\router.py", line 159, in _wrapped
    return await self._propagate_event(
           ^^^^^^^^^^^^^^^^^^^^^^^^^^^^
  File "C:\Users\Олег\Desktop\Simple\NozkuBot\venv\Lib\site-packages\aiogram\dispatcher\router.py", line 187, in _propagate_event
    response = await observer.trigger(event, **kwargs)
               ^^^^^^^^^^^^^^^^^^^^^^^^^^^^^^^^^^^^^^^
  File "C:\Users\Олег\Desktop\Simple\NozkuBot\venv\Lib\site-packages\aiogram\dispatcher\event\telegram.py", line 126, in trigger
    return await wrapped_inner(event, kwargs)
           ^^^^^^^^^^^^^^^^^^^^^^^^^^^^^^^^^^
  File "C:\Users\Олег\Desktop\Simple\NozkuBot\venv\Lib\site-packages\aiogram\dispatcher\event\handler.py", line 71, in call
    return await wrapped()
           ^^^^^^^^^^^^^^^
  File "C:\Users\Олег\Desktop\Simple\NozkuBot\app\handlers\handler_download_a_photos.py", line 33, in download_photos_start
    await db.new_download_photo(user_id, file_id, media_group_id, text)
                                         ^^^^^^^
UnboundLocalError: cannot access local variable 'file_id' where it is not associated with a value
INFO:aiogram.event:Update id=150676060 is not handled. Duration 14 ms by bot id=8998435518
ERROR:aiogram.event:Cause exception while process update id=150676060 by bot id=8998435518
UnboundLocalError: cannot access local variable 'file_id' where it is not associated with a value
Traceback (most recent call last):
  File "C:\Users\Олег\Desktop\Simple\NozkuBot\venv\Lib\site-packages\aiogram\dispatcher\dispatcher.py", line 320, in _process_update
    response = await self.feed_update(bot, update, **kwargs)
               ^^^^^^^^^^^^^^^^^^^^^^^^^^^^^^^^^^^^^^^^^^^^^
  File "C:\Users\Олег\Desktop\Simple\NozkuBot\venv\Lib\site-packages\aiogram\dispatcher\dispatcher.py", line 164, in feed_update
    response = await self.update.wrap_outer_middleware(
               ^^^^^^^^^^^^^^^^^^^^^^^^^^^^^^^^^^^^^^^^
  File "C:\Users\Олег\Desktop\Simple\NozkuBot\venv\Lib\site-packages\aiogram\dispatcher\middlewares\error.py", line 27, in __call__
    return await handler(event, data)
           ^^^^^^^^^^^^^^^^^^^^^^^^^^
  File "C:\Users\Олег\Desktop\Simple\NozkuBot\venv\Lib\site-packages\aiogram\dispatcher\middlewares\user_context.py", line 58, in __call__
    return await handler(event, data)
           ^^^^^^^^^^^^^^^^^^^^^^^^^^
  File "C:\Users\Олег\Desktop\Simple\NozkuBot\venv\Lib\site-packages\aiogram\fsm\middleware.py", line 43, in __call__
    return await handler(event, data)
           ^^^^^^^^^^^^^^^^^^^^^^^^^^
  File "C:\Users\Олег\Desktop\Simple\NozkuBot\app\middleware\anti_spam_middleware.py", line 47, in __call__
    return await handler(event, data)
           ^^^^^^^^^^^^^^^^^^^^^^^^^^
  File "C:\Users\Олег\Desktop\Simple\NozkuBot\venv\Lib\site-packages\aiogram\dispatcher\event\telegram.py", line 126, in trigger
    return await wrapped_inner(event, kwargs)
           ^^^^^^^^^^^^^^^^^^^^^^^^^^^^^^^^^^
  File "C:\Users\Олег\Desktop\Simple\NozkuBot\venv\Lib\site-packages\aiogram\dispatcher\event\handler.py", line 71, in call
    return await wrapped()
           ^^^^^^^^^^^^^^^
  File "C:\Users\Олег\Desktop\Simple\NozkuBot\venv\Lib\site-packages\aiogram\dispatcher\dispatcher.py", line 283, in _listen_update
    return await self.propagate_event(update_type=update_type, event=event, **kwargs)
           ^^^^^^^^^^^^^^^^^^^^^^^^^^^^^^^^^^^^^^^^^^^^^^^^^^^^^^^^^^^^^^^^^^^^^^^^^^
  File "C:\Users\Олег\Desktop\Simple\NozkuBot\venv\Lib\site-packages\aiogram\dispatcher\router.py", line 167, in propagate_event
    return await observer.wrap_outer_middleware(_wrapped, event=event, data=kwargs)
           ^^^^^^^^^^^^^^^^^^^^^^^^^^^^^^^^^^^^^^^^^^^^^^^^^^^^^^^^^^^^^^^^^^^^^^^^
  File "C:\Users\Олег\Desktop\Simple\NozkuBot\venv\Lib\site-packages\aiogram\dispatcher\router.py", line 159, in _wrapped
    return await self._propagate_event(
           ^^^^^^^^^^^^^^^^^^^^^^^^^^^^
  File "C:\Users\Олег\Desktop\Simple\NozkuBot\venv\Lib\site-packages\aiogram\dispatcher\router.py", line 195, in _propagate_event
    response = await router.propagate_event(update_type=update_type, event=event, **kwargs)
               ^^^^^^^^^^^^^^^^^^^^^^^^^^^^^^^^^^^^^^^^^^^^^^^^^^^^^^^^^^^^^^^^^^^^^^^^^^^^
  File "C:\Users\Олег\Desktop\Simple\NozkuBot\venv\Lib\site-packages\aiogram\dispatcher\router.py", line 167, in propagate_event
    return await observer.wrap_outer_middleware(_wrapped, event=event, data=kwargs)
           ^^^^^^^^^^^^^^^^^^^^^^^^^^^^^^^^^^^^^^^^^^^^^^^^^^^^^^^^^^^^^^^^^^^^^^^^
  File "C:\Users\Олег\Desktop\Simple\NozkuBot\venv\Lib\site-packages\aiogram\dispatcher\router.py", line 159, in _wrapped
    return await self._propagate_event(
           ^^^^^^^^^^^^^^^^^^^^^^^^^^^^
  File "C:\Users\Олег\Desktop\Simple\NozkuBot\venv\Lib\site-packages\aiogram\dispatcher\router.py", line 187, in _propagate_event
    response = await observer.trigger(event, **kwargs)
               ^^^^^^^^^^^^^^^^^^^^^^^^^^^^^^^^^^^^^^^
  File "C:\Users\Олег\Desktop\Simple\NozkuBot\venv\Lib\site-packages\aiogram\dispatcher\event\telegram.py", line 126, in trigger
    return await wrapped_inner(event, kwargs)
           ^^^^^^^^^^^^^^^^^^^^^^^^^^^^^^^^^^
  File "C:\Users\Олег\Desktop\Simple\NozkuBot\venv\Lib\site-packages\aiogram\dispatcher\event\handler.py", line 71, in call
    return await wrapped()
           ^^^^^^^^^^^^^^^
  File "C:\Users\Олег\Desktop\Simple\NozkuBot\app\handlers\handler_download_a_photos.py", line 33, in download_photos_start
    await db.new_download_photo(user_id, file_id, media_group_id, text)
                                         ^^^^^^^
UnboundLocalError: cannot access local variable 'file_id' where it is not associated with a value
INFO:aiogram.event:Update id=150676061 is handled. Duration 218 ms by bot id=8998435518
INFO:aiogram.event:Update id=150676062 is not handled. Duration 0 ms by bot id=8998435518
INFO:aiogram.event:Update id=150676063 is not handled. Duration 203 ms by bot id=8998435518
ERROR:aiogram.event:Cause exception while process update id=150676063 by bot id=8998435518
TelegramBadRequest: Telegram server says - Bad Request: there is no caption in the message to edit
Traceback (most recent call last):
  File "C:\Users\Олег\Desktop\Simple\NozkuBot\venv\Lib\site-packages\aiogram\dispatcher\dispatcher.py", line 320, in _process_update
    response = await self.feed_update(bot, update, **kwargs)
               ^^^^^^^^^^^^^^^^^^^^^^^^^^^^^^^^^^^^^^^^^^^^^
  File "C:\Users\Олег\Desktop\Simple\NozkuBot\venv\Lib\site-packages\aiogram\dispatcher\dispatcher.py", line 164, in feed_update
    response = await self.update.wrap_outer_middleware(
               ^^^^^^^^^^^^^^^^^^^^^^^^^^^^^^^^^^^^^^^^
  File "C:\Users\Олег\Desktop\Simple\NozkuBot\venv\Lib\site-packages\aiogram\dispatcher\middlewares\error.py", line 27, in __call__
    return await handler(event, data)
           ^^^^^^^^^^^^^^^^^^^^^^^^^^
  File "C:\Users\Олег\Desktop\Simple\NozkuBot\venv\Lib\site-packages\aiogram\dispatcher\middlewares\user_context.py", line 58, in __call__
    return await handler(event, data)
           ^^^^^^^^^^^^^^^^^^^^^^^^^^
  File "C:\Users\Олег\Desktop\Simple\NozkuBot\venv\Lib\site-packages\aiogram\fsm\middleware.py", line 43, in __call__
    return await handler(event, data)
           ^^^^^^^^^^^^^^^^^^^^^^^^^^
  File "C:\Users\Олег\Desktop\Simple\NozkuBot\app\middleware\anti_spam_middleware.py", line 47, in __call__
    return await handler(event, data)
           ^^^^^^^^^^^^^^^^^^^^^^^^^^
  File "C:\Users\Олег\Desktop\Simple\NozkuBot\venv\Lib\site-packages\aiogram\dispatcher\event\telegram.py", line 126, in trigger
    return await wrapped_inner(event, kwargs)
           ^^^^^^^^^^^^^^^^^^^^^^^^^^^^^^^^^^
  File "C:\Users\Олег\Desktop\Simple\NozkuBot\venv\Lib\site-packages\aiogram\dispatcher\event\handler.py", line 71, in call
    return await wrapped()
           ^^^^^^^^^^^^^^^
  File "C:\Users\Олег\Desktop\Simple\NozkuBot\venv\Lib\site-packages\aiogram\dispatcher\dispatcher.py", line 283, in _listen_update
    return await self.propagate_event(update_type=update_type, event=event, **kwargs)
           ^^^^^^^^^^^^^^^^^^^^^^^^^^^^^^^^^^^^^^^^^^^^^^^^^^^^^^^^^^^^^^^^^^^^^^^^^^
  File "C:\Users\Олег\Desktop\Simple\NozkuBot\venv\Lib\site-packages\aiogram\dispatcher\router.py", line 167, in propagate_event
    return await observer.wrap_outer_middleware(_wrapped, event=event, data=kwargs)
           ^^^^^^^^^^^^^^^^^^^^^^^^^^^^^^^^^^^^^^^^^^^^^^^^^^^^^^^^^^^^^^^^^^^^^^^^
  File "C:\Users\Олег\Desktop\Simple\NozkuBot\venv\Lib\site-packages\aiogram\dispatcher\router.py", line 159, in _wrapped
    return await self._propagate_event(
           ^^^^^^^^^^^^^^^^^^^^^^^^^^^^
  File "C:\Users\Олег\Desktop\Simple\NozkuBot\venv\Lib\site-packages\aiogram\dispatcher\router.py", line 195, in _propagate_event
    response = await router.propagate_event(update_type=update_type, event=event, **kwargs)
               ^^^^^^^^^^^^^^^^^^^^^^^^^^^^^^^^^^^^^^^^^^^^^^^^^^^^^^^^^^^^^^^^^^^^^^^^^^^^
  File "C:\Users\Олег\Desktop\Simple\NozkuBot\venv\Lib\site-packages\aiogram\dispatcher\router.py", line 167, in propagate_event
    return await observer.wrap_outer_middleware(_wrapped, event=event, data=kwargs)
           ^^^^^^^^^^^^^^^^^^^^^^^^^^^^^^^^^^^^^^^^^^^^^^^^^^^^^^^^^^^^^^^^^^^^^^^^
  File "C:\Users\Олег\Desktop\Simple\NozkuBot\venv\Lib\site-packages\aiogram\dispatcher\router.py", line 159, in _wrapped
    return await self._propagate_event(
           ^^^^^^^^^^^^^^^^^^^^^^^^^^^^
  File "C:\Users\Олег\Desktop\Simple\NozkuBot\venv\Lib\site-packages\aiogram\dispatcher\router.py", line 187, in _propagate_event
    response = await observer.trigger(event, **kwargs)
               ^^^^^^^^^^^^^^^^^^^^^^^^^^^^^^^^^^^^^^^
  File "C:\Users\Олег\Desktop\Simple\NozkuBot\venv\Lib\site-packages\aiogram\dispatcher\event\telegram.py", line 126, in trigger
    return await wrapped_inner(event, kwargs)
           ^^^^^^^^^^^^^^^^^^^^^^^^^^^^^^^^^^
  File "C:\Users\Олег\Desktop\Simple\NozkuBot\venv\Lib\site-packages\aiogram\dispatcher\event\handler.py", line 71, in call
    return await wrapped()
           ^^^^^^^^^^^^^^^
  File "C:\Users\Олег\Desktop\Simple\NozkuBot\app\handlers\handler_my_photos.py", line 32, in my_photos_saving_in_archive
    await callback.message.edit_caption(callback.inline_message_id, caption='Выберите группу')
  File "C:\Users\Олег\Desktop\Simple\NozkuBot\venv\Lib\site-packages\aiogram\methods\base.py", line 82, in emit
    return await bot(self)
           ^^^^^^^^^^^^^^^
  File "C:\Users\Олег\Desktop\Simple\NozkuBot\venv\Lib\site-packages\aiogram\client\bot.py", line 514, in __call__
    return await self.session(self, method, timeout=request_timeout)
           ^^^^^^^^^^^^^^^^^^^^^^^^^^^^^^^^^^^^^^^^^^^^^^^^^^^^^^^^^
  File "C:\Users\Олег\Desktop\Simple\NozkuBot\venv\Lib\site-packages\aiogram\client\session\base.py", line 259, in __call__
    return cast(TelegramType, await middleware(bot, method))
                              ^^^^^^^^^^^^^^^^^^^^^^^^^^^^^
  File "C:\Users\Олег\Desktop\Simple\NozkuBot\venv\Lib\site-packages\aiogram\client\session\aiohttp.py", line 177, in make_request
    response = self.check_response(
               ^^^^^^^^^^^^^^^^^^^^
  File "C:\Users\Олег\Desktop\Simple\NozkuBot\venv\Lib\site-packages\aiogram\client\session\base.py", line 121, in check_response
    raise TelegramBadRequest(method=method, message=description)
aiogram.exceptions.TelegramBadRequest: Telegram server says - Bad Request: there is no caption in the message to edit
INFO:aiogram.event:Update id=150676064 is handled. Duration 125 ms by bot id=8998435518
INFO:aiogram.event:Update id=150676065 is handled. Duration 172 ms by bot id=8998435518
INFO:aiogram.event:Update id=150676066 is not handled. Duration 0 ms by bot id=8998435518
ERROR:aiogram.event:Cause exception while process update id=150676066 by bot id=8998435518
UnboundLocalError: cannot access local variable 'file_id' where it is not associated with a value
Traceback (most recent call last):
  File "C:\Users\Олег\Desktop\Simple\NozkuBot\venv\Lib\site-packages\aiogram\dispatcher\dispatcher.py", line 320, in _process_update
    response = await self.feed_update(bot, update, **kwargs)
               ^^^^^^^^^^^^^^^^^^^^^^^^^^^^^^^^^^^^^^^^^^^^^
  File "C:\Users\Олег\Desktop\Simple\NozkuBot\venv\Lib\site-packages\aiogram\dispatcher\dispatcher.py", line 164, in feed_update
    response = await self.update.wrap_outer_middleware(
               ^^^^^^^^^^^^^^^^^^^^^^^^^^^^^^^^^^^^^^^^
  File "C:\Users\Олег\Desktop\Simple\NozkuBot\venv\Lib\site-packages\aiogram\dispatcher\middlewares\error.py", line 27, in __call__
    return await handler(event, data)
           ^^^^^^^^^^^^^^^^^^^^^^^^^^
  File "C:\Users\Олег\Desktop\Simple\NozkuBot\venv\Lib\site-packages\aiogram\dispatcher\middlewares\user_context.py", line 58, in __call__
    return await handler(event, data)
           ^^^^^^^^^^^^^^^^^^^^^^^^^^
  File "C:\Users\Олег\Desktop\Simple\NozkuBot\venv\Lib\site-packages\aiogram\fsm\middleware.py", line 43, in __call__
    return await handler(event, data)
           ^^^^^^^^^^^^^^^^^^^^^^^^^^
  File "C:\Users\Олег\Desktop\Simple\NozkuBot\app\middleware\anti_spam_middleware.py", line 47, in __call__
    return await handler(event, data)
           ^^^^^^^^^^^^^^^^^^^^^^^^^^
  File "C:\Users\Олег\Desktop\Simple\NozkuBot\venv\Lib\site-packages\aiogram\dispatcher\event\telegram.py", line 126, in trigger
    return await wrapped_inner(event, kwargs)
           ^^^^^^^^^^^^^^^^^^^^^^^^^^^^^^^^^^
  File "C:\Users\Олег\Desktop\Simple\NozkuBot\venv\Lib\site-packages\aiogram\dispatcher\event\handler.py", line 71, in call
    return await wrapped()
           ^^^^^^^^^^^^^^^
  File "C:\Users\Олег\Desktop\Simple\NozkuBot\venv\Lib\site-packages\aiogram\dispatcher\dispatcher.py", line 283, in _listen_update
    return await self.propagate_event(update_type=update_type, event=event, **kwargs)
           ^^^^^^^^^^^^^^^^^^^^^^^^^^^^^^^^^^^^^^^^^^^^^^^^^^^^^^^^^^^^^^^^^^^^^^^^^^
  File "C:\Users\Олег\Desktop\Simple\NozkuBot\venv\Lib\site-packages\aiogram\dispatcher\router.py", line 167, in propagate_event
    return await observer.wrap_outer_middleware(_wrapped, event=event, data=kwargs)
           ^^^^^^^^^^^^^^^^^^^^^^^^^^^^^^^^^^^^^^^^^^^^^^^^^^^^^^^^^^^^^^^^^^^^^^^^
  File "C:\Users\Олег\Desktop\Simple\NozkuBot\venv\Lib\site-packages\aiogram\dispatcher\router.py", line 159, in _wrapped
    return await self._propagate_event(
           ^^^^^^^^^^^^^^^^^^^^^^^^^^^^
  File "C:\Users\Олег\Desktop\Simple\NozkuBot\venv\Lib\site-packages\aiogram\dispatcher\router.py", line 195, in _propagate_event
    response = await router.propagate_event(update_type=update_type, event=event, **kwargs)
               ^^^^^^^^^^^^^^^^^^^^^^^^^^^^^^^^^^^^^^^^^^^^^^^^^^^^^^^^^^^^^^^^^^^^^^^^^^^^
  File "C:\Users\Олег\Desktop\Simple\NozkuBot\venv\Lib\site-packages\aiogram\dispatcher\router.py", line 167, in propagate_event
    return await observer.wrap_outer_middleware(_wrapped, event=event, data=kwargs)
           ^^^^^^^^^^^^^^^^^^^^^^^^^^^^^^^^^^^^^^^^^^^^^^^^^^^^^^^^^^^^^^^^^^^^^^^^
  File "C:\Users\Олег\Desktop\Simple\NozkuBot\venv\Lib\site-packages\aiogram\dispatcher\router.py", line 159, in _wrapped
    return await self._propagate_event(
           ^^^^^^^^^^^^^^^^^^^^^^^^^^^^
  File "C:\Users\Олег\Desktop\Simple\NozkuBot\venv\Lib\site-packages\aiogram\dispatcher\router.py", line 187, in _propagate_event
    response = await observer.trigger(event, **kwargs)
               ^^^^^^^^^^^^^^^^^^^^^^^^^^^^^^^^^^^^^^^
  File "C:\Users\Олег\Desktop\Simple\NozkuBot\venv\Lib\site-packages\aiogram\dispatcher\event\telegram.py", line 126, in trigger
    return await wrapped_inner(event, kwargs)
           ^^^^^^^^^^^^^^^^^^^^^^^^^^^^^^^^^^
  File "C:\Users\Олег\Desktop\Simple\NozkuBot\venv\Lib\site-packages\aiogram\dispatcher\event\handler.py", line 71, in call
    return await wrapped()
           ^^^^^^^^^^^^^^^
  File "C:\Users\Олег\Desktop\Simple\NozkuBot\app\handlers\handler_download_a_photos.py", line 33, in download_photos_start
    await db.new_download_photo(user_id, file_id, media_group_id, text)
                                         ^^^^^^^
UnboundLocalError: cannot access local variable 'file_id' where it is not associated with a value
INFO:aiogram.event:Update id=150676067 is not handled. Duration 0 ms by bot id=8998435518
ERROR:aiogram.event:Cause exception while process update id=150676067 by bot id=8998435518
UnboundLocalError: cannot access local variable 'file_id' where it is not associated with a value
Traceback (most recent call last):
  File "C:\Users\Олег\Desktop\Simple\NozkuBot\venv\Lib\site-packages\aiogram\dispatcher\dispatcher.py", line 320, in _process_update
    response = await self.feed_update(bot, update, **kwargs)
               ^^^^^^^^^^^^^^^^^^^^^^^^^^^^^^^^^^^^^^^^^^^^^
  File "C:\Users\Олег\Desktop\Simple\NozkuBot\venv\Lib\site-packages\aiogram\dispatcher\dispatcher.py", line 164, in feed_update
    response = await self.update.wrap_outer_middleware(
               ^^^^^^^^^^^^^^^^^^^^^^^^^^^^^^^^^^^^^^^^
  File "C:\Users\Олег\Desktop\Simple\NozkuBot\venv\Lib\site-packages\aiogram\dispatcher\middlewares\error.py", line 27, in __call__
    return await handler(event, data)
           ^^^^^^^^^^^^^^^^^^^^^^^^^^
  File "C:\Users\Олег\Desktop\Simple\NozkuBot\venv\Lib\site-packages\aiogram\dispatcher\middlewares\user_context.py", line 58, in __call__
    return await handler(event, data)
           ^^^^^^^^^^^^^^^^^^^^^^^^^^
  File "C:\Users\Олег\Desktop\Simple\NozkuBot\venv\Lib\site-packages\aiogram\fsm\middleware.py", line 43, in __call__
    return await handler(event, data)
           ^^^^^^^^^^^^^^^^^^^^^^^^^^
  File "C:\Users\Олег\Desktop\Simple\NozkuBot\app\middleware\anti_spam_middleware.py", line 47, in __call__
    return await handler(event, data)
           ^^^^^^^^^^^^^^^^^^^^^^^^^^
  File "C:\Users\Олег\Desktop\Simple\NozkuBot\venv\Lib\site-packages\aiogram\dispatcher\event\telegram.py", line 126, in trigger
    return await wrapped_inner(event, kwargs)
           ^^^^^^^^^^^^^^^^^^^^^^^^^^^^^^^^^^
  File "C:\Users\Олег\Desktop\Simple\NozkuBot\venv\Lib\site-packages\aiogram\dispatcher\event\handler.py", line 71, in call
    return await wrapped()
           ^^^^^^^^^^^^^^^
  File "C:\Users\Олег\Desktop\Simple\NozkuBot\venv\Lib\site-packages\aiogram\dispatcher\dispatcher.py", line 283, in _listen_update
    return await self.propagate_event(update_type=update_type, event=event, **kwargs)
           ^^^^^^^^^^^^^^^^^^^^^^^^^^^^^^^^^^^^^^^^^^^^^^^^^^^^^^^^^^^^^^^^^^^^^^^^^^
  File "C:\Users\Олег\Desktop\Simple\NozkuBot\venv\Lib\site-packages\aiogram\dispatcher\router.py", line 167, in propagate_event
    return await observer.wrap_outer_middleware(_wrapped, event=event, data=kwargs)
           ^^^^^^^^^^^^^^^^^^^^^^^^^^^^^^^^^^^^^^^^^^^^^^^^^^^^^^^^^^^^^^^^^^^^^^^^
  File "C:\Users\Олег\Desktop\Simple\NozkuBot\venv\Lib\site-packages\aiogram\dispatcher\router.py", line 159, in _wrapped
    return await self._propagate_event(
           ^^^^^^^^^^^^^^^^^^^^^^^^^^^^
  File "C:\Users\Олег\Desktop\Simple\NozkuBot\venv\Lib\site-packages\aiogram\dispatcher\router.py", line 195, in _propagate_event
    response = await router.propagate_event(update_type=update_type, event=event, **kwargs)
               ^^^^^^^^^^^^^^^^^^^^^^^^^^^^^^^^^^^^^^^^^^^^^^^^^^^^^^^^^^^^^^^^^^^^^^^^^^^^
  File "C:\Users\Олег\Desktop\Simple\NozkuBot\venv\Lib\site-packages\aiogram\dispatcher\router.py", line 167, in propagate_event
    return await observer.wrap_outer_middleware(_wrapped, event=event, data=kwargs)
           ^^^^^^^^^^^^^^^^^^^^^^^^^^^^^^^^^^^^^^^^^^^^^^^^^^^^^^^^^^^^^^^^^^^^^^^^
  File "C:\Users\Олег\Desktop\Simple\NozkuBot\venv\Lib\site-packages\aiogram\dispatcher\router.py", line 159, in _wrapped
    return await self._propagate_event(
           ^^^^^^^^^^^^^^^^^^^^^^^^^^^^
  File "C:\Users\Олег\Desktop\Simple\NozkuBot\venv\Lib\site-packages\aiogram\dispatcher\router.py", line 187, in _propagate_event
    response = await observer.trigger(event, **kwargs)
               ^^^^^^^^^^^^^^^^^^^^^^^^^^^^^^^^^^^^^^^
  File "C:\Users\Олег\Desktop\Simple\NozkuBot\venv\Lib\site-packages\aiogram\dispatcher\event\telegram.py", line 126, in trigger
    return await wrapped_inner(event, kwargs)
           ^^^^^^^^^^^^^^^^^^^^^^^^^^^^^^^^^^
  File "C:\Users\Олег\Desktop\Simple\NozkuBot\venv\Lib\site-packages\aiogram\dispatcher\event\handler.py", line 71, in call
    return await wrapped()
           ^^^^^^^^^^^^^^^
  File "C:\Users\Олег\Desktop\Simple\NozkuBot\app\handlers\handler_download_a_photos.py", line 33, in download_photos_start
    await db.new_download_photo(user_id, file_id, media_group_id, text)
                                         ^^^^^^^
UnboundLocalError: cannot access local variable 'file_id' where it is not associated with a value
INFO:aiogram.event:Update id=150676068 is handled. Duration 233 ms by bot id=8998435518
INFO:aiogram.event:Update id=150676069 is not handled. Duration 157 ms by bot id=8998435518
ERROR:aiogram.event:Cause exception while process update id=150676069 by bot id=8998435518
TelegramBadRequest: Telegram server says - Bad Request: there is no caption in the message to edit
Traceback (most recent call last):
  File "C:\Users\Олег\Desktop\Simple\NozkuBot\venv\Lib\site-packages\aiogram\dispatcher\dispatcher.py", line 320, in _process_update
    response = await self.feed_update(bot, update, **kwargs)
               ^^^^^^^^^^^^^^^^^^^^^^^^^^^^^^^^^^^^^^^^^^^^^
  File "C:\Users\Олег\Desktop\Simple\NozkuBot\venv\Lib\site-packages\aiogram\dispatcher\dispatcher.py", line 164, in feed_update
    response = await self.update.wrap_outer_middleware(
               ^^^^^^^^^^^^^^^^^^^^^^^^^^^^^^^^^^^^^^^^
  File "C:\Users\Олег\Desktop\Simple\NozkuBot\venv\Lib\site-packages\aiogram\dispatcher\middlewares\error.py", line 27, in __call__
    return await handler(event, data)
           ^^^^^^^^^^^^^^^^^^^^^^^^^^
  File "C:\Users\Олег\Desktop\Simple\NozkuBot\venv\Lib\site-packages\aiogram\dispatcher\middlewares\user_context.py", line 58, in __call__
    return await handler(event, data)
           ^^^^^^^^^^^^^^^^^^^^^^^^^^
  File "C:\Users\Олег\Desktop\Simple\NozkuBot\venv\Lib\site-packages\aiogram\fsm\middleware.py", line 43, in __call__
    return await handler(event, data)
           ^^^^^^^^^^^^^^^^^^^^^^^^^^
  File "C:\Users\Олег\Desktop\Simple\NozkuBot\app\middleware\anti_spam_middleware.py", line 47, in __call__
    return await handler(event, data)
           ^^^^^^^^^^^^^^^^^^^^^^^^^^
  File "C:\Users\Олег\Desktop\Simple\NozkuBot\venv\Lib\site-packages\aiogram\dispatcher\event\telegram.py", line 126, in trigger
    return await wrapped_inner(event, kwargs)
           ^^^^^^^^^^^^^^^^^^^^^^^^^^^^^^^^^^
  File "C:\Users\Олег\Desktop\Simple\NozkuBot\venv\Lib\site-packages\aiogram\dispatcher\event\handler.py", line 71, in call
    return await wrapped()
           ^^^^^^^^^^^^^^^
  File "C:\Users\Олег\Desktop\Simple\NozkuBot\venv\Lib\site-packages\aiogram\dispatcher\dispatcher.py", line 283, in _listen_update
    return await self.propagate_event(update_type=update_type, event=event, **kwargs)
           ^^^^^^^^^^^^^^^^^^^^^^^^^^^^^^^^^^^^^^^^^^^^^^^^^^^^^^^^^^^^^^^^^^^^^^^^^^
  File "C:\Users\Олег\Desktop\Simple\NozkuBot\venv\Lib\site-packages\aiogram\dispatcher\router.py", line 167, in propagate_event
    return await observer.wrap_outer_middleware(_wrapped, event=event, data=kwargs)
           ^^^^^^^^^^^^^^^^^^^^^^^^^^^^^^^^^^^^^^^^^^^^^^^^^^^^^^^^^^^^^^^^^^^^^^^^
  File "C:\Users\Олег\Desktop\Simple\NozkuBot\venv\Lib\site-packages\aiogram\dispatcher\router.py", line 159, in _wrapped
    return await self._propagate_event(
           ^^^^^^^^^^^^^^^^^^^^^^^^^^^^
  File "C:\Users\Олег\Desktop\Simple\NozkuBot\venv\Lib\site-packages\aiogram\dispatcher\router.py", line 195, in _propagate_event
    response = await router.propagate_event(update_type=update_type, event=event, **kwargs)
               ^^^^^^^^^^^^^^^^^^^^^^^^^^^^^^^^^^^^^^^^^^^^^^^^^^^^^^^^^^^^^^^^^^^^^^^^^^^^
  File "C:\Users\Олег\Desktop\Simple\NozkuBot\venv\Lib\site-packages\aiogram\dispatcher\router.py", line 167, in propagate_event
    return await observer.wrap_outer_middleware(_wrapped, event=event, data=kwargs)
           ^^^^^^^^^^^^^^^^^^^^^^^^^^^^^^^^^^^^^^^^^^^^^^^^^^^^^^^^^^^^^^^^^^^^^^^^
  File "C:\Users\Олег\Desktop\Simple\NozkuBot\venv\Lib\site-packages\aiogram\dispatcher\router.py", line 159, in _wrapped
    return await self._propagate_event(
           ^^^^^^^^^^^^^^^^^^^^^^^^^^^^
  File "C:\Users\Олег\Desktop\Simple\NozkuBot\venv\Lib\site-packages\aiogram\dispatcher\router.py", line 187, in _propagate_event
    response = await observer.trigger(event, **kwargs)
               ^^^^^^^^^^^^^^^^^^^^^^^^^^^^^^^^^^^^^^^
  File "C:\Users\Олег\Desktop\Simple\NozkuBot\venv\Lib\site-packages\aiogram\dispatcher\event\telegram.py", line 126, in trigger
    return await wrapped_inner(event, kwargs)
           ^^^^^^^^^^^^^^^^^^^^^^^^^^^^^^^^^^
  File "C:\Users\Олег\Desktop\Simple\NozkuBot\venv\Lib\site-packages\aiogram\dispatcher\event\handler.py", line 71, in call
    return await wrapped()
           ^^^^^^^^^^^^^^^
  File "C:\Users\Олег\Desktop\Simple\NozkuBot\app\handlers\handler_my_photos.py", line 32, in my_photos_saving_in_archive
    await callback.message.edit_caption(callback.inline_message_id, caption='Выберите группу')
  File "C:\Users\Олег\Desktop\Simple\NozkuBot\venv\Lib\site-packages\aiogram\methods\base.py", line 82, in emit
    return await bot(self)
           ^^^^^^^^^^^^^^^
  File "C:\Users\Олег\Desktop\Simple\NozkuBot\venv\Lib\site-packages\aiogram\client\bot.py", line 514, in __call__
    return await self.session(self, method, timeout=request_timeout)
           ^^^^^^^^^^^^^^^^^^^^^^^^^^^^^^^^^^^^^^^^^^^^^^^^^^^^^^^^^
  File "C:\Users\Олег\Desktop\Simple\NozkuBot\venv\Lib\site-packages\aiogram\client\session\base.py", line 259, in __call__
    return cast(TelegramType, await middleware(bot, method))
                              ^^^^^^^^^^^^^^^^^^^^^^^^^^^^^
  File "C:\Users\Олег\Desktop\Simple\NozkuBot\venv\Lib\site-packages\aiogram\client\session\aiohttp.py", line 177, in make_request
    response = self.check_response(
               ^^^^^^^^^^^^^^^^^^^^
  File "C:\Users\Олег\Desktop\Simple\NozkuBot\venv\Lib\site-packages\aiogram\client\session\base.py", line 121, in check_response
    raise TelegramBadRequest(method=method, message=description)
aiogram.exceptions.TelegramBadRequest: Telegram server says - Bad Request: there is no caption in the message to edit
INFO:aiogram.dispatcher:Start polling
INFO:aiogram.dispatcher:Run polling for bot @FemRankBot id=8998435518 - 'FemRank'
INFO:aiogram.event:Update id=150676070 is not handled. Duration 500 ms by bot id=8998435518
ERROR:aiogram.event:Cause exception while process update id=150676070 by bot id=8998435518
TelegramBadRequest: Telegram server says - Bad Request: there is no caption in the message to edit
Traceback (most recent call last):
  File "C:\Users\Олег\Desktop\Simple\NozkuBot\venv\Lib\site-packages\aiogram\dispatcher\dispatcher.py", line 320, in _process_update
    response = await self.feed_update(bot, update, **kwargs)
               ^^^^^^^^^^^^^^^^^^^^^^^^^^^^^^^^^^^^^^^^^^^^^
  File "C:\Users\Олег\Desktop\Simple\NozkuBot\venv\Lib\site-packages\aiogram\dispatcher\dispatcher.py", line 164, in feed_update
    response = await self.update.wrap_outer_middleware(
               ^^^^^^^^^^^^^^^^^^^^^^^^^^^^^^^^^^^^^^^^
  File "C:\Users\Олег\Desktop\Simple\NozkuBot\venv\Lib\site-packages\aiogram\dispatcher\middlewares\error.py", line 27, in __call__
    return await handler(event, data)
           ^^^^^^^^^^^^^^^^^^^^^^^^^^
  File "C:\Users\Олег\Desktop\Simple\NozkuBot\venv\Lib\site-packages\aiogram\dispatcher\middlewares\user_context.py", line 58, in __call__
    return await handler(event, data)
           ^^^^^^^^^^^^^^^^^^^^^^^^^^
  File "C:\Users\Олег\Desktop\Simple\NozkuBot\venv\Lib\site-packages\aiogram\fsm\middleware.py", line 43, in __call__
    return await handler(event, data)
           ^^^^^^^^^^^^^^^^^^^^^^^^^^
  File "C:\Users\Олег\Desktop\Simple\NozkuBot\app\middleware\anti_spam_middleware.py", line 47, in __call__
    return await handler(event, data)
           ^^^^^^^^^^^^^^^^^^^^^^^^^^
  File "C:\Users\Олег\Desktop\Simple\NozkuBot\venv\Lib\site-packages\aiogram\dispatcher\event\telegram.py", line 126, in trigger
    return await wrapped_inner(event, kwargs)
           ^^^^^^^^^^^^^^^^^^^^^^^^^^^^^^^^^^
  File "C:\Users\Олег\Desktop\Simple\NozkuBot\venv\Lib\site-packages\aiogram\dispatcher\event\handler.py", line 71, in call
    return await wrapped()
           ^^^^^^^^^^^^^^^
  File "C:\Users\Олег\Desktop\Simple\NozkuBot\venv\Lib\site-packages\aiogram\dispatcher\dispatcher.py", line 283, in _listen_update
    return await self.propagate_event(update_type=update_type, event=event, **kwargs)
           ^^^^^^^^^^^^^^^^^^^^^^^^^^^^^^^^^^^^^^^^^^^^^^^^^^^^^^^^^^^^^^^^^^^^^^^^^^
  File "C:\Users\Олег\Desktop\Simple\NozkuBot\venv\Lib\site-packages\aiogram\dispatcher\router.py", line 167, in propagate_event
    return await observer.wrap_outer_middleware(_wrapped, event=event, data=kwargs)
           ^^^^^^^^^^^^^^^^^^^^^^^^^^^^^^^^^^^^^^^^^^^^^^^^^^^^^^^^^^^^^^^^^^^^^^^^
  File "C:\Users\Олег\Desktop\Simple\NozkuBot\venv\Lib\site-packages\aiogram\dispatcher\router.py", line 159, in _wrapped
    return await self._propagate_event(
           ^^^^^^^^^^^^^^^^^^^^^^^^^^^^
  File "C:\Users\Олег\Desktop\Simple\NozkuBot\venv\Lib\site-packages\aiogram\dispatcher\router.py", line 195, in _propagate_event
    response = await router.propagate_event(update_type=update_type, event=event, **kwargs)
               ^^^^^^^^^^^^^^^^^^^^^^^^^^^^^^^^^^^^^^^^^^^^^^^^^^^^^^^^^^^^^^^^^^^^^^^^^^^^
  File "C:\Users\Олег\Desktop\Simple\NozkuBot\venv\Lib\site-packages\aiogram\dispatcher\router.py", line 167, in propagate_event
    return await observer.wrap_outer_middleware(_wrapped, event=event, data=kwargs)
           ^^^^^^^^^^^^^^^^^^^^^^^^^^^^^^^^^^^^^^^^^^^^^^^^^^^^^^^^^^^^^^^^^^^^^^^^
  File "C:\Users\Олег\Desktop\Simple\NozkuBot\venv\Lib\site-packages\aiogram\dispatcher\router.py", line 159, in _wrapped
    return await self._propagate_event(
           ^^^^^^^^^^^^^^^^^^^^^^^^^^^^
  File "C:\Users\Олег\Desktop\Simple\NozkuBot\venv\Lib\site-packages\aiogram\dispatcher\router.py", line 187, in _propagate_event
    response = await observer.trigger(event, **kwargs)
               ^^^^^^^^^^^^^^^^^^^^^^^^^^^^^^^^^^^^^^^
  File "C:\Users\Олег\Desktop\Simple\NozkuBot\venv\Lib\site-packages\aiogram\dispatcher\event\telegram.py", line 126, in trigger
    return await wrapped_inner(event, kwargs)
           ^^^^^^^^^^^^^^^^^^^^^^^^^^^^^^^^^^
  File "C:\Users\Олег\Desktop\Simple\NozkuBot\venv\Lib\site-packages\aiogram\dispatcher\event\handler.py", line 71, in call
    return await wrapped()
           ^^^^^^^^^^^^^^^
  File "C:\Users\Олег\Desktop\Simple\NozkuBot\app\handlers\handler_my_photos.py", line 32, in my_photos_saving_in_archive
    await callback.message.edit_caption(callback.inline_message_id, caption='Выберите группу: ')
  File "C:\Users\Олег\Desktop\Simple\NozkuBot\venv\Lib\site-packages\aiogram\methods\base.py", line 82, in emit
    return await bot(self)
           ^^^^^^^^^^^^^^^
  File "C:\Users\Олег\Desktop\Simple\NozkuBot\venv\Lib\site-packages\aiogram\client\bot.py", line 514, in __call__
    return await self.session(self, method, timeout=request_timeout)
           ^^^^^^^^^^^^^^^^^^^^^^^^^^^^^^^^^^^^^^^^^^^^^^^^^^^^^^^^^
  File "C:\Users\Олег\Desktop\Simple\NozkuBot\venv\Lib\site-packages\aiogram\client\session\base.py", line 259, in __call__
    return cast(TelegramType, await middleware(bot, method))
                              ^^^^^^^^^^^^^^^^^^^^^^^^^^^^^
  File "C:\Users\Олег\Desktop\Simple\NozkuBot\venv\Lib\site-packages\aiogram\client\session\aiohttp.py", line 177, in make_request
    response = self.check_response(
               ^^^^^^^^^^^^^^^^^^^^
  File "C:\Users\Олег\Desktop\Simple\NozkuBot\venv\Lib\site-packages\aiogram\client\session\base.py", line 121, in check_response
    raise TelegramBadRequest(method=method, message=description)
aiogram.exceptions.TelegramBadRequest: Telegram server says - Bad Request: there is no caption in the message to edit
INFO:aiogram.dispatcher:Start polling
INFO:aiogram.dispatcher:Run polling for bot @FemRankBot id=8998435518 - 'FemRank'
INFO:aiogram.event:Update id=150676071 is handled. Duration 562 ms by bot id=8998435518
INFO:aiogram.event:Update id=150676072 is not handled. Duration 15 ms by bot id=8998435518
INFO:aiogram.event:Update id=150676073 is not handled. Duration 15 ms by bot id=8998435518
INFO:aiogram.event:Update id=150676074 is handled. Duration 218 ms by bot id=8998435518
INFO:aiogram.event:Update id=150676075 is not handled. Duration 0 ms by bot id=8998435518
ERROR:aiogram.event:Cause exception while process update id=150676075 by bot id=8998435518
UnboundLocalError: cannot access local variable 'file_id' where it is not associated with a value
Traceback (most recent call last):
  File "C:\Users\Олег\Desktop\Simple\NozkuBot\venv\Lib\site-packages\aiogram\dispatcher\dispatcher.py", line 320, in _process_update
    response = await self.feed_update(bot, update, **kwargs)
               ^^^^^^^^^^^^^^^^^^^^^^^^^^^^^^^^^^^^^^^^^^^^^
  File "C:\Users\Олег\Desktop\Simple\NozkuBot\venv\Lib\site-packages\aiogram\dispatcher\dispatcher.py", line 164, in feed_update
    response = await self.update.wrap_outer_middleware(
               ^^^^^^^^^^^^^^^^^^^^^^^^^^^^^^^^^^^^^^^^
  File "C:\Users\Олег\Desktop\Simple\NozkuBot\venv\Lib\site-packages\aiogram\dispatcher\middlewares\error.py", line 27, in __call__
    return await handler(event, data)
           ^^^^^^^^^^^^^^^^^^^^^^^^^^
  File "C:\Users\Олег\Desktop\Simple\NozkuBot\venv\Lib\site-packages\aiogram\dispatcher\middlewares\user_context.py", line 58, in __call__
    return await handler(event, data)
           ^^^^^^^^^^^^^^^^^^^^^^^^^^
  File "C:\Users\Олег\Desktop\Simple\NozkuBot\venv\Lib\site-packages\aiogram\fsm\middleware.py", line 43, in __call__
    return await handler(event, data)
           ^^^^^^^^^^^^^^^^^^^^^^^^^^
  File "C:\Users\Олег\Desktop\Simple\NozkuBot\app\middleware\anti_spam_middleware.py", line 47, in __call__
    return await handler(event, data)
           ^^^^^^^^^^^^^^^^^^^^^^^^^^
  File "C:\Users\Олег\Desktop\Simple\NozkuBot\venv\Lib\site-packages\aiogram\dispatcher\event\telegram.py", line 126, in trigger
    return await wrapped_inner(event, kwargs)
           ^^^^^^^^^^^^^^^^^^^^^^^^^^^^^^^^^^
  File "C:\Users\Олег\Desktop\Simple\NozkuBot\venv\Lib\site-packages\aiogram\dispatcher\event\handler.py", line 71, in call
    return await wrapped()
           ^^^^^^^^^^^^^^^
  File "C:\Users\Олег\Desktop\Simple\NozkuBot\venv\Lib\site-packages\aiogram\dispatcher\dispatcher.py", line 283, in _listen_update
    return await self.propagate_event(update_type=update_type, event=event, **kwargs)
           ^^^^^^^^^^^^^^^^^^^^^^^^^^^^^^^^^^^^^^^^^^^^^^^^^^^^^^^^^^^^^^^^^^^^^^^^^^
  File "C:\Users\Олег\Desktop\Simple\NozkuBot\venv\Lib\site-packages\aiogram\dispatcher\router.py", line 167, in propagate_event
    return await observer.wrap_outer_middleware(_wrapped, event=event, data=kwargs)
           ^^^^^^^^^^^^^^^^^^^^^^^^^^^^^^^^^^^^^^^^^^^^^^^^^^^^^^^^^^^^^^^^^^^^^^^^
  File "C:\Users\Олег\Desktop\Simple\NozkuBot\venv\Lib\site-packages\aiogram\dispatcher\router.py", line 159, in _wrapped
    return await self._propagate_event(
           ^^^^^^^^^^^^^^^^^^^^^^^^^^^^
  File "C:\Users\Олег\Desktop\Simple\NozkuBot\venv\Lib\site-packages\aiogram\dispatcher\router.py", line 195, in _propagate_event
    response = await router.propagate_event(update_type=update_type, event=event, **kwargs)
               ^^^^^^^^^^^^^^^^^^^^^^^^^^^^^^^^^^^^^^^^^^^^^^^^^^^^^^^^^^^^^^^^^^^^^^^^^^^^
  File "C:\Users\Олег\Desktop\Simple\NozkuBot\venv\Lib\site-packages\aiogram\dispatcher\router.py", line 167, in propagate_event
    return await observer.wrap_outer_middleware(_wrapped, event=event, data=kwargs)
           ^^^^^^^^^^^^^^^^^^^^^^^^^^^^^^^^^^^^^^^^^^^^^^^^^^^^^^^^^^^^^^^^^^^^^^^^
  File "C:\Users\Олег\Desktop\Simple\NozkuBot\venv\Lib\site-packages\aiogram\dispatcher\router.py", line 159, in _wrapped
    return await self._propagate_event(
           ^^^^^^^^^^^^^^^^^^^^^^^^^^^^
  File "C:\Users\Олег\Desktop\Simple\NozkuBot\venv\Lib\site-packages\aiogram\dispatcher\router.py", line 187, in _propagate_event
    response = await observer.trigger(event, **kwargs)
               ^^^^^^^^^^^^^^^^^^^^^^^^^^^^^^^^^^^^^^^
  File "C:\Users\Олег\Desktop\Simple\NozkuBot\venv\Lib\site-packages\aiogram\dispatcher\event\telegram.py", line 126, in trigger
    return await wrapped_inner(event, kwargs)
           ^^^^^^^^^^^^^^^^^^^^^^^^^^^^^^^^^^
  File "C:\Users\Олег\Desktop\Simple\NozkuBot\venv\Lib\site-packages\aiogram\dispatcher\event\handler.py", line 71, in call
    return await wrapped()
           ^^^^^^^^^^^^^^^
  File "C:\Users\Олег\Desktop\Simple\NozkuBot\app\handlers\handler_download_a_photos.py", line 33, in download_photos_start
    await db.new_download_photo(user_id, file_id, media_group_id, text)
                                         ^^^^^^^
UnboundLocalError: cannot access local variable 'file_id' where it is not associated with a value
INFO:aiogram.event:Update id=150676076 is not handled. Duration 16 ms by bot id=8998435518
ERROR:aiogram.event:Cause exception while process update id=150676076 by bot id=8998435518
UnboundLocalError: cannot access local variable 'file_id' where it is not associated with a value
Traceback (most recent call last):
  File "C:\Users\Олег\Desktop\Simple\NozkuBot\venv\Lib\site-packages\aiogram\dispatcher\dispatcher.py", line 320, in _process_update
    response = await self.feed_update(bot, update, **kwargs)
               ^^^^^^^^^^^^^^^^^^^^^^^^^^^^^^^^^^^^^^^^^^^^^
  File "C:\Users\Олег\Desktop\Simple\NozkuBot\venv\Lib\site-packages\aiogram\dispatcher\dispatcher.py", line 164, in feed_update
    response = await self.update.wrap_outer_middleware(
               ^^^^^^^^^^^^^^^^^^^^^^^^^^^^^^^^^^^^^^^^
  File "C:\Users\Олег\Desktop\Simple\NozkuBot\venv\Lib\site-packages\aiogram\dispatcher\middlewares\error.py", line 27, in __call__
    return await handler(event, data)
           ^^^^^^^^^^^^^^^^^^^^^^^^^^
  File "C:\Users\Олег\Desktop\Simple\NozkuBot\venv\Lib\site-packages\aiogram\dispatcher\middlewares\user_context.py", line 58, in __call__
    return await handler(event, data)
           ^^^^^^^^^^^^^^^^^^^^^^^^^^
  File "C:\Users\Олег\Desktop\Simple\NozkuBot\venv\Lib\site-packages\aiogram\fsm\middleware.py", line 43, in __call__
    return await handler(event, data)
           ^^^^^^^^^^^^^^^^^^^^^^^^^^
  File "C:\Users\Олег\Desktop\Simple\NozkuBot\app\middleware\anti_spam_middleware.py", line 47, in __call__
    return await handler(event, data)
           ^^^^^^^^^^^^^^^^^^^^^^^^^^
  File "C:\Users\Олег\Desktop\Simple\NozkuBot\venv\Lib\site-packages\aiogram\dispatcher\event\telegram.py", line 126, in trigger
    return await wrapped_inner(event, kwargs)
           ^^^^^^^^^^^^^^^^^^^^^^^^^^^^^^^^^^
  File "C:\Users\Олег\Desktop\Simple\NozkuBot\venv\Lib\site-packages\aiogram\dispatcher\event\handler.py", line 71, in call
    return await wrapped()
           ^^^^^^^^^^^^^^^
  File "C:\Users\Олег\Desktop\Simple\NozkuBot\venv\Lib\site-packages\aiogram\dispatcher\dispatcher.py", line 283, in _listen_update
    return await self.propagate_event(update_type=update_type, event=event, **kwargs)
           ^^^^^^^^^^^^^^^^^^^^^^^^^^^^^^^^^^^^^^^^^^^^^^^^^^^^^^^^^^^^^^^^^^^^^^^^^^
  File "C:\Users\Олег\Desktop\Simple\NozkuBot\venv\Lib\site-packages\aiogram\dispatcher\router.py", line 167, in propagate_event
    return await observer.wrap_outer_middleware(_wrapped, event=event, data=kwargs)
           ^^^^^^^^^^^^^^^^^^^^^^^^^^^^^^^^^^^^^^^^^^^^^^^^^^^^^^^^^^^^^^^^^^^^^^^^
  File "C:\Users\Олег\Desktop\Simple\NozkuBot\venv\Lib\site-packages\aiogram\dispatcher\router.py", line 159, in _wrapped
    return await self._propagate_event(
           ^^^^^^^^^^^^^^^^^^^^^^^^^^^^
  File "C:\Users\Олег\Desktop\Simple\NozkuBot\venv\Lib\site-packages\aiogram\dispatcher\router.py", line 195, in _propagate_event
    response = await router.propagate_event(update_type=update_type, event=event, **kwargs)
               ^^^^^^^^^^^^^^^^^^^^^^^^^^^^^^^^^^^^^^^^^^^^^^^^^^^^^^^^^^^^^^^^^^^^^^^^^^^^
  File "C:\Users\Олег\Desktop\Simple\NozkuBot\venv\Lib\site-packages\aiogram\dispatcher\router.py", line 167, in propagate_event
    return await observer.wrap_outer_middleware(_wrapped, event=event, data=kwargs)
           ^^^^^^^^^^^^^^^^^^^^^^^^^^^^^^^^^^^^^^^^^^^^^^^^^^^^^^^^^^^^^^^^^^^^^^^^
  File "C:\Users\Олег\Desktop\Simple\NozkuBot\venv\Lib\site-packages\aiogram\dispatcher\router.py", line 159, in _wrapped
    return await self._propagate_event(
           ^^^^^^^^^^^^^^^^^^^^^^^^^^^^
  File "C:\Users\Олег\Desktop\Simple\NozkuBot\venv\Lib\site-packages\aiogram\dispatcher\router.py", line 187, in _propagate_event
    response = await observer.trigger(event, **kwargs)
               ^^^^^^^^^^^^^^^^^^^^^^^^^^^^^^^^^^^^^^^
  File "C:\Users\Олег\Desktop\Simple\NozkuBot\venv\Lib\site-packages\aiogram\dispatcher\event\telegram.py", line 126, in trigger
    return await wrapped_inner(event, kwargs)
           ^^^^^^^^^^^^^^^^^^^^^^^^^^^^^^^^^^
  File "C:\Users\Олег\Desktop\Simple\NozkuBot\venv\Lib\site-packages\aiogram\dispatcher\event\handler.py", line 71, in call
    return await wrapped()
           ^^^^^^^^^^^^^^^
  File "C:\Users\Олег\Desktop\Simple\NozkuBot\app\handlers\handler_download_a_photos.py", line 33, in download_photos_start
    await db.new_download_photo(user_id, file_id, media_group_id, text)
                                         ^^^^^^^
UnboundLocalError: cannot access local variable 'file_id' where it is not associated with a value
INFO:aiogram.event:Update id=150676077 is handled. Duration 233 ms by bot id=8998435518
INFO:aiogram.event:Update id=150676078 is handled. Duration 250 ms by bot id=8998435518
INFO:aiogram.dispatcher:Start polling
INFO:aiogram.dispatcher:Run polling for bot @FemRankBot id=8998435518 - 'FemRank'
INFO:aiogram.event:Update id=150676079 is handled. Duration 327 ms by bot id=8998435518
INFO:aiogram.event:Update id=150676080 is handled. Duration 202 ms by bot id=8998435518
INFO:aiogram.event:Update id=150676081 is not handled. Duration 16 ms by bot id=8998435518
ERROR:aiogram.event:Cause exception while process update id=150676081 by bot id=8998435518
UnboundLocalError: cannot access local variable 'file_id' where it is not associated with a value
Traceback (most recent call last):
  File "C:\Users\Олег\Desktop\Simple\NozkuBot\venv\Lib\site-packages\aiogram\dispatcher\dispatcher.py", line 320, in _process_update
    response = await self.feed_update(bot, update, **kwargs)
               ^^^^^^^^^^^^^^^^^^^^^^^^^^^^^^^^^^^^^^^^^^^^^
  File "C:\Users\Олег\Desktop\Simple\NozkuBot\venv\Lib\site-packages\aiogram\dispatcher\dispatcher.py", line 164, in feed_update
    response = await self.update.wrap_outer_middleware(
               ^^^^^^^^^^^^^^^^^^^^^^^^^^^^^^^^^^^^^^^^
  File "C:\Users\Олег\Desktop\Simple\NozkuBot\venv\Lib\site-packages\aiogram\dispatcher\middlewares\error.py", line 27, in __call__
    return await handler(event, data)
           ^^^^^^^^^^^^^^^^^^^^^^^^^^
  File "C:\Users\Олег\Desktop\Simple\NozkuBot\venv\Lib\site-packages\aiogram\dispatcher\middlewares\user_context.py", line 58, in __call__
    return await handler(event, data)
           ^^^^^^^^^^^^^^^^^^^^^^^^^^
  File "C:\Users\Олег\Desktop\Simple\NozkuBot\venv\Lib\site-packages\aiogram\fsm\middleware.py", line 43, in __call__
    return await handler(event, data)
           ^^^^^^^^^^^^^^^^^^^^^^^^^^
  File "C:\Users\Олег\Desktop\Simple\NozkuBot\app\middleware\anti_spam_middleware.py", line 47, in __call__
    return await handler(event, data)
           ^^^^^^^^^^^^^^^^^^^^^^^^^^
  File "C:\Users\Олег\Desktop\Simple\NozkuBot\venv\Lib\site-packages\aiogram\dispatcher\event\telegram.py", line 126, in trigger
    return await wrapped_inner(event, kwargs)
           ^^^^^^^^^^^^^^^^^^^^^^^^^^^^^^^^^^
  File "C:\Users\Олег\Desktop\Simple\NozkuBot\venv\Lib\site-packages\aiogram\dispatcher\event\handler.py", line 71, in call
    return await wrapped()
           ^^^^^^^^^^^^^^^
  File "C:\Users\Олег\Desktop\Simple\NozkuBot\venv\Lib\site-packages\aiogram\dispatcher\dispatcher.py", line 283, in _listen_update
    return await self.propagate_event(update_type=update_type, event=event, **kwargs)
           ^^^^^^^^^^^^^^^^^^^^^^^^^^^^^^^^^^^^^^^^^^^^^^^^^^^^^^^^^^^^^^^^^^^^^^^^^^
  File "C:\Users\Олег\Desktop\Simple\NozkuBot\venv\Lib\site-packages\aiogram\dispatcher\router.py", line 167, in propagate_event
    return await observer.wrap_outer_middleware(_wrapped, event=event, data=kwargs)
           ^^^^^^^^^^^^^^^^^^^^^^^^^^^^^^^^^^^^^^^^^^^^^^^^^^^^^^^^^^^^^^^^^^^^^^^^
  File "C:\Users\Олег\Desktop\Simple\NozkuBot\venv\Lib\site-packages\aiogram\dispatcher\router.py", line 159, in _wrapped
    return await self._propagate_event(
           ^^^^^^^^^^^^^^^^^^^^^^^^^^^^
  File "C:\Users\Олег\Desktop\Simple\NozkuBot\venv\Lib\site-packages\aiogram\dispatcher\router.py", line 195, in _propagate_event
    response = await router.propagate_event(update_type=update_type, event=event, **kwargs)
               ^^^^^^^^^^^^^^^^^^^^^^^^^^^^^^^^^^^^^^^^^^^^^^^^^^^^^^^^^^^^^^^^^^^^^^^^^^^^
  File "C:\Users\Олег\Desktop\Simple\NozkuBot\venv\Lib\site-packages\aiogram\dispatcher\router.py", line 167, in propagate_event
    return await observer.wrap_outer_middleware(_wrapped, event=event, data=kwargs)
           ^^^^^^^^^^^^^^^^^^^^^^^^^^^^^^^^^^^^^^^^^^^^^^^^^^^^^^^^^^^^^^^^^^^^^^^^
  File "C:\Users\Олег\Desktop\Simple\NozkuBot\venv\Lib\site-packages\aiogram\dispatcher\router.py", line 159, in _wrapped
    return await self._propagate_event(
           ^^^^^^^^^^^^^^^^^^^^^^^^^^^^
  File "C:\Users\Олег\Desktop\Simple\NozkuBot\venv\Lib\site-packages\aiogram\dispatcher\router.py", line 187, in _propagate_event
    response = await observer.trigger(event, **kwargs)
               ^^^^^^^^^^^^^^^^^^^^^^^^^^^^^^^^^^^^^^^
  File "C:\Users\Олег\Desktop\Simple\NozkuBot\venv\Lib\site-packages\aiogram\dispatcher\event\telegram.py", line 126, in trigger
    return await wrapped_inner(event, kwargs)
           ^^^^^^^^^^^^^^^^^^^^^^^^^^^^^^^^^^
  File "C:\Users\Олег\Desktop\Simple\NozkuBot\venv\Lib\site-packages\aiogram\dispatcher\event\handler.py", line 71, in call
    return await wrapped()
           ^^^^^^^^^^^^^^^
  File "C:\Users\Олег\Desktop\Simple\NozkuBot\app\handlers\handler_download_a_photos.py", line 33, in download_photos_start
    await db.new_download_photo(user_id, file_id, media_group_id, text)
                                         ^^^^^^^
UnboundLocalError: cannot access local variable 'file_id' where it is not associated with a value
INFO:aiogram.event:Update id=150676082 is not handled. Duration 0 ms by bot id=8998435518
ERROR:aiogram.event:Cause exception while process update id=150676082 by bot id=8998435518
UnboundLocalError: cannot access local variable 'file_id' where it is not associated with a value
Traceback (most recent call last):
  File "C:\Users\Олег\Desktop\Simple\NozkuBot\venv\Lib\site-packages\aiogram\dispatcher\dispatcher.py", line 320, in _process_update
    response = await self.feed_update(bot, update, **kwargs)
               ^^^^^^^^^^^^^^^^^^^^^^^^^^^^^^^^^^^^^^^^^^^^^
  File "C:\Users\Олег\Desktop\Simple\NozkuBot\venv\Lib\site-packages\aiogram\dispatcher\dispatcher.py", line 164, in feed_update
    response = await self.update.wrap_outer_middleware(
               ^^^^^^^^^^^^^^^^^^^^^^^^^^^^^^^^^^^^^^^^
  File "C:\Users\Олег\Desktop\Simple\NozkuBot\venv\Lib\site-packages\aiogram\dispatcher\middlewares\error.py", line 27, in __call__
    return await handler(event, data)
           ^^^^^^^^^^^^^^^^^^^^^^^^^^
  File "C:\Users\Олег\Desktop\Simple\NozkuBot\venv\Lib\site-packages\aiogram\dispatcher\middlewares\user_context.py", line 58, in __call__
    return await handler(event, data)
           ^^^^^^^^^^^^^^^^^^^^^^^^^^
  File "C:\Users\Олег\Desktop\Simple\NozkuBot\venv\Lib\site-packages\aiogram\fsm\middleware.py", line 43, in __call__
    return await handler(event, data)
           ^^^^^^^^^^^^^^^^^^^^^^^^^^
  File "C:\Users\Олег\Desktop\Simple\NozkuBot\app\middleware\anti_spam_middleware.py", line 47, in __call__
    return await handler(event, data)
           ^^^^^^^^^^^^^^^^^^^^^^^^^^
  File "C:\Users\Олег\Desktop\Simple\NozkuBot\venv\Lib\site-packages\aiogram\dispatcher\event\telegram.py", line 126, in trigger
    return await wrapped_inner(event, kwargs)
           ^^^^^^^^^^^^^^^^^^^^^^^^^^^^^^^^^^
  File "C:\Users\Олег\Desktop\Simple\NozkuBot\venv\Lib\site-packages\aiogram\dispatcher\event\handler.py", line 71, in call
    return await wrapped()
           ^^^^^^^^^^^^^^^
  File "C:\Users\Олег\Desktop\Simple\NozkuBot\venv\Lib\site-packages\aiogram\dispatcher\dispatcher.py", line 283, in _listen_update
    return await self.propagate_event(update_type=update_type, event=event, **kwargs)
           ^^^^^^^^^^^^^^^^^^^^^^^^^^^^^^^^^^^^^^^^^^^^^^^^^^^^^^^^^^^^^^^^^^^^^^^^^^
  File "C:\Users\Олег\Desktop\Simple\NozkuBot\venv\Lib\site-packages\aiogram\dispatcher\router.py", line 167, in propagate_event
    return await observer.wrap_outer_middleware(_wrapped, event=event, data=kwargs)
           ^^^^^^^^^^^^^^^^^^^^^^^^^^^^^^^^^^^^^^^^^^^^^^^^^^^^^^^^^^^^^^^^^^^^^^^^
  File "C:\Users\Олег\Desktop\Simple\NozkuBot\venv\Lib\site-packages\aiogram\dispatcher\router.py", line 159, in _wrapped
    return await self._propagate_event(
           ^^^^^^^^^^^^^^^^^^^^^^^^^^^^
  File "C:\Users\Олег\Desktop\Simple\NozkuBot\venv\Lib\site-packages\aiogram\dispatcher\router.py", line 195, in _propagate_event
    response = await router.propagate_event(update_type=update_type, event=event, **kwargs)
               ^^^^^^^^^^^^^^^^^^^^^^^^^^^^^^^^^^^^^^^^^^^^^^^^^^^^^^^^^^^^^^^^^^^^^^^^^^^^
  File "C:\Users\Олег\Desktop\Simple\NozkuBot\venv\Lib\site-packages\aiogram\dispatcher\router.py", line 167, in propagate_event
    return await observer.wrap_outer_middleware(_wrapped, event=event, data=kwargs)
           ^^^^^^^^^^^^^^^^^^^^^^^^^^^^^^^^^^^^^^^^^^^^^^^^^^^^^^^^^^^^^^^^^^^^^^^^
  File "C:\Users\Олег\Desktop\Simple\NozkuBot\venv\Lib\site-packages\aiogram\dispatcher\router.py", line 159, in _wrapped
    return await self._propagate_event(
           ^^^^^^^^^^^^^^^^^^^^^^^^^^^^
  File "C:\Users\Олег\Desktop\Simple\NozkuBot\venv\Lib\site-packages\aiogram\dispatcher\router.py", line 187, in _propagate_event
    response = await observer.trigger(event, **kwargs)
               ^^^^^^^^^^^^^^^^^^^^^^^^^^^^^^^^^^^^^^^
  File "C:\Users\Олег\Desktop\Simple\NozkuBot\venv\Lib\site-packages\aiogram\dispatcher\event\telegram.py", line 126, in trigger
    return await wrapped_inner(event, kwargs)
           ^^^^^^^^^^^^^^^^^^^^^^^^^^^^^^^^^^
  File "C:\Users\Олег\Desktop\Simple\NozkuBot\venv\Lib\site-packages\aiogram\dispatcher\event\handler.py", line 71, in call
    return await wrapped()
           ^^^^^^^^^^^^^^^
  File "C:\Users\Олег\Desktop\Simple\NozkuBot\app\handlers\handler_download_a_photos.py", line 33, in download_photos_start
    await db.new_download_photo(user_id, file_id, media_group_id, text)
                                         ^^^^^^^
UnboundLocalError: cannot access local variable 'file_id' where it is not associated with a value
INFO:aiogram.event:Update id=150676083 is handled. Duration 171 ms by bot id=8998435518
INFO:aiogram.event:Update id=150676084 is not handled. Duration 125 ms by bot id=8998435518
ERROR:aiogram.event:Cause exception while process update id=150676084 by bot id=8998435518
TypeError: Message.edit_text() got multiple values for argument 'text'
Traceback (most recent call last):
  File "C:\Users\Олег\Desktop\Simple\NozkuBot\venv\Lib\site-packages\aiogram\dispatcher\dispatcher.py", line 320, in _process_update
    response = await self.feed_update(bot, update, **kwargs)
               ^^^^^^^^^^^^^^^^^^^^^^^^^^^^^^^^^^^^^^^^^^^^^
  File "C:\Users\Олег\Desktop\Simple\NozkuBot\venv\Lib\site-packages\aiogram\dispatcher\dispatcher.py", line 164, in feed_update
    response = await self.update.wrap_outer_middleware(
               ^^^^^^^^^^^^^^^^^^^^^^^^^^^^^^^^^^^^^^^^
  File "C:\Users\Олег\Desktop\Simple\NozkuBot\venv\Lib\site-packages\aiogram\dispatcher\middlewares\error.py", line 27, in __call__
    return await handler(event, data)
           ^^^^^^^^^^^^^^^^^^^^^^^^^^
  File "C:\Users\Олег\Desktop\Simple\NozkuBot\venv\Lib\site-packages\aiogram\dispatcher\middlewares\user_context.py", line 58, in __call__
    return await handler(event, data)
           ^^^^^^^^^^^^^^^^^^^^^^^^^^
  File "C:\Users\Олег\Desktop\Simple\NozkuBot\venv\Lib\site-packages\aiogram\fsm\middleware.py", line 43, in __call__
    return await handler(event, data)
           ^^^^^^^^^^^^^^^^^^^^^^^^^^
  File "C:\Users\Олег\Desktop\Simple\NozkuBot\app\middleware\anti_spam_middleware.py", line 47, in __call__
    return await handler(event, data)
           ^^^^^^^^^^^^^^^^^^^^^^^^^^
  File "C:\Users\Олег\Desktop\Simple\NozkuBot\venv\Lib\site-packages\aiogram\dispatcher\event\telegram.py", line 126, in trigger
    return await wrapped_inner(event, kwargs)
           ^^^^^^^^^^^^^^^^^^^^^^^^^^^^^^^^^^
  File "C:\Users\Олег\Desktop\Simple\NozkuBot\venv\Lib\site-packages\aiogram\dispatcher\event\handler.py", line 71, in call
    return await wrapped()
           ^^^^^^^^^^^^^^^
  File "C:\Users\Олег\Desktop\Simple\NozkuBot\venv\Lib\site-packages\aiogram\dispatcher\dispatcher.py", line 283, in _listen_update
    return await self.propagate_event(update_type=update_type, event=event, **kwargs)
           ^^^^^^^^^^^^^^^^^^^^^^^^^^^^^^^^^^^^^^^^^^^^^^^^^^^^^^^^^^^^^^^^^^^^^^^^^^
  File "C:\Users\Олег\Desktop\Simple\NozkuBot\venv\Lib\site-packages\aiogram\dispatcher\router.py", line 167, in propagate_event
    return await observer.wrap_outer_middleware(_wrapped, event=event, data=kwargs)
           ^^^^^^^^^^^^^^^^^^^^^^^^^^^^^^^^^^^^^^^^^^^^^^^^^^^^^^^^^^^^^^^^^^^^^^^^
  File "C:\Users\Олег\Desktop\Simple\NozkuBot\venv\Lib\site-packages\aiogram\dispatcher\router.py", line 159, in _wrapped
    return await self._propagate_event(
           ^^^^^^^^^^^^^^^^^^^^^^^^^^^^
  File "C:\Users\Олег\Desktop\Simple\NozkuBot\venv\Lib\site-packages\aiogram\dispatcher\router.py", line 195, in _propagate_event
    response = await router.propagate_event(update_type=update_type, event=event, **kwargs)
               ^^^^^^^^^^^^^^^^^^^^^^^^^^^^^^^^^^^^^^^^^^^^^^^^^^^^^^^^^^^^^^^^^^^^^^^^^^^^
  File "C:\Users\Олег\Desktop\Simple\NozkuBot\venv\Lib\site-packages\aiogram\dispatcher\router.py", line 167, in propagate_event
    return await observer.wrap_outer_middleware(_wrapped, event=event, data=kwargs)
           ^^^^^^^^^^^^^^^^^^^^^^^^^^^^^^^^^^^^^^^^^^^^^^^^^^^^^^^^^^^^^^^^^^^^^^^^
  File "C:\Users\Олег\Desktop\Simple\NozkuBot\venv\Lib\site-packages\aiogram\dispatcher\router.py", line 159, in _wrapped
    return await self._propagate_event(
           ^^^^^^^^^^^^^^^^^^^^^^^^^^^^
  File "C:\Users\Олег\Desktop\Simple\NozkuBot\venv\Lib\site-packages\aiogram\dispatcher\router.py", line 187, in _propagate_event
    response = await observer.trigger(event, **kwargs)
               ^^^^^^^^^^^^^^^^^^^^^^^^^^^^^^^^^^^^^^^
  File "C:\Users\Олег\Desktop\Simple\NozkuBot\venv\Lib\site-packages\aiogram\dispatcher\event\telegram.py", line 126, in trigger
    return await wrapped_inner(event, kwargs)
           ^^^^^^^^^^^^^^^^^^^^^^^^^^^^^^^^^^
  File "C:\Users\Олег\Desktop\Simple\NozkuBot\venv\Lib\site-packages\aiogram\dispatcher\event\handler.py", line 71, in call
    return await wrapped()
           ^^^^^^^^^^^^^^^
  File "C:\Users\Олег\Desktop\Simple\NozkuBot\app\handlers\handler_my_photos.py", line 32, in my_photos_saving_in_archive
    await callback.message.edit_text(callback.inline_message_id, text='Выберите группу: ')
          ^^^^^^^^^^^^^^^^^^^^^^^^^^^^^^^^^^^^^^^^^^^^^^^^^^^^^^^^^^^^^^^^^^^^^^^^^^^^^^^^
TypeError: Message.edit_text() got multiple values for argument 'text'
INFO:aiogram.event:Update id=150676085 is not handled. Duration 156 ms by bot id=8998435518
ERROR:aiogram.event:Cause exception while process update id=150676085 by bot id=8998435518
TypeError: Message.edit_text() got multiple values for argument 'text'
Traceback (most recent call last):
  File "C:\Users\Олег\Desktop\Simple\NozkuBot\venv\Lib\site-packages\aiogram\dispatcher\dispatcher.py", line 320, in _process_update
    response = await self.feed_update(bot, update, **kwargs)
               ^^^^^^^^^^^^^^^^^^^^^^^^^^^^^^^^^^^^^^^^^^^^^
  File "C:\Users\Олег\Desktop\Simple\NozkuBot\venv\Lib\site-packages\aiogram\dispatcher\dispatcher.py", line 164, in feed_update
    response = await self.update.wrap_outer_middleware(
               ^^^^^^^^^^^^^^^^^^^^^^^^^^^^^^^^^^^^^^^^
  File "C:\Users\Олег\Desktop\Simple\NozkuBot\venv\Lib\site-packages\aiogram\dispatcher\middlewares\error.py", line 27, in __call__
    return await handler(event, data)
           ^^^^^^^^^^^^^^^^^^^^^^^^^^
  File "C:\Users\Олег\Desktop\Simple\NozkuBot\venv\Lib\site-packages\aiogram\dispatcher\middlewares\user_context.py", line 58, in __call__
    return await handler(event, data)
           ^^^^^^^^^^^^^^^^^^^^^^^^^^
  File "C:\Users\Олег\Desktop\Simple\NozkuBot\venv\Lib\site-packages\aiogram\fsm\middleware.py", line 43, in __call__
    return await handler(event, data)
           ^^^^^^^^^^^^^^^^^^^^^^^^^^
  File "C:\Users\Олег\Desktop\Simple\NozkuBot\app\middleware\anti_spam_middleware.py", line 47, in __call__
    return await handler(event, data)
           ^^^^^^^^^^^^^^^^^^^^^^^^^^
  File "C:\Users\Олег\Desktop\Simple\NozkuBot\venv\Lib\site-packages\aiogram\dispatcher\event\telegram.py", line 126, in trigger
    return await wrapped_inner(event, kwargs)
           ^^^^^^^^^^^^^^^^^^^^^^^^^^^^^^^^^^
  File "C:\Users\Олег\Desktop\Simple\NozkuBot\venv\Lib\site-packages\aiogram\dispatcher\event\handler.py", line 71, in call
    return await wrapped()
           ^^^^^^^^^^^^^^^
  File "C:\Users\Олег\Desktop\Simple\NozkuBot\venv\Lib\site-packages\aiogram\dispatcher\dispatcher.py", line 283, in _listen_update
    return await self.propagate_event(update_type=update_type, event=event, **kwargs)
           ^^^^^^^^^^^^^^^^^^^^^^^^^^^^^^^^^^^^^^^^^^^^^^^^^^^^^^^^^^^^^^^^^^^^^^^^^^
  File "C:\Users\Олег\Desktop\Simple\NozkuBot\venv\Lib\site-packages\aiogram\dispatcher\router.py", line 167, in propagate_event
    return await observer.wrap_outer_middleware(_wrapped, event=event, data=kwargs)
           ^^^^^^^^^^^^^^^^^^^^^^^^^^^^^^^^^^^^^^^^^^^^^^^^^^^^^^^^^^^^^^^^^^^^^^^^
  File "C:\Users\Олег\Desktop\Simple\NozkuBot\venv\Lib\site-packages\aiogram\dispatcher\router.py", line 159, in _wrapped
    return await self._propagate_event(
           ^^^^^^^^^^^^^^^^^^^^^^^^^^^^
  File "C:\Users\Олег\Desktop\Simple\NozkuBot\venv\Lib\site-packages\aiogram\dispatcher\router.py", line 195, in _propagate_event
    response = await router.propagate_event(update_type=update_type, event=event, **kwargs)
               ^^^^^^^^^^^^^^^^^^^^^^^^^^^^^^^^^^^^^^^^^^^^^^^^^^^^^^^^^^^^^^^^^^^^^^^^^^^^
  File "C:\Users\Олег\Desktop\Simple\NozkuBot\venv\Lib\site-packages\aiogram\dispatcher\router.py", line 167, in propagate_event
    return await observer.wrap_outer_middleware(_wrapped, event=event, data=kwargs)
           ^^^^^^^^^^^^^^^^^^^^^^^^^^^^^^^^^^^^^^^^^^^^^^^^^^^^^^^^^^^^^^^^^^^^^^^^
  File "C:\Users\Олег\Desktop\Simple\NozkuBot\venv\Lib\site-packages\aiogram\dispatcher\router.py", line 159, in _wrapped
    return await self._propagate_event(
           ^^^^^^^^^^^^^^^^^^^^^^^^^^^^
  File "C:\Users\Олег\Desktop\Simple\NozkuBot\venv\Lib\site-packages\aiogram\dispatcher\router.py", line 187, in _propagate_event
    response = await observer.trigger(event, **kwargs)
               ^^^^^^^^^^^^^^^^^^^^^^^^^^^^^^^^^^^^^^^
  File "C:\Users\Олег\Desktop\Simple\NozkuBot\venv\Lib\site-packages\aiogram\dispatcher\event\telegram.py", line 126, in trigger
    return await wrapped_inner(event, kwargs)
           ^^^^^^^^^^^^^^^^^^^^^^^^^^^^^^^^^^
  File "C:\Users\Олег\Desktop\Simple\NozkuBot\venv\Lib\site-packages\aiogram\dispatcher\event\handler.py", line 71, in call
    return await wrapped()
           ^^^^^^^^^^^^^^^
  File "C:\Users\Олег\Desktop\Simple\NozkuBot\app\handlers\handler_my_photos.py", line 32, in my_photos_saving_in_archive
    await callback.message.edit_text(callback.inline_message_id, text='Выберите группу: ')
          ^^^^^^^^^^^^^^^^^^^^^^^^^^^^^^^^^^^^^^^^^^^^^^^^^^^^^^^^^^^^^^^^^^^^^^^^^^^^^^^^
TypeError: Message.edit_text() got multiple values for argument 'text'
INFO:aiogram.dispatcher:Start polling
INFO:aiogram.dispatcher:Run polling for bot @FemRankBot id=8998435518 - 'FemRank'
INFO:aiogram.event:Update id=150676086 is handled. Duration 500 ms by bot id=8998435518
INFO:aiogram.event:Update id=150676087 is handled. Duration 187 ms by bot id=8998435518
INFO:aiogram.event:Update id=150676088 is not handled. Duration 0 ms by bot id=8998435518
ERROR:aiogram.event:Cause exception while process update id=150676088 by bot id=8998435518
UnboundLocalError: cannot access local variable 'file_id' where it is not associated with a value
Traceback (most recent call last):
  File "C:\Users\Олег\Desktop\Simple\NozkuBot\venv\Lib\site-packages\aiogram\dispatcher\dispatcher.py", line 320, in _process_update
    response = await self.feed_update(bot, update, **kwargs)
               ^^^^^^^^^^^^^^^^^^^^^^^^^^^^^^^^^^^^^^^^^^^^^
  File "C:\Users\Олег\Desktop\Simple\NozkuBot\venv\Lib\site-packages\aiogram\dispatcher\dispatcher.py", line 164, in feed_update
    response = await self.update.wrap_outer_middleware(
               ^^^^^^^^^^^^^^^^^^^^^^^^^^^^^^^^^^^^^^^^
  File "C:\Users\Олег\Desktop\Simple\NozkuBot\venv\Lib\site-packages\aiogram\dispatcher\middlewares\error.py", line 27, in __call__
    return await handler(event, data)
           ^^^^^^^^^^^^^^^^^^^^^^^^^^
  File "C:\Users\Олег\Desktop\Simple\NozkuBot\venv\Lib\site-packages\aiogram\dispatcher\middlewares\user_context.py", line 58, in __call__
    return await handler(event, data)
           ^^^^^^^^^^^^^^^^^^^^^^^^^^
  File "C:\Users\Олег\Desktop\Simple\NozkuBot\venv\Lib\site-packages\aiogram\fsm\middleware.py", line 43, in __call__
    return await handler(event, data)
           ^^^^^^^^^^^^^^^^^^^^^^^^^^
  File "C:\Users\Олег\Desktop\Simple\NozkuBot\app\middleware\anti_spam_middleware.py", line 47, in __call__
    return await handler(event, data)
           ^^^^^^^^^^^^^^^^^^^^^^^^^^
  File "C:\Users\Олег\Desktop\Simple\NozkuBot\venv\Lib\site-packages\aiogram\dispatcher\event\telegram.py", line 126, in trigger
    return await wrapped_inner(event, kwargs)
           ^^^^^^^^^^^^^^^^^^^^^^^^^^^^^^^^^^
  File "C:\Users\Олег\Desktop\Simple\NozkuBot\venv\Lib\site-packages\aiogram\dispatcher\event\handler.py", line 71, in call
    return await wrapped()
           ^^^^^^^^^^^^^^^
  File "C:\Users\Олег\Desktop\Simple\NozkuBot\venv\Lib\site-packages\aiogram\dispatcher\dispatcher.py", line 283, in _listen_update
    return await self.propagate_event(update_type=update_type, event=event, **kwargs)
           ^^^^^^^^^^^^^^^^^^^^^^^^^^^^^^^^^^^^^^^^^^^^^^^^^^^^^^^^^^^^^^^^^^^^^^^^^^
  File "C:\Users\Олег\Desktop\Simple\NozkuBot\venv\Lib\site-packages\aiogram\dispatcher\router.py", line 167, in propagate_event
    return await observer.wrap_outer_middleware(_wrapped, event=event, data=kwargs)
           ^^^^^^^^^^^^^^^^^^^^^^^^^^^^^^^^^^^^^^^^^^^^^^^^^^^^^^^^^^^^^^^^^^^^^^^^
  File "C:\Users\Олег\Desktop\Simple\NozkuBot\venv\Lib\site-packages\aiogram\dispatcher\router.py", line 159, in _wrapped
    return await self._propagate_event(
           ^^^^^^^^^^^^^^^^^^^^^^^^^^^^
  File "C:\Users\Олег\Desktop\Simple\NozkuBot\venv\Lib\site-packages\aiogram\dispatcher\router.py", line 195, in _propagate_event
    response = await router.propagate_event(update_type=update_type, event=event, **kwargs)
               ^^^^^^^^^^^^^^^^^^^^^^^^^^^^^^^^^^^^^^^^^^^^^^^^^^^^^^^^^^^^^^^^^^^^^^^^^^^^
  File "C:\Users\Олег\Desktop\Simple\NozkuBot\venv\Lib\site-packages\aiogram\dispatcher\router.py", line 167, in propagate_event
    return await observer.wrap_outer_middleware(_wrapped, event=event, data=kwargs)
           ^^^^^^^^^^^^^^^^^^^^^^^^^^^^^^^^^^^^^^^^^^^^^^^^^^^^^^^^^^^^^^^^^^^^^^^^
  File "C:\Users\Олег\Desktop\Simple\NozkuBot\venv\Lib\site-packages\aiogram\dispatcher\router.py", line 159, in _wrapped
    return await self._propagate_event(
           ^^^^^^^^^^^^^^^^^^^^^^^^^^^^
  File "C:\Users\Олег\Desktop\Simple\NozkuBot\venv\Lib\site-packages\aiogram\dispatcher\router.py", line 187, in _propagate_event
    response = await observer.trigger(event, **kwargs)
               ^^^^^^^^^^^^^^^^^^^^^^^^^^^^^^^^^^^^^^^
  File "C:\Users\Олег\Desktop\Simple\NozkuBot\venv\Lib\site-packages\aiogram\dispatcher\event\telegram.py", line 126, in trigger
    return await wrapped_inner(event, kwargs)
           ^^^^^^^^^^^^^^^^^^^^^^^^^^^^^^^^^^
  File "C:\Users\Олег\Desktop\Simple\NozkuBot\venv\Lib\site-packages\aiogram\dispatcher\event\handler.py", line 71, in call
    return await wrapped()
           ^^^^^^^^^^^^^^^
  File "C:\Users\Олег\Desktop\Simple\NozkuBot\app\handlers\handler_download_a_photos.py", line 33, in download_photos_start
    await db.new_download_photo(user_id, file_id, media_group_id, text)
                                         ^^^^^^^
UnboundLocalError: cannot access local variable 'file_id' where it is not associated with a value
INFO:aiogram.event:Update id=150676089 is not handled. Duration 14 ms by bot id=8998435518
ERROR:aiogram.event:Cause exception while process update id=150676089 by bot id=8998435518
UnboundLocalError: cannot access local variable 'file_id' where it is not associated with a value
Traceback (most recent call last):
  File "C:\Users\Олег\Desktop\Simple\NozkuBot\venv\Lib\site-packages\aiogram\dispatcher\dispatcher.py", line 320, in _process_update
    response = await self.feed_update(bot, update, **kwargs)
               ^^^^^^^^^^^^^^^^^^^^^^^^^^^^^^^^^^^^^^^^^^^^^
  File "C:\Users\Олег\Desktop\Simple\NozkuBot\venv\Lib\site-packages\aiogram\dispatcher\dispatcher.py", line 164, in feed_update
    response = await self.update.wrap_outer_middleware(
               ^^^^^^^^^^^^^^^^^^^^^^^^^^^^^^^^^^^^^^^^
  File "C:\Users\Олег\Desktop\Simple\NozkuBot\venv\Lib\site-packages\aiogram\dispatcher\middlewares\error.py", line 27, in __call__
    return await handler(event, data)
           ^^^^^^^^^^^^^^^^^^^^^^^^^^
  File "C:\Users\Олег\Desktop\Simple\NozkuBot\venv\Lib\site-packages\aiogram\dispatcher\middlewares\user_context.py", line 58, in __call__
    return await handler(event, data)
           ^^^^^^^^^^^^^^^^^^^^^^^^^^
  File "C:\Users\Олег\Desktop\Simple\NozkuBot\venv\Lib\site-packages\aiogram\fsm\middleware.py", line 43, in __call__
    return await handler(event, data)
           ^^^^^^^^^^^^^^^^^^^^^^^^^^
  File "C:\Users\Олег\Desktop\Simple\NozkuBot\app\middleware\anti_spam_middleware.py", line 47, in __call__
    return await handler(event, data)
           ^^^^^^^^^^^^^^^^^^^^^^^^^^
  File "C:\Users\Олег\Desktop\Simple\NozkuBot\venv\Lib\site-packages\aiogram\dispatcher\event\telegram.py", line 126, in trigger
    return await wrapped_inner(event, kwargs)
           ^^^^^^^^^^^^^^^^^^^^^^^^^^^^^^^^^^
  File "C:\Users\Олег\Desktop\Simple\NozkuBot\venv\Lib\site-packages\aiogram\dispatcher\event\handler.py", line 71, in call
    return await wrapped()
           ^^^^^^^^^^^^^^^
  File "C:\Users\Олег\Desktop\Simple\NozkuBot\venv\Lib\site-packages\aiogram\dispatcher\dispatcher.py", line 283, in _listen_update
    return await self.propagate_event(update_type=update_type, event=event, **kwargs)
           ^^^^^^^^^^^^^^^^^^^^^^^^^^^^^^^^^^^^^^^^^^^^^^^^^^^^^^^^^^^^^^^^^^^^^^^^^^
  File "C:\Users\Олег\Desktop\Simple\NozkuBot\venv\Lib\site-packages\aiogram\dispatcher\router.py", line 167, in propagate_event
    return await observer.wrap_outer_middleware(_wrapped, event=event, data=kwargs)
           ^^^^^^^^^^^^^^^^^^^^^^^^^^^^^^^^^^^^^^^^^^^^^^^^^^^^^^^^^^^^^^^^^^^^^^^^
  File "C:\Users\Олег\Desktop\Simple\NozkuBot\venv\Lib\site-packages\aiogram\dispatcher\router.py", line 159, in _wrapped
    return await self._propagate_event(
           ^^^^^^^^^^^^^^^^^^^^^^^^^^^^
  File "C:\Users\Олег\Desktop\Simple\NozkuBot\venv\Lib\site-packages\aiogram\dispatcher\router.py", line 195, in _propagate_event
    response = await router.propagate_event(update_type=update_type, event=event, **kwargs)
               ^^^^^^^^^^^^^^^^^^^^^^^^^^^^^^^^^^^^^^^^^^^^^^^^^^^^^^^^^^^^^^^^^^^^^^^^^^^^
  File "C:\Users\Олег\Desktop\Simple\NozkuBot\venv\Lib\site-packages\aiogram\dispatcher\router.py", line 167, in propagate_event
    return await observer.wrap_outer_middleware(_wrapped, event=event, data=kwargs)
           ^^^^^^^^^^^^^^^^^^^^^^^^^^^^^^^^^^^^^^^^^^^^^^^^^^^^^^^^^^^^^^^^^^^^^^^^
  File "C:\Users\Олег\Desktop\Simple\NozkuBot\venv\Lib\site-packages\aiogram\dispatcher\router.py", line 159, in _wrapped
    return await self._propagate_event(
           ^^^^^^^^^^^^^^^^^^^^^^^^^^^^
  File "C:\Users\Олег\Desktop\Simple\NozkuBot\venv\Lib\site-packages\aiogram\dispatcher\router.py", line 187, in _propagate_event
    response = await observer.trigger(event, **kwargs)
               ^^^^^^^^^^^^^^^^^^^^^^^^^^^^^^^^^^^^^^^
  File "C:\Users\Олег\Desktop\Simple\NozkuBot\venv\Lib\site-packages\aiogram\dispatcher\event\telegram.py", line 126, in trigger
    return await wrapped_inner(event, kwargs)
           ^^^^^^^^^^^^^^^^^^^^^^^^^^^^^^^^^^
  File "C:\Users\Олег\Desktop\Simple\NozkuBot\venv\Lib\site-packages\aiogram\dispatcher\event\handler.py", line 71, in call
    return await wrapped()
           ^^^^^^^^^^^^^^^
  File "C:\Users\Олег\Desktop\Simple\NozkuBot\app\handlers\handler_download_a_photos.py", line 33, in download_photos_start
    await db.new_download_photo(user_id, file_id, media_group_id, text)
                                         ^^^^^^^
UnboundLocalError: cannot access local variable 'file_id' where it is not associated with a value
INFO:aiogram.event:Update id=150676090 is handled. Duration 187 ms by bot id=8998435518
INFO:aiogram.event:Update id=150676091 is handled. Duration 452 ms by bot id=8998435518
INFO:aiogram.event:Update id=150676092 is handled. Duration 93 ms by bot id=8998435518
INFO:aiogram.event:Update id=150676093 is not handled. Duration 0 ms by bot id=8998435518
INFO:aiogram.dispatcher:Polling stopped
ERROR:aiogram.dispatcher:Failed to fetch updates - TelegramNetworkError: HTTP Client says - ServerDisconnectedError: Server disconnected
WARNING:aiogram.dispatcher:Sleep for 1.000000 seconds and try again... (tryings = 0, bot id = 8998435518)
INFO:aiogram.dispatcher:Start polling
INFO:aiogram.dispatcher:Run polling for bot @FemRankBot id=8998435518 - 'FemRank'
INFO:aiogram.event:Update id=150676094 is handled. Duration 406 ms by bot id=8998435518
INFO:aiogram.event:Update id=150676095 is handled. Duration 187 ms by bot id=8998435518
INFO:aiogram.event:Update id=150676096 is not handled. Duration 0 ms by bot id=8998435518
ERROR:aiogram.event:Cause exception while process update id=150676096 by bot id=8998435518
UnboundLocalError: cannot access local variable 'file_id' where it is not associated with a value
Traceback (most recent call last):
  File "C:\Users\Олег\Desktop\Simple\NozkuBot\venv\Lib\site-packages\aiogram\dispatcher\dispatcher.py", line 320, in _process_update
    response = await self.feed_update(bot, update, **kwargs)
               ^^^^^^^^^^^^^^^^^^^^^^^^^^^^^^^^^^^^^^^^^^^^^
  File "C:\Users\Олег\Desktop\Simple\NozkuBot\venv\Lib\site-packages\aiogram\dispatcher\dispatcher.py", line 164, in feed_update
    response = await self.update.wrap_outer_middleware(
               ^^^^^^^^^^^^^^^^^^^^^^^^^^^^^^^^^^^^^^^^
  File "C:\Users\Олег\Desktop\Simple\NozkuBot\venv\Lib\site-packages\aiogram\dispatcher\middlewares\error.py", line 27, in __call__
    return await handler(event, data)
           ^^^^^^^^^^^^^^^^^^^^^^^^^^
  File "C:\Users\Олег\Desktop\Simple\NozkuBot\venv\Lib\site-packages\aiogram\dispatcher\middlewares\user_context.py", line 58, in __call__
    return await handler(event, data)
           ^^^^^^^^^^^^^^^^^^^^^^^^^^
  File "C:\Users\Олег\Desktop\Simple\NozkuBot\venv\Lib\site-packages\aiogram\fsm\middleware.py", line 43, in __call__
    return await handler(event, data)
           ^^^^^^^^^^^^^^^^^^^^^^^^^^
  File "C:\Users\Олег\Desktop\Simple\NozkuBot\app\middleware\anti_spam_middleware.py", line 47, in __call__
    return await handler(event, data)
           ^^^^^^^^^^^^^^^^^^^^^^^^^^
  File "C:\Users\Олег\Desktop\Simple\NozkuBot\venv\Lib\site-packages\aiogram\dispatcher\event\telegram.py", line 126, in trigger
    return await wrapped_inner(event, kwargs)
           ^^^^^^^^^^^^^^^^^^^^^^^^^^^^^^^^^^
  File "C:\Users\Олег\Desktop\Simple\NozkuBot\venv\Lib\site-packages\aiogram\dispatcher\event\handler.py", line 71, in call
    return await wrapped()
           ^^^^^^^^^^^^^^^
  File "C:\Users\Олег\Desktop\Simple\NozkuBot\venv\Lib\site-packages\aiogram\dispatcher\dispatcher.py", line 283, in _listen_update
    return await self.propagate_event(update_type=update_type, event=event, **kwargs)
           ^^^^^^^^^^^^^^^^^^^^^^^^^^^^^^^^^^^^^^^^^^^^^^^^^^^^^^^^^^^^^^^^^^^^^^^^^^
  File "C:\Users\Олег\Desktop\Simple\NozkuBot\venv\Lib\site-packages\aiogram\dispatcher\router.py", line 167, in propagate_event
    return await observer.wrap_outer_middleware(_wrapped, event=event, data=kwargs)
           ^^^^^^^^^^^^^^^^^^^^^^^^^^^^^^^^^^^^^^^^^^^^^^^^^^^^^^^^^^^^^^^^^^^^^^^^
  File "C:\Users\Олег\Desktop\Simple\NozkuBot\venv\Lib\site-packages\aiogram\dispatcher\router.py", line 159, in _wrapped
    return await self._propagate_event(
           ^^^^^^^^^^^^^^^^^^^^^^^^^^^^
  File "C:\Users\Олег\Desktop\Simple\NozkuBot\venv\Lib\site-packages\aiogram\dispatcher\router.py", line 195, in _propagate_event
    response = await router.propagate_event(update_type=update_type, event=event, **kwargs)
               ^^^^^^^^^^^^^^^^^^^^^^^^^^^^^^^^^^^^^^^^^^^^^^^^^^^^^^^^^^^^^^^^^^^^^^^^^^^^
  File "C:\Users\Олег\Desktop\Simple\NozkuBot\venv\Lib\site-packages\aiogram\dispatcher\router.py", line 167, in propagate_event
    return await observer.wrap_outer_middleware(_wrapped, event=event, data=kwargs)
           ^^^^^^^^^^^^^^^^^^^^^^^^^^^^^^^^^^^^^^^^^^^^^^^^^^^^^^^^^^^^^^^^^^^^^^^^
  File "C:\Users\Олег\Desktop\Simple\NozkuBot\venv\Lib\site-packages\aiogram\dispatcher\router.py", line 159, in _wrapped
    return await self._propagate_event(
           ^^^^^^^^^^^^^^^^^^^^^^^^^^^^
  File "C:\Users\Олег\Desktop\Simple\NozkuBot\venv\Lib\site-packages\aiogram\dispatcher\router.py", line 187, in _propagate_event
    response = await observer.trigger(event, **kwargs)
               ^^^^^^^^^^^^^^^^^^^^^^^^^^^^^^^^^^^^^^^
  File "C:\Users\Олег\Desktop\Simple\NozkuBot\venv\Lib\site-packages\aiogram\dispatcher\event\telegram.py", line 126, in trigger
    return await wrapped_inner(event, kwargs)
           ^^^^^^^^^^^^^^^^^^^^^^^^^^^^^^^^^^
  File "C:\Users\Олег\Desktop\Simple\NozkuBot\venv\Lib\site-packages\aiogram\dispatcher\event\handler.py", line 71, in call
    return await wrapped()
           ^^^^^^^^^^^^^^^
  File "C:\Users\Олег\Desktop\Simple\NozkuBot\app\handlers\handler_download_a_photos.py", line 33, in download_photos_start
    await db.new_download_photo(user_id, file_id, media_group_id, text)
                                         ^^^^^^^
UnboundLocalError: cannot access local variable 'file_id' where it is not associated with a value
INFO:aiogram.event:Update id=150676097 is not handled. Duration 0 ms by bot id=8998435518
ERROR:aiogram.event:Cause exception while process update id=150676097 by bot id=8998435518
UnboundLocalError: cannot access local variable 'file_id' where it is not associated with a value
Traceback (most recent call last):
  File "C:\Users\Олег\Desktop\Simple\NozkuBot\venv\Lib\site-packages\aiogram\dispatcher\dispatcher.py", line 320, in _process_update
    response = await self.feed_update(bot, update, **kwargs)
               ^^^^^^^^^^^^^^^^^^^^^^^^^^^^^^^^^^^^^^^^^^^^^
  File "C:\Users\Олег\Desktop\Simple\NozkuBot\venv\Lib\site-packages\aiogram\dispatcher\dispatcher.py", line 164, in feed_update
    response = await self.update.wrap_outer_middleware(
               ^^^^^^^^^^^^^^^^^^^^^^^^^^^^^^^^^^^^^^^^
  File "C:\Users\Олег\Desktop\Simple\NozkuBot\venv\Lib\site-packages\aiogram\dispatcher\middlewares\error.py", line 27, in __call__
    return await handler(event, data)
           ^^^^^^^^^^^^^^^^^^^^^^^^^^
  File "C:\Users\Олег\Desktop\Simple\NozkuBot\venv\Lib\site-packages\aiogram\dispatcher\middlewares\user_context.py", line 58, in __call__
    return await handler(event, data)
           ^^^^^^^^^^^^^^^^^^^^^^^^^^
  File "C:\Users\Олег\Desktop\Simple\NozkuBot\venv\Lib\site-packages\aiogram\fsm\middleware.py", line 43, in __call__
    return await handler(event, data)
           ^^^^^^^^^^^^^^^^^^^^^^^^^^
  File "C:\Users\Олег\Desktop\Simple\NozkuBot\app\middleware\anti_spam_middleware.py", line 47, in __call__
    return await handler(event, data)
           ^^^^^^^^^^^^^^^^^^^^^^^^^^
  File "C:\Users\Олег\Desktop\Simple\NozkuBot\venv\Lib\site-packages\aiogram\dispatcher\event\telegram.py", line 126, in trigger
    return await wrapped_inner(event, kwargs)
           ^^^^^^^^^^^^^^^^^^^^^^^^^^^^^^^^^^
  File "C:\Users\Олег\Desktop\Simple\NozkuBot\venv\Lib\site-packages\aiogram\dispatcher\event\handler.py", line 71, in call
    return await wrapped()
           ^^^^^^^^^^^^^^^
  File "C:\Users\Олег\Desktop\Simple\NozkuBot\venv\Lib\site-packages\aiogram\dispatcher\dispatcher.py", line 283, in _listen_update
    return await self.propagate_event(update_type=update_type, event=event, **kwargs)
           ^^^^^^^^^^^^^^^^^^^^^^^^^^^^^^^^^^^^^^^^^^^^^^^^^^^^^^^^^^^^^^^^^^^^^^^^^^
  File "C:\Users\Олег\Desktop\Simple\NozkuBot\venv\Lib\site-packages\aiogram\dispatcher\router.py", line 167, in propagate_event
    return await observer.wrap_outer_middleware(_wrapped, event=event, data=kwargs)
           ^^^^^^^^^^^^^^^^^^^^^^^^^^^^^^^^^^^^^^^^^^^^^^^^^^^^^^^^^^^^^^^^^^^^^^^^
  File "C:\Users\Олег\Desktop\Simple\NozkuBot\venv\Lib\site-packages\aiogram\dispatcher\router.py", line 159, in _wrapped
    return await self._propagate_event(
           ^^^^^^^^^^^^^^^^^^^^^^^^^^^^
  File "C:\Users\Олег\Desktop\Simple\NozkuBot\venv\Lib\site-packages\aiogram\dispatcher\router.py", line 195, in _propagate_event
    response = await router.propagate_event(update_type=update_type, event=event, **kwargs)
               ^^^^^^^^^^^^^^^^^^^^^^^^^^^^^^^^^^^^^^^^^^^^^^^^^^^^^^^^^^^^^^^^^^^^^^^^^^^^
  File "C:\Users\Олег\Desktop\Simple\NozkuBot\venv\Lib\site-packages\aiogram\dispatcher\router.py", line 167, in propagate_event
    return await observer.wrap_outer_middleware(_wrapped, event=event, data=kwargs)
           ^^^^^^^^^^^^^^^^^^^^^^^^^^^^^^^^^^^^^^^^^^^^^^^^^^^^^^^^^^^^^^^^^^^^^^^^
  File "C:\Users\Олег\Desktop\Simple\NozkuBot\venv\Lib\site-packages\aiogram\dispatcher\router.py", line 159, in _wrapped
    return await self._propagate_event(
           ^^^^^^^^^^^^^^^^^^^^^^^^^^^^
  File "C:\Users\Олег\Desktop\Simple\NozkuBot\venv\Lib\site-packages\aiogram\dispatcher\router.py", line 187, in _propagate_event
    response = await observer.trigger(event, **kwargs)
               ^^^^^^^^^^^^^^^^^^^^^^^^^^^^^^^^^^^^^^^
  File "C:\Users\Олег\Desktop\Simple\NozkuBot\venv\Lib\site-packages\aiogram\dispatcher\event\telegram.py", line 126, in trigger
    return await wrapped_inner(event, kwargs)
           ^^^^^^^^^^^^^^^^^^^^^^^^^^^^^^^^^^
  File "C:\Users\Олег\Desktop\Simple\NozkuBot\venv\Lib\site-packages\aiogram\dispatcher\event\handler.py", line 71, in call
    return await wrapped()
           ^^^^^^^^^^^^^^^
  File "C:\Users\Олег\Desktop\Simple\NozkuBot\app\handlers\handler_download_a_photos.py", line 33, in download_photos_start
    await db.new_download_photo(user_id, file_id, media_group_id, text)
                                         ^^^^^^^
UnboundLocalError: cannot access local variable 'file_id' where it is not associated with a value
INFO:aiogram.event:Update id=150676098 is not handled. Duration 0 ms by bot id=8998435518
ERROR:aiogram.event:Cause exception while process update id=150676098 by bot id=8998435518
UnboundLocalError: cannot access local variable 'file_id' where it is not associated with a value
Traceback (most recent call last):
  File "C:\Users\Олег\Desktop\Simple\NozkuBot\venv\Lib\site-packages\aiogram\dispatcher\dispatcher.py", line 320, in _process_update
    response = await self.feed_update(bot, update, **kwargs)
               ^^^^^^^^^^^^^^^^^^^^^^^^^^^^^^^^^^^^^^^^^^^^^
  File "C:\Users\Олег\Desktop\Simple\NozkuBot\venv\Lib\site-packages\aiogram\dispatcher\dispatcher.py", line 164, in feed_update
    response = await self.update.wrap_outer_middleware(
               ^^^^^^^^^^^^^^^^^^^^^^^^^^^^^^^^^^^^^^^^
  File "C:\Users\Олег\Desktop\Simple\NozkuBot\venv\Lib\site-packages\aiogram\dispatcher\middlewares\error.py", line 27, in __call__
    return await handler(event, data)
           ^^^^^^^^^^^^^^^^^^^^^^^^^^
  File "C:\Users\Олег\Desktop\Simple\NozkuBot\venv\Lib\site-packages\aiogram\dispatcher\middlewares\user_context.py", line 58, in __call__
    return await handler(event, data)
           ^^^^^^^^^^^^^^^^^^^^^^^^^^
  File "C:\Users\Олег\Desktop\Simple\NozkuBot\venv\Lib\site-packages\aiogram\fsm\middleware.py", line 43, in __call__
    return await handler(event, data)
           ^^^^^^^^^^^^^^^^^^^^^^^^^^
  File "C:\Users\Олег\Desktop\Simple\NozkuBot\app\middleware\anti_spam_middleware.py", line 47, in __call__
    return await handler(event, data)
           ^^^^^^^^^^^^^^^^^^^^^^^^^^
  File "C:\Users\Олег\Desktop\Simple\NozkuBot\venv\Lib\site-packages\aiogram\dispatcher\event\telegram.py", line 126, in trigger
    return await wrapped_inner(event, kwargs)
           ^^^^^^^^^^^^^^^^^^^^^^^^^^^^^^^^^^
  File "C:\Users\Олег\Desktop\Simple\NozkuBot\venv\Lib\site-packages\aiogram\dispatcher\event\handler.py", line 71, in call
    return await wrapped()
           ^^^^^^^^^^^^^^^
  File "C:\Users\Олег\Desktop\Simple\NozkuBot\venv\Lib\site-packages\aiogram\dispatcher\dispatcher.py", line 283, in _listen_update
    return await self.propagate_event(update_type=update_type, event=event, **kwargs)
           ^^^^^^^^^^^^^^^^^^^^^^^^^^^^^^^^^^^^^^^^^^^^^^^^^^^^^^^^^^^^^^^^^^^^^^^^^^
  File "C:\Users\Олег\Desktop\Simple\NozkuBot\venv\Lib\site-packages\aiogram\dispatcher\router.py", line 167, in propagate_event
    return await observer.wrap_outer_middleware(_wrapped, event=event, data=kwargs)
           ^^^^^^^^^^^^^^^^^^^^^^^^^^^^^^^^^^^^^^^^^^^^^^^^^^^^^^^^^^^^^^^^^^^^^^^^
  File "C:\Users\Олег\Desktop\Simple\NozkuBot\venv\Lib\site-packages\aiogram\dispatcher\router.py", line 159, in _wrapped
    return await self._propagate_event(
           ^^^^^^^^^^^^^^^^^^^^^^^^^^^^
  File "C:\Users\Олег\Desktop\Simple\NozkuBot\venv\Lib\site-packages\aiogram\dispatcher\router.py", line 195, in _propagate_event
    response = await router.propagate_event(update_type=update_type, event=event, **kwargs)
               ^^^^^^^^^^^^^^^^^^^^^^^^^^^^^^^^^^^^^^^^^^^^^^^^^^^^^^^^^^^^^^^^^^^^^^^^^^^^
  File "C:\Users\Олег\Desktop\Simple\NozkuBot\venv\Lib\site-packages\aiogram\dispatcher\router.py", line 167, in propagate_event
    return await observer.wrap_outer_middleware(_wrapped, event=event, data=kwargs)
           ^^^^^^^^^^^^^^^^^^^^^^^^^^^^^^^^^^^^^^^^^^^^^^^^^^^^^^^^^^^^^^^^^^^^^^^^
  File "C:\Users\Олег\Desktop\Simple\NozkuBot\venv\Lib\site-packages\aiogram\dispatcher\router.py", line 159, in _wrapped
    return await self._propagate_event(
           ^^^^^^^^^^^^^^^^^^^^^^^^^^^^
  File "C:\Users\Олег\Desktop\Simple\NozkuBot\venv\Lib\site-packages\aiogram\dispatcher\router.py", line 187, in _propagate_event
    response = await observer.trigger(event, **kwargs)
               ^^^^^^^^^^^^^^^^^^^^^^^^^^^^^^^^^^^^^^^
  File "C:\Users\Олег\Desktop\Simple\NozkuBot\venv\Lib\site-packages\aiogram\dispatcher\event\telegram.py", line 126, in trigger
    return await wrapped_inner(event, kwargs)
           ^^^^^^^^^^^^^^^^^^^^^^^^^^^^^^^^^^
  File "C:\Users\Олег\Desktop\Simple\NozkuBot\venv\Lib\site-packages\aiogram\dispatcher\event\handler.py", line 71, in call
    return await wrapped()
           ^^^^^^^^^^^^^^^
  File "C:\Users\Олег\Desktop\Simple\NozkuBot\app\handlers\handler_download_a_photos.py", line 33, in download_photos_start
    await db.new_download_photo(user_id, file_id, media_group_id, text)
                                         ^^^^^^^
UnboundLocalError: cannot access local variable 'file_id' where it is not associated with a value
INFO:aiogram.dispatcher:Start polling
INFO:aiogram.dispatcher:Run polling for bot @FemRankBot id=8998435518 - 'FemRank'
INFO:aiogram.event:Update id=150676099 is handled. Duration 342 ms by bot id=8998435518
INFO:aiogram.event:Update id=150676100 is handled. Duration 250 ms by bot id=8998435518
INFO:aiogram.event:Update id=150676101 is handled. Duration 31 ms by bot id=8998435518
INFO:aiogram.event:Update id=150676103 is handled. Duration 62 ms by bot id=8998435518
INFO:aiogram.event:Update id=150676102 is handled. Duration 93 ms by bot id=8998435518
INFO:aiogram.event:Update id=150676104 is handled. Duration 188 ms by bot id=8998435518
INFO:aiogram.event:Update id=150676105 is handled. Duration 296 ms by bot id=8998435518
INFO:aiogram.event:Update id=150676106 is not handled. Duration 0 ms by bot id=8998435518
INFO:aiogram.dispatcher:Start polling
INFO:aiogram.dispatcher:Run polling for bot @FemRankBot id=8998435518 - 'FemRank'
INFO:aiogram.dispatcher:Start polling
INFO:aiogram.dispatcher:Run polling for bot @FemRankBot id=8998435518 - 'FemRank'
INFO:aiogram.event:Update id=150676107 is handled. Duration 358 ms by bot id=8998435518
INFO:aiogram.event:Update id=150676108 is handled. Duration 233 ms by bot id=8998435518
INFO:aiogram.event:Update id=150676110 is not handled. Duration 0 ms by bot id=8998435518
ERROR:aiogram.event:Cause exception while process update id=150676110 by bot id=8998435518
AttributeError: 'DB_DownloadPhoto' object has no attribute 'groups'
Traceback (most recent call last):
  File "C:\Users\Олег\Desktop\Simple\NozkuBot\venv\Lib\site-packages\aiogram\dispatcher\dispatcher.py", line 320, in _process_update
    response = await self.feed_update(bot, update, **kwargs)
               ^^^^^^^^^^^^^^^^^^^^^^^^^^^^^^^^^^^^^^^^^^^^^
  File "C:\Users\Олег\Desktop\Simple\NozkuBot\venv\Lib\site-packages\aiogram\dispatcher\dispatcher.py", line 164, in feed_update
    response = await self.update.wrap_outer_middleware(
               ^^^^^^^^^^^^^^^^^^^^^^^^^^^^^^^^^^^^^^^^
  File "C:\Users\Олег\Desktop\Simple\NozkuBot\venv\Lib\site-packages\aiogram\dispatcher\middlewares\error.py", line 27, in __call__
    return await handler(event, data)
           ^^^^^^^^^^^^^^^^^^^^^^^^^^
  File "C:\Users\Олег\Desktop\Simple\NozkuBot\venv\Lib\site-packages\aiogram\dispatcher\middlewares\user_context.py", line 58, in __call__
    return await handler(event, data)
           ^^^^^^^^^^^^^^^^^^^^^^^^^^
  File "C:\Users\Олег\Desktop\Simple\NozkuBot\venv\Lib\site-packages\aiogram\fsm\middleware.py", line 43, in __call__
    return await handler(event, data)
           ^^^^^^^^^^^^^^^^^^^^^^^^^^
  File "C:\Users\Олег\Desktop\Simple\NozkuBot\app\middleware\anti_spam_middleware.py", line 47, in __call__
    return await handler(event, data)
           ^^^^^^^^^^^^^^^^^^^^^^^^^^
  File "C:\Users\Олег\Desktop\Simple\NozkuBot\venv\Lib\site-packages\aiogram\dispatcher\event\telegram.py", line 126, in trigger
    return await wrapped_inner(event, kwargs)
           ^^^^^^^^^^^^^^^^^^^^^^^^^^^^^^^^^^
  File "C:\Users\Олег\Desktop\Simple\NozkuBot\venv\Lib\site-packages\aiogram\dispatcher\event\handler.py", line 71, in call
    return await wrapped()
           ^^^^^^^^^^^^^^^
  File "C:\Users\Олег\Desktop\Simple\NozkuBot\venv\Lib\site-packages\aiogram\dispatcher\dispatcher.py", line 283, in _listen_update
    return await self.propagate_event(update_type=update_type, event=event, **kwargs)
           ^^^^^^^^^^^^^^^^^^^^^^^^^^^^^^^^^^^^^^^^^^^^^^^^^^^^^^^^^^^^^^^^^^^^^^^^^^
  File "C:\Users\Олег\Desktop\Simple\NozkuBot\venv\Lib\site-packages\aiogram\dispatcher\router.py", line 167, in propagate_event
    return await observer.wrap_outer_middleware(_wrapped, event=event, data=kwargs)
           ^^^^^^^^^^^^^^^^^^^^^^^^^^^^^^^^^^^^^^^^^^^^^^^^^^^^^^^^^^^^^^^^^^^^^^^^
  File "C:\Users\Олег\Desktop\Simple\NozkuBot\venv\Lib\site-packages\aiogram\dispatcher\router.py", line 159, in _wrapped
    return await self._propagate_event(
           ^^^^^^^^^^^^^^^^^^^^^^^^^^^^
  File "C:\Users\Олег\Desktop\Simple\NozkuBot\venv\Lib\site-packages\aiogram\dispatcher\router.py", line 195, in _propagate_event
    response = await router.propagate_event(update_type=update_type, event=event, **kwargs)
               ^^^^^^^^^^^^^^^^^^^^^^^^^^^^^^^^^^^^^^^^^^^^^^^^^^^^^^^^^^^^^^^^^^^^^^^^^^^^
  File "C:\Users\Олег\Desktop\Simple\NozkuBot\venv\Lib\site-packages\aiogram\dispatcher\router.py", line 167, in propagate_event
    return await observer.wrap_outer_middleware(_wrapped, event=event, data=kwargs)
           ^^^^^^^^^^^^^^^^^^^^^^^^^^^^^^^^^^^^^^^^^^^^^^^^^^^^^^^^^^^^^^^^^^^^^^^^
  File "C:\Users\Олег\Desktop\Simple\NozkuBot\venv\Lib\site-packages\aiogram\dispatcher\router.py", line 159, in _wrapped
    return await self._propagate_event(
           ^^^^^^^^^^^^^^^^^^^^^^^^^^^^
  File "C:\Users\Олег\Desktop\Simple\NozkuBot\venv\Lib\site-packages\aiogram\dispatcher\router.py", line 187, in _propagate_event
    response = await observer.trigger(event, **kwargs)
               ^^^^^^^^^^^^^^^^^^^^^^^^^^^^^^^^^^^^^^^
  File "C:\Users\Олег\Desktop\Simple\NozkuBot\venv\Lib\site-packages\aiogram\dispatcher\event\telegram.py", line 126, in trigger
    return await wrapped_inner(event, kwargs)
           ^^^^^^^^^^^^^^^^^^^^^^^^^^^^^^^^^^
  File "C:\Users\Олег\Desktop\Simple\NozkuBot\venv\Lib\site-packages\aiogram\dispatcher\event\handler.py", line 71, in call
    return await wrapped()
           ^^^^^^^^^^^^^^^
  File "C:\Users\Олег\Desktop\Simple\NozkuBot\app\handlers\handler_download_a_photos.py", line 33, in download_photos_start
    await db.new_download_photo(user_id, file_id, media_group_id, text)
  File "C:\Users\Олег\Desktop\Simple\NozkuBot\app\utils\utils_download_photos.py", line 14, in new_download_photo
    photos_id = [[x['file_id'], x['media_group_id'], x['user_id']] for x in self.groups]
                                                                            ^^^^^^^^^^^
AttributeError: 'DB_DownloadPhoto' object has no attribute 'groups'
INFO:aiogram.event:Update id=150676109 is not handled. Duration 16 ms by bot id=8998435518
ERROR:aiogram.event:Cause exception while process update id=150676109 by bot id=8998435518
AttributeError: 'DB_DownloadPhoto' object has no attribute 'groups'
Traceback (most recent call last):
  File "C:\Users\Олег\Desktop\Simple\NozkuBot\venv\Lib\site-packages\aiogram\dispatcher\dispatcher.py", line 320, in _process_update
    response = await self.feed_update(bot, update, **kwargs)
               ^^^^^^^^^^^^^^^^^^^^^^^^^^^^^^^^^^^^^^^^^^^^^
  File "C:\Users\Олег\Desktop\Simple\NozkuBot\venv\Lib\site-packages\aiogram\dispatcher\dispatcher.py", line 164, in feed_update
    response = await self.update.wrap_outer_middleware(
               ^^^^^^^^^^^^^^^^^^^^^^^^^^^^^^^^^^^^^^^^
  File "C:\Users\Олег\Desktop\Simple\NozkuBot\venv\Lib\site-packages\aiogram\dispatcher\middlewares\error.py", line 27, in __call__
    return await handler(event, data)
           ^^^^^^^^^^^^^^^^^^^^^^^^^^
  File "C:\Users\Олег\Desktop\Simple\NozkuBot\venv\Lib\site-packages\aiogram\dispatcher\middlewares\user_context.py", line 58, in __call__
    return await handler(event, data)
           ^^^^^^^^^^^^^^^^^^^^^^^^^^
  File "C:\Users\Олег\Desktop\Simple\NozkuBot\venv\Lib\site-packages\aiogram\fsm\middleware.py", line 43, in __call__
    return await handler(event, data)
           ^^^^^^^^^^^^^^^^^^^^^^^^^^
  File "C:\Users\Олег\Desktop\Simple\NozkuBot\app\middleware\anti_spam_middleware.py", line 47, in __call__
    return await handler(event, data)
           ^^^^^^^^^^^^^^^^^^^^^^^^^^
  File "C:\Users\Олег\Desktop\Simple\NozkuBot\venv\Lib\site-packages\aiogram\dispatcher\event\telegram.py", line 126, in trigger
    return await wrapped_inner(event, kwargs)
           ^^^^^^^^^^^^^^^^^^^^^^^^^^^^^^^^^^
  File "C:\Users\Олег\Desktop\Simple\NozkuBot\venv\Lib\site-packages\aiogram\dispatcher\event\handler.py", line 71, in call
    return await wrapped()
           ^^^^^^^^^^^^^^^
  File "C:\Users\Олег\Desktop\Simple\NozkuBot\venv\Lib\site-packages\aiogram\dispatcher\dispatcher.py", line 283, in _listen_update
    return await self.propagate_event(update_type=update_type, event=event, **kwargs)
           ^^^^^^^^^^^^^^^^^^^^^^^^^^^^^^^^^^^^^^^^^^^^^^^^^^^^^^^^^^^^^^^^^^^^^^^^^^
  File "C:\Users\Олег\Desktop\Simple\NozkuBot\venv\Lib\site-packages\aiogram\dispatcher\router.py", line 167, in propagate_event
    return await observer.wrap_outer_middleware(_wrapped, event=event, data=kwargs)
           ^^^^^^^^^^^^^^^^^^^^^^^^^^^^^^^^^^^^^^^^^^^^^^^^^^^^^^^^^^^^^^^^^^^^^^^^
  File "C:\Users\Олег\Desktop\Simple\NozkuBot\venv\Lib\site-packages\aiogram\dispatcher\router.py", line 159, in _wrapped
    return await self._propagate_event(
           ^^^^^^^^^^^^^^^^^^^^^^^^^^^^
  File "C:\Users\Олег\Desktop\Simple\NozkuBot\venv\Lib\site-packages\aiogram\dispatcher\router.py", line 195, in _propagate_event
    response = await router.propagate_event(update_type=update_type, event=event, **kwargs)
               ^^^^^^^^^^^^^^^^^^^^^^^^^^^^^^^^^^^^^^^^^^^^^^^^^^^^^^^^^^^^^^^^^^^^^^^^^^^^
  File "C:\Users\Олег\Desktop\Simple\NozkuBot\venv\Lib\site-packages\aiogram\dispatcher\router.py", line 167, in propagate_event
    return await observer.wrap_outer_middleware(_wrapped, event=event, data=kwargs)
           ^^^^^^^^^^^^^^^^^^^^^^^^^^^^^^^^^^^^^^^^^^^^^^^^^^^^^^^^^^^^^^^^^^^^^^^^
  File "C:\Users\Олег\Desktop\Simple\NozkuBot\venv\Lib\site-packages\aiogram\dispatcher\router.py", line 159, in _wrapped
    return await self._propagate_event(
           ^^^^^^^^^^^^^^^^^^^^^^^^^^^^
  File "C:\Users\Олег\Desktop\Simple\NozkuBot\venv\Lib\site-packages\aiogram\dispatcher\router.py", line 187, in _propagate_event
    response = await observer.trigger(event, **kwargs)
               ^^^^^^^^^^^^^^^^^^^^^^^^^^^^^^^^^^^^^^^
  File "C:\Users\Олег\Desktop\Simple\NozkuBot\venv\Lib\site-packages\aiogram\dispatcher\event\telegram.py", line 126, in trigger
    return await wrapped_inner(event, kwargs)
           ^^^^^^^^^^^^^^^^^^^^^^^^^^^^^^^^^^
  File "C:\Users\Олег\Desktop\Simple\NozkuBot\venv\Lib\site-packages\aiogram\dispatcher\event\handler.py", line 71, in call
    return await wrapped()
           ^^^^^^^^^^^^^^^
  File "C:\Users\Олег\Desktop\Simple\NozkuBot\app\handlers\handler_download_a_photos.py", line 33, in download_photos_start
    await db.new_download_photo(user_id, file_id, media_group_id, text)
  File "C:\Users\Олег\Desktop\Simple\NozkuBot\app\utils\utils_download_photos.py", line 14, in new_download_photo
    photos_id = [[x['file_id'], x['media_group_id'], x['user_id']] for x in self.groups]
                                                                            ^^^^^^^^^^^
AttributeError: 'DB_DownloadPhoto' object has no attribute 'groups'
INFO:aiogram.event:Update id=150676111 is not handled. Duration 16 ms by bot id=8998435518
ERROR:aiogram.event:Cause exception while process update id=150676111 by bot id=8998435518
AttributeError: 'DB_DownloadPhoto' object has no attribute 'groups'
Traceback (most recent call last):
  File "C:\Users\Олег\Desktop\Simple\NozkuBot\venv\Lib\site-packages\aiogram\dispatcher\dispatcher.py", line 320, in _process_update
    response = await self.feed_update(bot, update, **kwargs)
               ^^^^^^^^^^^^^^^^^^^^^^^^^^^^^^^^^^^^^^^^^^^^^
  File "C:\Users\Олег\Desktop\Simple\NozkuBot\venv\Lib\site-packages\aiogram\dispatcher\dispatcher.py", line 164, in feed_update
    response = await self.update.wrap_outer_middleware(
               ^^^^^^^^^^^^^^^^^^^^^^^^^^^^^^^^^^^^^^^^
  File "C:\Users\Олег\Desktop\Simple\NozkuBot\venv\Lib\site-packages\aiogram\dispatcher\middlewares\error.py", line 27, in __call__
    return await handler(event, data)
           ^^^^^^^^^^^^^^^^^^^^^^^^^^
  File "C:\Users\Олег\Desktop\Simple\NozkuBot\venv\Lib\site-packages\aiogram\dispatcher\middlewares\user_context.py", line 58, in __call__
    return await handler(event, data)
           ^^^^^^^^^^^^^^^^^^^^^^^^^^
  File "C:\Users\Олег\Desktop\Simple\NozkuBot\venv\Lib\site-packages\aiogram\fsm\middleware.py", line 43, in __call__
    return await handler(event, data)
           ^^^^^^^^^^^^^^^^^^^^^^^^^^
  File "C:\Users\Олег\Desktop\Simple\NozkuBot\app\middleware\anti_spam_middleware.py", line 47, in __call__
    return await handler(event, data)
           ^^^^^^^^^^^^^^^^^^^^^^^^^^
  File "C:\Users\Олег\Desktop\Simple\NozkuBot\venv\Lib\site-packages\aiogram\dispatcher\event\telegram.py", line 126, in trigger
    return await wrapped_inner(event, kwargs)
           ^^^^^^^^^^^^^^^^^^^^^^^^^^^^^^^^^^
  File "C:\Users\Олег\Desktop\Simple\NozkuBot\venv\Lib\site-packages\aiogram\dispatcher\event\handler.py", line 71, in call
    return await wrapped()
           ^^^^^^^^^^^^^^^
  File "C:\Users\Олег\Desktop\Simple\NozkuBot\venv\Lib\site-packages\aiogram\dispatcher\dispatcher.py", line 283, in _listen_update
    return await self.propagate_event(update_type=update_type, event=event, **kwargs)
           ^^^^^^^^^^^^^^^^^^^^^^^^^^^^^^^^^^^^^^^^^^^^^^^^^^^^^^^^^^^^^^^^^^^^^^^^^^
  File "C:\Users\Олег\Desktop\Simple\NozkuBot\venv\Lib\site-packages\aiogram\dispatcher\router.py", line 167, in propagate_event
    return await observer.wrap_outer_middleware(_wrapped, event=event, data=kwargs)
           ^^^^^^^^^^^^^^^^^^^^^^^^^^^^^^^^^^^^^^^^^^^^^^^^^^^^^^^^^^^^^^^^^^^^^^^^
  File "C:\Users\Олег\Desktop\Simple\NozkuBot\venv\Lib\site-packages\aiogram\dispatcher\router.py", line 159, in _wrapped
    return await self._propagate_event(
           ^^^^^^^^^^^^^^^^^^^^^^^^^^^^
  File "C:\Users\Олег\Desktop\Simple\NozkuBot\venv\Lib\site-packages\aiogram\dispatcher\router.py", line 195, in _propagate_event
    response = await router.propagate_event(update_type=update_type, event=event, **kwargs)
               ^^^^^^^^^^^^^^^^^^^^^^^^^^^^^^^^^^^^^^^^^^^^^^^^^^^^^^^^^^^^^^^^^^^^^^^^^^^^
  File "C:\Users\Олег\Desktop\Simple\NozkuBot\venv\Lib\site-packages\aiogram\dispatcher\router.py", line 167, in propagate_event
    return await observer.wrap_outer_middleware(_wrapped, event=event, data=kwargs)
           ^^^^^^^^^^^^^^^^^^^^^^^^^^^^^^^^^^^^^^^^^^^^^^^^^^^^^^^^^^^^^^^^^^^^^^^^
  File "C:\Users\Олег\Desktop\Simple\NozkuBot\venv\Lib\site-packages\aiogram\dispatcher\router.py", line 159, in _wrapped
    return await self._propagate_event(
           ^^^^^^^^^^^^^^^^^^^^^^^^^^^^
  File "C:\Users\Олег\Desktop\Simple\NozkuBot\venv\Lib\site-packages\aiogram\dispatcher\router.py", line 187, in _propagate_event
    response = await observer.trigger(event, **kwargs)
               ^^^^^^^^^^^^^^^^^^^^^^^^^^^^^^^^^^^^^^^
  File "C:\Users\Олег\Desktop\Simple\NozkuBot\venv\Lib\site-packages\aiogram\dispatcher\event\telegram.py", line 126, in trigger
    return await wrapped_inner(event, kwargs)
           ^^^^^^^^^^^^^^^^^^^^^^^^^^^^^^^^^^
  File "C:\Users\Олег\Desktop\Simple\NozkuBot\venv\Lib\site-packages\aiogram\dispatcher\event\handler.py", line 71, in call
    return await wrapped()
           ^^^^^^^^^^^^^^^
  File "C:\Users\Олег\Desktop\Simple\NozkuBot\app\handlers\handler_download_a_photos.py", line 33, in download_photos_start
    await db.new_download_photo(user_id, file_id, media_group_id, text)
  File "C:\Users\Олег\Desktop\Simple\NozkuBot\app\utils\utils_download_photos.py", line 14, in new_download_photo
    photos_id = [[x['file_id'], x['media_group_id'], x['user_id']] for x in self.groups]
                                                                            ^^^^^^^^^^^
AttributeError: 'DB_DownloadPhoto' object has no attribute 'groups'
INFO:aiogram.event:Update id=150676112 is handled. Duration 343 ms by bot id=8998435518
INFO:aiogram.dispatcher:Polling stopped
ERROR:aiogram.dispatcher:Failed to fetch updates - TelegramNetworkError: HTTP Client says - ServerDisconnectedError: Server disconnected
WARNING:aiogram.dispatcher:Sleep for 1.000000 seconds and try again... (tryings = 0, bot id = 8998435518)
INFO:aiogram.dispatcher:Start polling
INFO:aiogram.dispatcher:Run polling for bot @FemRankBot id=8998435518 - 'FemRank'
INFO:aiogram.event:Update id=150676113 is handled. Duration 296 ms by bot id=8998435518
INFO:aiogram.event:Update id=150676114 is handled. Duration 375 ms by bot id=8998435518
INFO:aiogram.event:Update id=150676115 is not handled. Duration 5562 ms by bot id=8998435518
ERROR:aiogram.event:Cause exception while process update id=150676115 by bot id=8998435518
OperationalError: database is locked
Traceback (most recent call last):
  File "C:\Users\Олег\Desktop\Simple\NozkuBot\venv\Lib\site-packages\aiogram\dispatcher\dispatcher.py", line 320, in _process_update
    response = await self.feed_update(bot, update, **kwargs)
               ^^^^^^^^^^^^^^^^^^^^^^^^^^^^^^^^^^^^^^^^^^^^^
  File "C:\Users\Олег\Desktop\Simple\NozkuBot\venv\Lib\site-packages\aiogram\dispatcher\dispatcher.py", line 164, in feed_update
    response = await self.update.wrap_outer_middleware(
               ^^^^^^^^^^^^^^^^^^^^^^^^^^^^^^^^^^^^^^^^
  File "C:\Users\Олег\Desktop\Simple\NozkuBot\venv\Lib\site-packages\aiogram\dispatcher\middlewares\error.py", line 27, in __call__
    return await handler(event, data)
           ^^^^^^^^^^^^^^^^^^^^^^^^^^
  File "C:\Users\Олег\Desktop\Simple\NozkuBot\venv\Lib\site-packages\aiogram\dispatcher\middlewares\user_context.py", line 58, in __call__
    return await handler(event, data)
           ^^^^^^^^^^^^^^^^^^^^^^^^^^
  File "C:\Users\Олег\Desktop\Simple\NozkuBot\venv\Lib\site-packages\aiogram\fsm\middleware.py", line 43, in __call__
    return await handler(event, data)
           ^^^^^^^^^^^^^^^^^^^^^^^^^^
  File "C:\Users\Олег\Desktop\Simple\NozkuBot\app\middleware\anti_spam_middleware.py", line 47, in __call__
    return await handler(event, data)
           ^^^^^^^^^^^^^^^^^^^^^^^^^^
  File "C:\Users\Олег\Desktop\Simple\NozkuBot\venv\Lib\site-packages\aiogram\dispatcher\event\telegram.py", line 126, in trigger
    return await wrapped_inner(event, kwargs)
           ^^^^^^^^^^^^^^^^^^^^^^^^^^^^^^^^^^
  File "C:\Users\Олег\Desktop\Simple\NozkuBot\venv\Lib\site-packages\aiogram\dispatcher\event\handler.py", line 71, in call
    return await wrapped()
           ^^^^^^^^^^^^^^^
  File "C:\Users\Олег\Desktop\Simple\NozkuBot\venv\Lib\site-packages\aiogram\dispatcher\dispatcher.py", line 283, in _listen_update
    return await self.propagate_event(update_type=update_type, event=event, **kwargs)
           ^^^^^^^^^^^^^^^^^^^^^^^^^^^^^^^^^^^^^^^^^^^^^^^^^^^^^^^^^^^^^^^^^^^^^^^^^^
  File "C:\Users\Олег\Desktop\Simple\NozkuBot\venv\Lib\site-packages\aiogram\dispatcher\router.py", line 167, in propagate_event
    return await observer.wrap_outer_middleware(_wrapped, event=event, data=kwargs)
           ^^^^^^^^^^^^^^^^^^^^^^^^^^^^^^^^^^^^^^^^^^^^^^^^^^^^^^^^^^^^^^^^^^^^^^^^
  File "C:\Users\Олег\Desktop\Simple\NozkuBot\venv\Lib\site-packages\aiogram\dispatcher\router.py", line 159, in _wrapped
    return await self._propagate_event(
           ^^^^^^^^^^^^^^^^^^^^^^^^^^^^
  File "C:\Users\Олег\Desktop\Simple\NozkuBot\venv\Lib\site-packages\aiogram\dispatcher\router.py", line 195, in _propagate_event
    response = await router.propagate_event(update_type=update_type, event=event, **kwargs)
               ^^^^^^^^^^^^^^^^^^^^^^^^^^^^^^^^^^^^^^^^^^^^^^^^^^^^^^^^^^^^^^^^^^^^^^^^^^^^
  File "C:\Users\Олег\Desktop\Simple\NozkuBot\venv\Lib\site-packages\aiogram\dispatcher\router.py", line 167, in propagate_event
    return await observer.wrap_outer_middleware(_wrapped, event=event, data=kwargs)
           ^^^^^^^^^^^^^^^^^^^^^^^^^^^^^^^^^^^^^^^^^^^^^^^^^^^^^^^^^^^^^^^^^^^^^^^^
  File "C:\Users\Олег\Desktop\Simple\NozkuBot\venv\Lib\site-packages\aiogram\dispatcher\router.py", line 159, in _wrapped
    return await self._propagate_event(
           ^^^^^^^^^^^^^^^^^^^^^^^^^^^^
  File "C:\Users\Олег\Desktop\Simple\NozkuBot\venv\Lib\site-packages\aiogram\dispatcher\router.py", line 187, in _propagate_event
    response = await observer.trigger(event, **kwargs)
               ^^^^^^^^^^^^^^^^^^^^^^^^^^^^^^^^^^^^^^^
  File "C:\Users\Олег\Desktop\Simple\NozkuBot\venv\Lib\site-packages\aiogram\dispatcher\event\telegram.py", line 126, in trigger
    return await wrapped_inner(event, kwargs)
           ^^^^^^^^^^^^^^^^^^^^^^^^^^^^^^^^^^
  File "C:\Users\Олег\Desktop\Simple\NozkuBot\venv\Lib\site-packages\aiogram\dispatcher\event\handler.py", line 71, in call
    return await wrapped()
           ^^^^^^^^^^^^^^^
  File "C:\Users\Олег\Desktop\Simple\NozkuBot\app\handlers\handler_download_a_photos.py", line 33, in download_photos_start
    await db.new_download_photo(user_id, file_id, media_group_id, text)
  File "C:\Users\Олег\Desktop\Simple\NozkuBot\app\utils\utils_download_photos.py", line 17, in new_download_photo
    await self.db.execute("INSERT INTO photo (user_id, file_id, media_group_id, caption) VALUES (?, ?, ?, ?)", (user_id, file_id, media_group_id, caption))
  File "C:\Users\Олег\Desktop\Simple\NozkuBot\venv\Lib\site-packages\aiosqlite\core.py", line 223, in execute
    cursor = await self._execute(self._conn.execute, sql, parameters)
             ^^^^^^^^^^^^^^^^^^^^^^^^^^^^^^^^^^^^^^^^^^^^^^^^^^^^^^^^
  File "C:\Users\Олег\Desktop\Simple\NozkuBot\venv\Lib\site-packages\aiosqlite\core.py", line 160, in _execute
    return await future
           ^^^^^^^^^^^^
  File "C:\Users\Олег\Desktop\Simple\NozkuBot\venv\Lib\site-packages\aiosqlite\core.py", line 63, in _connection_worker_thread
    result = function()
             ^^^^^^^^^^
sqlite3.OperationalError: database is locked
INFO:aiogram.event:Update id=150676116 is not handled. Duration 5578 ms by bot id=8998435518
ERROR:aiogram.event:Cause exception while process update id=150676116 by bot id=8998435518
OperationalError: database is locked
Traceback (most recent call last):
  File "C:\Users\Олег\Desktop\Simple\NozkuBot\venv\Lib\site-packages\aiogram\dispatcher\dispatcher.py", line 320, in _process_update
    response = await self.feed_update(bot, update, **kwargs)
               ^^^^^^^^^^^^^^^^^^^^^^^^^^^^^^^^^^^^^^^^^^^^^
  File "C:\Users\Олег\Desktop\Simple\NozkuBot\venv\Lib\site-packages\aiogram\dispatcher\dispatcher.py", line 164, in feed_update
    response = await self.update.wrap_outer_middleware(
               ^^^^^^^^^^^^^^^^^^^^^^^^^^^^^^^^^^^^^^^^
  File "C:\Users\Олег\Desktop\Simple\NozkuBot\venv\Lib\site-packages\aiogram\dispatcher\middlewares\error.py", line 27, in __call__
    return await handler(event, data)
           ^^^^^^^^^^^^^^^^^^^^^^^^^^
  File "C:\Users\Олег\Desktop\Simple\NozkuBot\venv\Lib\site-packages\aiogram\dispatcher\middlewares\user_context.py", line 58, in __call__
    return await handler(event, data)
           ^^^^^^^^^^^^^^^^^^^^^^^^^^
  File "C:\Users\Олег\Desktop\Simple\NozkuBot\venv\Lib\site-packages\aiogram\fsm\middleware.py", line 43, in __call__
    return await handler(event, data)
           ^^^^^^^^^^^^^^^^^^^^^^^^^^
  File "C:\Users\Олег\Desktop\Simple\NozkuBot\app\middleware\anti_spam_middleware.py", line 47, in __call__
    return await handler(event, data)
           ^^^^^^^^^^^^^^^^^^^^^^^^^^
  File "C:\Users\Олег\Desktop\Simple\NozkuBot\venv\Lib\site-packages\aiogram\dispatcher\event\telegram.py", line 126, in trigger
    return await wrapped_inner(event, kwargs)
           ^^^^^^^^^^^^^^^^^^^^^^^^^^^^^^^^^^
  File "C:\Users\Олег\Desktop\Simple\NozkuBot\venv\Lib\site-packages\aiogram\dispatcher\event\handler.py", line 71, in call
    return await wrapped()
           ^^^^^^^^^^^^^^^
  File "C:\Users\Олег\Desktop\Simple\NozkuBot\venv\Lib\site-packages\aiogram\dispatcher\dispatcher.py", line 283, in _listen_update
    return await self.propagate_event(update_type=update_type, event=event, **kwargs)
           ^^^^^^^^^^^^^^^^^^^^^^^^^^^^^^^^^^^^^^^^^^^^^^^^^^^^^^^^^^^^^^^^^^^^^^^^^^
  File "C:\Users\Олег\Desktop\Simple\NozkuBot\venv\Lib\site-packages\aiogram\dispatcher\router.py", line 167, in propagate_event
    return await observer.wrap_outer_middleware(_wrapped, event=event, data=kwargs)
           ^^^^^^^^^^^^^^^^^^^^^^^^^^^^^^^^^^^^^^^^^^^^^^^^^^^^^^^^^^^^^^^^^^^^^^^^
  File "C:\Users\Олег\Desktop\Simple\NozkuBot\venv\Lib\site-packages\aiogram\dispatcher\router.py", line 159, in _wrapped
    return await self._propagate_event(
           ^^^^^^^^^^^^^^^^^^^^^^^^^^^^
  File "C:\Users\Олег\Desktop\Simple\NozkuBot\venv\Lib\site-packages\aiogram\dispatcher\router.py", line 195, in _propagate_event
    response = await router.propagate_event(update_type=update_type, event=event, **kwargs)
               ^^^^^^^^^^^^^^^^^^^^^^^^^^^^^^^^^^^^^^^^^^^^^^^^^^^^^^^^^^^^^^^^^^^^^^^^^^^^
  File "C:\Users\Олег\Desktop\Simple\NozkuBot\venv\Lib\site-packages\aiogram\dispatcher\router.py", line 167, in propagate_event
    return await observer.wrap_outer_middleware(_wrapped, event=event, data=kwargs)
           ^^^^^^^^^^^^^^^^^^^^^^^^^^^^^^^^^^^^^^^^^^^^^^^^^^^^^^^^^^^^^^^^^^^^^^^^
  File "C:\Users\Олег\Desktop\Simple\NozkuBot\venv\Lib\site-packages\aiogram\dispatcher\router.py", line 159, in _wrapped
    return await self._propagate_event(
           ^^^^^^^^^^^^^^^^^^^^^^^^^^^^
  File "C:\Users\Олег\Desktop\Simple\NozkuBot\venv\Lib\site-packages\aiogram\dispatcher\router.py", line 187, in _propagate_event
    response = await observer.trigger(event, **kwargs)
               ^^^^^^^^^^^^^^^^^^^^^^^^^^^^^^^^^^^^^^^
  File "C:\Users\Олег\Desktop\Simple\NozkuBot\venv\Lib\site-packages\aiogram\dispatcher\event\telegram.py", line 126, in trigger
    return await wrapped_inner(event, kwargs)
           ^^^^^^^^^^^^^^^^^^^^^^^^^^^^^^^^^^
  File "C:\Users\Олег\Desktop\Simple\NozkuBot\venv\Lib\site-packages\aiogram\dispatcher\event\handler.py", line 71, in call
    return await wrapped()
           ^^^^^^^^^^^^^^^
  File "C:\Users\Олег\Desktop\Simple\NozkuBot\app\handlers\handler_download_a_photos.py", line 33, in download_photos_start
    await db.new_download_photo(user_id, file_id, media_group_id, text)
  File "C:\Users\Олег\Desktop\Simple\NozkuBot\app\utils\utils_download_photos.py", line 17, in new_download_photo
    await self.db.execute("INSERT INTO photo (user_id, file_id, media_group_id, caption) VALUES (?, ?, ?, ?)", (user_id, file_id, media_group_id, caption))
  File "C:\Users\Олег\Desktop\Simple\NozkuBot\venv\Lib\site-packages\aiosqlite\core.py", line 223, in execute
    cursor = await self._execute(self._conn.execute, sql, parameters)
             ^^^^^^^^^^^^^^^^^^^^^^^^^^^^^^^^^^^^^^^^^^^^^^^^^^^^^^^^
  File "C:\Users\Олег\Desktop\Simple\NozkuBot\venv\Lib\site-packages\aiosqlite\core.py", line 160, in _execute
    return await future
           ^^^^^^^^^^^^
  File "C:\Users\Олег\Desktop\Simple\NozkuBot\venv\Lib\site-packages\aiosqlite\core.py", line 63, in _connection_worker_thread
    result = function()
             ^^^^^^^^^^
sqlite3.OperationalError: database is locked
INFO:aiogram.event:Update id=150676117 is not handled. Duration 5672 ms by bot id=8998435518
ERROR:aiogram.event:Cause exception while process update id=150676117 by bot id=8998435518
OperationalError: database is locked
Traceback (most recent call last):
  File "C:\Users\Олег\Desktop\Simple\NozkuBot\venv\Lib\site-packages\aiogram\dispatcher\dispatcher.py", line 320, in _process_update
    response = await self.feed_update(bot, update, **kwargs)
               ^^^^^^^^^^^^^^^^^^^^^^^^^^^^^^^^^^^^^^^^^^^^^
  File "C:\Users\Олег\Desktop\Simple\NozkuBot\venv\Lib\site-packages\aiogram\dispatcher\dispatcher.py", line 164, in feed_update
    response = await self.update.wrap_outer_middleware(
               ^^^^^^^^^^^^^^^^^^^^^^^^^^^^^^^^^^^^^^^^
  File "C:\Users\Олег\Desktop\Simple\NozkuBot\venv\Lib\site-packages\aiogram\dispatcher\middlewares\error.py", line 27, in __call__
    return await handler(event, data)
           ^^^^^^^^^^^^^^^^^^^^^^^^^^
  File "C:\Users\Олег\Desktop\Simple\NozkuBot\venv\Lib\site-packages\aiogram\dispatcher\middlewares\user_context.py", line 58, in __call__
    return await handler(event, data)
           ^^^^^^^^^^^^^^^^^^^^^^^^^^
  File "C:\Users\Олег\Desktop\Simple\NozkuBot\venv\Lib\site-packages\aiogram\fsm\middleware.py", line 43, in __call__
    return await handler(event, data)
           ^^^^^^^^^^^^^^^^^^^^^^^^^^
  File "C:\Users\Олег\Desktop\Simple\NozkuBot\app\middleware\anti_spam_middleware.py", line 47, in __call__
    return await handler(event, data)
           ^^^^^^^^^^^^^^^^^^^^^^^^^^
  File "C:\Users\Олег\Desktop\Simple\NozkuBot\venv\Lib\site-packages\aiogram\dispatcher\event\telegram.py", line 126, in trigger
    return await wrapped_inner(event, kwargs)
           ^^^^^^^^^^^^^^^^^^^^^^^^^^^^^^^^^^
  File "C:\Users\Олег\Desktop\Simple\NozkuBot\venv\Lib\site-packages\aiogram\dispatcher\event\handler.py", line 71, in call
    return await wrapped()
           ^^^^^^^^^^^^^^^
  File "C:\Users\Олег\Desktop\Simple\NozkuBot\venv\Lib\site-packages\aiogram\dispatcher\dispatcher.py", line 283, in _listen_update
    return await self.propagate_event(update_type=update_type, event=event, **kwargs)
           ^^^^^^^^^^^^^^^^^^^^^^^^^^^^^^^^^^^^^^^^^^^^^^^^^^^^^^^^^^^^^^^^^^^^^^^^^^
  File "C:\Users\Олег\Desktop\Simple\NozkuBot\venv\Lib\site-packages\aiogram\dispatcher\router.py", line 167, in propagate_event
    return await observer.wrap_outer_middleware(_wrapped, event=event, data=kwargs)
           ^^^^^^^^^^^^^^^^^^^^^^^^^^^^^^^^^^^^^^^^^^^^^^^^^^^^^^^^^^^^^^^^^^^^^^^^
  File "C:\Users\Олег\Desktop\Simple\NozkuBot\venv\Lib\site-packages\aiogram\dispatcher\router.py", line 159, in _wrapped
    return await self._propagate_event(
           ^^^^^^^^^^^^^^^^^^^^^^^^^^^^
  File "C:\Users\Олег\Desktop\Simple\NozkuBot\venv\Lib\site-packages\aiogram\dispatcher\router.py", line 195, in _propagate_event
    response = await router.propagate_event(update_type=update_type, event=event, **kwargs)
               ^^^^^^^^^^^^^^^^^^^^^^^^^^^^^^^^^^^^^^^^^^^^^^^^^^^^^^^^^^^^^^^^^^^^^^^^^^^^
  File "C:\Users\Олег\Desktop\Simple\NozkuBot\venv\Lib\site-packages\aiogram\dispatcher\router.py", line 167, in propagate_event
    return await observer.wrap_outer_middleware(_wrapped, event=event, data=kwargs)
           ^^^^^^^^^^^^^^^^^^^^^^^^^^^^^^^^^^^^^^^^^^^^^^^^^^^^^^^^^^^^^^^^^^^^^^^^
  File "C:\Users\Олег\Desktop\Simple\NozkuBot\venv\Lib\site-packages\aiogram\dispatcher\router.py", line 159, in _wrapped
    return await self._propagate_event(
           ^^^^^^^^^^^^^^^^^^^^^^^^^^^^
  File "C:\Users\Олег\Desktop\Simple\NozkuBot\venv\Lib\site-packages\aiogram\dispatcher\router.py", line 187, in _propagate_event
    response = await observer.trigger(event, **kwargs)
               ^^^^^^^^^^^^^^^^^^^^^^^^^^^^^^^^^^^^^^^
  File "C:\Users\Олег\Desktop\Simple\NozkuBot\venv\Lib\site-packages\aiogram\dispatcher\event\telegram.py", line 126, in trigger
    return await wrapped_inner(event, kwargs)
           ^^^^^^^^^^^^^^^^^^^^^^^^^^^^^^^^^^
  File "C:\Users\Олег\Desktop\Simple\NozkuBot\venv\Lib\site-packages\aiogram\dispatcher\event\handler.py", line 71, in call
    return await wrapped()
           ^^^^^^^^^^^^^^^
  File "C:\Users\Олег\Desktop\Simple\NozkuBot\app\handlers\handler_download_a_photos.py", line 33, in download_photos_start
    await db.new_download_photo(user_id, file_id, media_group_id, text)
  File "C:\Users\Олег\Desktop\Simple\NozkuBot\app\utils\utils_download_photos.py", line 17, in new_download_photo
    await self.db.execute("INSERT INTO photo (user_id, file_id, media_group_id, caption) VALUES (?, ?, ?, ?)", (user_id, file_id, media_group_id, caption))
  File "C:\Users\Олег\Desktop\Simple\NozkuBot\venv\Lib\site-packages\aiosqlite\core.py", line 223, in execute
    cursor = await self._execute(self._conn.execute, sql, parameters)
             ^^^^^^^^^^^^^^^^^^^^^^^^^^^^^^^^^^^^^^^^^^^^^^^^^^^^^^^^
  File "C:\Users\Олег\Desktop\Simple\NozkuBot\venv\Lib\site-packages\aiosqlite\core.py", line 160, in _execute
    return await future
           ^^^^^^^^^^^^
  File "C:\Users\Олег\Desktop\Simple\NozkuBot\venv\Lib\site-packages\aiosqlite\core.py", line 63, in _connection_worker_thread
    result = function()
             ^^^^^^^^^^
sqlite3.OperationalError: database is locked
INFO:aiogram.event:Update id=150676118 is handled. Duration 93 ms by bot id=8998435518
INFO:aiogram.event:Update id=150676119 is handled. Duration 156 ms by bot id=8998435518
INFO:aiogram.event:Update id=150676120 is handled. Duration 108 ms by bot id=8998435518
INFO:aiogram.event:Update id=150676121 is handled. Duration 312 ms by bot id=8998435518
INFO:aiogram.event:Update id=150676122 is handled. Duration 530 ms by bot id=8998435518
INFO:aiogram.event:Update id=150676123 is handled. Duration 0 ms by bot id=8998435518
INFO:aiogram.event:Update id=150676125 is handled. Duration 0 ms by bot id=8998435518
INFO:aiogram.event:Update id=150676124 is handled. Duration 16 ms by bot id=8998435518
INFO:aiogram.event:Update id=150676126 is handled. Duration 32 ms by bot id=8998435518
INFO:aiogram.event:Update id=150676128 is handled. Duration 32 ms by bot id=8998435518
INFO:aiogram.event:Update id=150676129 is handled. Duration 32 ms by bot id=8998435518
INFO:aiogram.event:Update id=150676131 is handled. Duration 32 ms by bot id=8998435518
INFO:aiogram.event:Update id=150676127 is handled. Duration 32 ms by bot id=8998435518
INFO:aiogram.event:Update id=150676130 is handled. Duration 32 ms by bot id=8998435518
INFO:aiogram.event:Update id=150676132 is handled. Duration 187 ms by bot id=8998435518
INFO:aiogram.event:Update id=150676133 is handled. Duration 93 ms by bot id=8998435518
INFO:aiogram.event:Update id=150676134 is handled. Duration 140 ms by bot id=8998435518
INFO:aiogram.event:Update id=150676138 is handled. Duration 0 ms by bot id=8998435518
INFO:aiogram.event:Update id=150676136 is handled. Duration 14 ms by bot id=8998435518
INFO:aiogram.event:Update id=150676137 is handled. Duration 14 ms by bot id=8998435518
INFO:aiogram.event:Update id=150676139 is handled. Duration 14 ms by bot id=8998435518
INFO:aiogram.event:Update id=150676135 is handled. Duration 14 ms by bot id=8998435518
INFO:aiogram.event:Update id=150676140 is handled. Duration 188 ms by bot id=8998435518
INFO:aiogram.dispatcher:Start polling
INFO:aiogram.dispatcher:Run polling for bot @FemRankBot id=8998435518 - 'FemRank'
INFO:aiogram.event:Update id=150676141 is not handled. Duration 0 ms by bot id=8998435518
INFO:aiogram.event:Update id=150676142 is not handled. Duration 0 ms by bot id=8998435518
INFO:aiogram.event:Update id=150676143 is not handled. Duration 0 ms by bot id=8998435518
INFO:aiogram.event:Update id=150676144 is not handled. Duration 0 ms by bot id=8998435518
INFO:aiogram.event:Update id=150676145 is handled. Duration 375 ms by bot id=8998435518
INFO:aiogram.event:Update id=150676146 is handled. Duration 297 ms by bot id=8998435518
INFO:aiogram.event:Update id=150676149 is handled. Duration 14 ms by bot id=8998435518
INFO:aiogram.event:Update id=150676148 is handled. Duration 14 ms by bot id=8998435518
INFO:aiogram.event:Update id=150676147 is handled. Duration 14 ms by bot id=8998435518
INFO:aiogram.event:Update id=150676150 is handled. Duration 172 ms by bot id=8998435518
INFO:aiogram.dispatcher:Start polling
INFO:aiogram.dispatcher:Run polling for bot @FemRankBot id=8998435518 - 'FemRank'
INFO:aiogram.event:Update id=150676151 is handled. Duration 296 ms by bot id=8998435518
INFO:aiogram.event:Update id=150676152 is handled. Duration 125 ms by bot id=8998435518
INFO:aiogram.event:Update id=150676155 is handled. Duration 0 ms by bot id=8998435518
INFO:aiogram.event:Update id=150676153 is handled. Duration 0 ms by bot id=8998435518
INFO:aiogram.event:Update id=150676154 is handled. Duration 16 ms by bot id=8998435518
INFO:aiogram.event:Update id=150676156 is handled. Duration 157 ms by bot id=8998435518
INFO:aiogram.dispatcher:Start polling
INFO:aiogram.dispatcher:Run polling for bot @FemRankBot id=8998435518 - 'FemRank'
INFO:aiogram.event:Update id=150676157 is handled. Duration 311 ms by bot id=8998435518
INFO:aiogram.event:Update id=150676158 is handled. Duration 139 ms by bot id=8998435518
INFO:aiogram.event:Update id=150676161 is handled. Duration 15 ms by bot id=8998435518
INFO:aiogram.event:Update id=150676160 is handled. Duration 15 ms by bot id=8998435518
INFO:aiogram.event:Update id=150676162 is handled. Duration 15 ms by bot id=8998435518
INFO:aiogram.event:Update id=150676159 is handled. Duration 15 ms by bot id=8998435518
INFO:aiogram.event:Update id=150676163 is handled. Duration 171 ms by bot id=8998435518
INFO:aiogram.dispatcher:Start polling
INFO:aiogram.dispatcher:Run polling for bot @FemRankBot id=8998435518 - 'FemRank'
INFO:aiogram.event:Update id=150676164 is handled. Duration 296 ms by bot id=8998435518
INFO:aiogram.event:Update id=150676165 is handled. Duration 172 ms by bot id=8998435518
INFO:aiogram.event:Update id=150676166 is handled. Duration 0 ms by bot id=8998435518
INFO:aiogram.event:Update id=150676167 is handled. Duration 171 ms by bot id=8998435518
INFO:aiogram.event:Update id=150676168 is handled. Duration 93 ms by bot id=8998435518
INFO:aiogram.event:Update id=150676169 is not handled. Duration 16 ms by bot id=8998435518
INFO:aiogram.event:Update id=150676170 is handled. Duration 156 ms by bot id=8998435518
INFO:aiogram.event:Update id=150676171 is handled. Duration 14 ms by bot id=8998435518
INFO:aiogram.event:Update id=150676172 is handled. Duration 250 ms by bot id=8998435518
INFO:aiogram.dispatcher:Start polling
INFO:aiogram.dispatcher:Run polling for bot @FemRankBot id=8998435518 - 'FemRank'
INFO:aiogram.dispatcher:Start polling
INFO:aiogram.dispatcher:Run polling for bot @FemRankBot id=8998435518 - 'FemRank'
INFO:aiogram.event:Update id=150676173 is handled. Duration 296 ms by bot id=8998435518
INFO:aiogram.event:Update id=150676174 is handled. Duration 172 ms by bot id=8998435518
INFO:aiogram.event:Update id=150676176 is handled. Duration 14 ms by bot id=8998435518
INFO:aiogram.event:Update id=150676177 is handled. Duration 61 ms by bot id=8998435518
INFO:aiogram.event:Update id=150676175 is handled. Duration 93 ms by bot id=8998435518
INFO:aiogram.event:Update id=150676178 is handled. Duration 156 ms by bot id=8998435518
INFO:aiogram.dispatcher:Start polling
INFO:aiogram.dispatcher:Run polling for bot @FemRankBot id=8998435518 - 'FemRank'
INFO:aiogram.event:Update id=150676179 is handled. Duration 281 ms by bot id=8998435518
INFO:aiogram.event:Update id=150676180 is handled. Duration 171 ms by bot id=8998435518
INFO:aiogram.event:Update id=150676181 is handled. Duration 77 ms by bot id=8998435518
INFO:aiogram.event:Update id=150676183 is handled. Duration 156 ms by bot id=8998435518
INFO:aiogram.event:Update id=150676182 is handled. Duration 235 ms by bot id=8998435518
INFO:aiogram.event:Update id=150676184 is handled. Duration 202 ms by bot id=8998435518
INFO:aiogram.dispatcher:Start polling
INFO:aiogram.dispatcher:Run polling for bot @FemRankBot id=8998435518 - 'FemRank'
INFO:aiogram.event:Update id=150676185 is handled. Duration 389 ms by bot id=8998435518
INFO:aiogram.event:Update id=150676186 is handled. Duration 125 ms by bot id=8998435518
INFO:aiogram.event:Update id=150676188 is handled. Duration 31 ms by bot id=8998435518
INFO:aiogram.event:Update id=150676187 is handled. Duration 47 ms by bot id=8998435518
INFO:aiogram.event:Update id=150676189 is handled. Duration 93 ms by bot id=8998435518
INFO:aiogram.event:Update id=150676190 is handled. Duration 141 ms by bot id=8998435518
INFO:aiogram.dispatcher:Start polling
INFO:aiogram.dispatcher:Run polling for bot @FemRankBot id=8998435518 - 'FemRank'
INFO:aiogram.event:Update id=150676191 is handled. Duration 250 ms by bot id=8998435518
INFO:aiogram.event:Update id=150676192 is handled. Duration 234 ms by bot id=8998435518
INFO:aiogram.event:Update id=150676193 is handled. Duration 31 ms by bot id=8998435518
INFO:aiogram.event:Update id=150676194 is handled. Duration 47 ms by bot id=8998435518
INFO:aiogram.event:Update id=150676195 is handled. Duration 47 ms by bot id=8998435518
INFO:aiogram.event:Update id=150676196 is handled. Duration 172 ms by bot id=8998435518
INFO:aiogram.dispatcher:Start polling
INFO:aiogram.dispatcher:Run polling for bot @FemRankBot id=8998435518 - 'FemRank'
INFO:aiogram.event:Update id=150676197 is handled. Duration 282 ms by bot id=8998435518
INFO:aiogram.event:Update id=150676198 is handled. Duration 156 ms by bot id=8998435518
INFO:aiogram.event:Update id=150676200 is handled. Duration 47 ms by bot id=8998435518
INFO:aiogram.event:Update id=150676199 is handled. Duration 77 ms by bot id=8998435518
INFO:aiogram.event:Update id=150676201 is handled. Duration 93 ms by bot id=8998435518
INFO:aiogram.event:Update id=150676202 is handled. Duration 139 ms by bot id=8998435518
INFO:aiogram.dispatcher:Start polling
INFO:aiogram.dispatcher:Run polling for bot @FemRankBot id=8998435518 - 'FemRank'
INFO:aiogram.event:Update id=150676203 is handled. Duration 297 ms by bot id=8998435518
INFO:aiogram.event:Update id=150676204 is handled. Duration 141 ms by bot id=8998435518
INFO:aiogram.event:Update id=150676207 is handled. Duration 46 ms by bot id=8998435518
INFO:aiogram.event:Update id=150676208 is handled. Duration 77 ms by bot id=8998435518
INFO:aiogram.event:Update id=150676209 is handled. Duration 108 ms by bot id=8998435518
INFO:aiogram.event:Update id=150676206 is handled. Duration 139 ms by bot id=8998435518
INFO:aiogram.event:Update id=150676205 is handled. Duration 171 ms by bot id=8998435518
INFO:aiogram.event:Update id=150676210 is handled. Duration 156 ms by bot id=8998435518
INFO:aiogram.dispatcher:Start polling
INFO:aiogram.dispatcher:Run polling for bot @FemRankBot id=8998435518 - 'FemRank'
INFO:aiogram.event:Update id=150676211 is handled. Duration 343 ms by bot id=8998435518
INFO:aiogram.event:Update id=150676212 is handled. Duration 187 ms by bot id=8998435518
INFO:aiogram.event:Update id=150676213 is handled. Duration 31 ms by bot id=8998435518
INFO:aiogram.event:Update id=150676214 is handled. Duration 47 ms by bot id=8998435518
INFO:aiogram.event:Update id=150676215 is handled. Duration 93 ms by bot id=8998435518
INFO:aiogram.event:Update id=150676216 is handled. Duration 125 ms by bot id=8998435518
INFO:aiogram.dispatcher:Start polling
INFO:aiogram.dispatcher:Run polling for bot @FemRankBot id=8998435518 - 'FemRank'
INFO:aiogram.dispatcher:Start polling
INFO:aiogram.dispatcher:Run polling for bot @FemRankBot id=8998435518 - 'FemRank'
INFO:aiogram.event:Update id=150676217 is handled. Duration 311 ms by bot id=8998435518
INFO:aiogram.event:Update id=150676218 is handled. Duration 156 ms by bot id=8998435518
INFO:aiogram.event:Update id=150676219 is handled. Duration 31 ms by bot id=8998435518
INFO:aiogram.event:Update id=150676221 is handled. Duration 62 ms by bot id=8998435518
INFO:aiogram.event:Update id=150676222 is handled. Duration 93 ms by bot id=8998435518
INFO:aiogram.event:Update id=150676220 is handled. Duration 125 ms by bot id=8998435518
INFO:aiogram.event:Update id=150676223 is handled. Duration 140 ms by bot id=8998435518
INFO:aiogram.dispatcher:Start polling
INFO:aiogram.dispatcher:Run polling for bot @FemRankBot id=8998435518 - 'FemRank'
INFO:aiogram.event:Update id=150676224 is handled. Duration 281 ms by bot id=8998435518
INFO:aiogram.event:Update id=150676225 is handled. Duration 140 ms by bot id=8998435518
INFO:aiogram.event:Update id=150676226 is handled. Duration 31 ms by bot id=8998435518
INFO:aiogram.event:Update id=150676228 is handled. Duration 47 ms by bot id=8998435518
INFO:aiogram.event:Update id=150676229 is handled. Duration 77 ms by bot id=8998435518
INFO:aiogram.event:Update id=150676227 is handled. Duration 125 ms by bot id=8998435518
INFO:aiogram.dispatcher:Start polling
INFO:aiogram.dispatcher:Run polling for bot @FemRankBot id=8998435518 - 'FemRank'
INFO:aiogram.event:Update id=150676230 is handled. Duration 250 ms by bot id=8998435518
INFO:aiogram.event:Update id=150676231 is handled. Duration 141 ms by bot id=8998435518
INFO:aiogram.event:Update id=150676234 is handled. Duration 31 ms by bot id=8998435518
INFO:aiogram.event:Update id=150676235 is handled. Duration 46 ms by bot id=8998435518
INFO:aiogram.event:Update id=150676232 is handled. Duration 46 ms by bot id=8998435518
INFO:aiogram.event:Update id=150676236 is handled. Duration 61 ms by bot id=8998435518
INFO:aiogram.event:Update id=150676237 is handled. Duration 93 ms by bot id=8998435518
INFO:aiogram.event:Update id=150676233 is handled. Duration 125 ms by bot id=8998435518
INFO:aiogram.dispatcher:Start polling
INFO:aiogram.dispatcher:Run polling for bot @FemRankBot id=8998435518 - 'FemRank'
INFO:aiogram.event:Update id=150676238 is handled. Duration 296 ms by bot id=8998435518
INFO:aiogram.event:Update id=150676239 is handled. Duration 141 ms by bot id=8998435518
INFO:aiogram.event:Update id=150676240 is handled. Duration 47 ms by bot id=8998435518
INFO:aiogram.event:Update id=150676241 is handled. Duration 63 ms by bot id=8998435518
INFO:aiogram.event:Update id=150676243 is handled. Duration 78 ms by bot id=8998435518
INFO:aiogram.event:Update id=150676242 is handled. Duration 94 ms by bot id=8998435518
INFO:aiogram.dispatcher:Polling stopped
ERROR:aiogram.dispatcher:Failed to fetch updates - TelegramNetworkError: HTTP Client says - ServerDisconnectedError: Server disconnected
WARNING:aiogram.dispatcher:Sleep for 1.000000 seconds and try again... (tryings = 0, bot id = 8998435518)
INFO:aiogram.dispatcher:Start polling
INFO:aiogram.dispatcher:Run polling for bot @FemRankBot id=8998435518 - 'FemRank'
INFO:aiogram.event:Update id=150676244 is handled. Duration 514 ms by bot id=8998435518
INFO:aiogram.event:Update id=150676245 is handled. Duration 155 ms by bot id=8998435518
INFO:aiogram.event:Update id=150676246 is handled. Duration 30 ms by bot id=8998435518
INFO:aiogram.event:Update id=150676247 is not handled. Duration 0 ms by bot id=8998435518
INFO:aiogram.event:Update id=150676248 is not handled. Duration 0 ms by bot id=8998435518
INFO:aiogram.event:Update id=150676249 is handled. Duration 93 ms by bot id=8998435518
INFO:aiogram.event:Update id=150676250 is handled. Duration 156 ms by bot id=8998435518
INFO:aiogram.event:Update id=150676252 is handled. Duration 30 ms by bot id=8998435518
INFO:aiogram.event:Update id=150676251 is handled. Duration 30 ms by bot id=8998435518
INFO:aiogram.event:Update id=150676253 is handled. Duration 30 ms by bot id=8998435518
INFO:aiogram.event:Update id=150676255 is handled. Duration 46 ms by bot id=8998435518
INFO:aiogram.event:Update id=150676254 is handled. Duration 77 ms by bot id=8998435518
INFO:aiogram.event:Update id=150676258 is handled. Duration 31 ms by bot id=8998435518
INFO:aiogram.event:Update id=150676256 is handled. Duration 61 ms by bot id=8998435518
INFO:aiogram.event:Update id=150676257 is handled. Duration 77 ms by bot id=8998435518
INFO:aiogram.dispatcher:Start polling
INFO:aiogram.dispatcher:Run polling for bot @FemRankBot id=8998435518 - 'FemRank'
INFO:aiogram.event:Update id=150676259 is not handled. Duration 0 ms by bot id=8998435518
INFO:aiogram.event:Update id=150676260 is not handled. Duration 0 ms by bot id=8998435518
INFO:aiogram.event:Update id=150676261 is not handled. Duration 0 ms by bot id=8998435518
INFO:aiogram.event:Update id=150676262 is not handled. Duration 0 ms by bot id=8998435518
INFO:aiogram.event:Update id=150676263 is not handled. Duration 0 ms by bot id=8998435518
INFO:aiogram.event:Update id=150676264 is not handled. Duration 0 ms by bot id=8998435518
INFO:aiogram.event:Update id=150676265 is not handled. Duration 0 ms by bot id=8998435518
INFO:aiogram.event:Update id=150676266 is not handled. Duration 0 ms by bot id=8998435518
INFO:aiogram.event:Update id=150676267 is handled. Duration 296 ms by bot id=8998435518
INFO:aiogram.event:Update id=150676268 is handled. Duration 77 ms by bot id=8998435518
INFO:aiogram.event:Update id=150676269 is handled. Duration 155 ms by bot id=8998435518
INFO:aiogram.event:Update id=150676270 is handled. Duration 31 ms by bot id=8998435518
INFO:aiogram.event:Update id=150676271 is handled. Duration 46 ms by bot id=8998435518
INFO:aiogram.event:Update id=150676272 is handled. Duration 46 ms by bot id=8998435518
INFO:aiogram.event:Update id=150676274 is handled. Duration 62 ms by bot id=8998435518
INFO:aiogram.event:Update id=150676273 is handled. Duration 93 ms by bot id=8998435518
INFO:aiogram.event:Update id=150676275 is handled. Duration 46 ms by bot id=8998435518
INFO:aiogram.event:Update id=150676277 is handled. Duration 77 ms by bot id=8998435518
INFO:aiogram.event:Update id=150676276 is handled. Duration 93 ms by bot id=8998435518
INFO:aiogram.dispatcher:Start polling
INFO:aiogram.dispatcher:Run polling for bot @FemRankBot id=8998435518 - 'FemRank'
INFO:aiogram.event:Update id=150676278 is handled. Duration 327 ms by bot id=8998435518
INFO:aiogram.event:Update id=150676279 is handled. Duration 218 ms by bot id=8998435518
INFO:aiogram.event:Update id=150676280 is handled. Duration 30 ms by bot id=8998435518
INFO:aiogram.event:Update id=150676281 is handled. Duration 62 ms by bot id=8998435518
INFO:aiogram.dispatcher:Polling stopped
ERROR:aiogram.dispatcher:Failed to fetch updates - TelegramNetworkError: HTTP Client says - ServerDisconnectedError: Server disconnected
WARNING:aiogram.dispatcher:Sleep for 1.000000 seconds and try again... (tryings = 0, bot id = 8998435518)
INFO:aiogram.dispatcher:Start polling
INFO:aiogram.dispatcher:Run polling for bot @FemRankBot id=8998435518 - 'FemRank'
INFO:aiogram.event:Update id=150676282 is handled. Duration 312 ms by bot id=8998435518
INFO:aiogram.event:Update id=150676283 is handled. Duration 219 ms by bot id=8998435518
INFO:aiogram.event:Update id=150676284 is handled. Duration 31 ms by bot id=8998435518
INFO:aiogram.event:Update id=150676285 is handled. Duration 46 ms by bot id=8998435518
INFO:aiogram.event:Update id=150676286 is handled. Duration 15 ms by bot id=8998435518
INFO:aiogram.event:Update id=150676288 is handled. Duration 46 ms by bot id=8998435518
INFO:aiogram.event:Update id=150676287 is handled. Duration 77 ms by bot id=8998435518
INFO:aiogram.dispatcher:Start polling
INFO:aiogram.dispatcher:Run polling for bot @FemRankBot id=8998435518 - 'FemRank'
INFO:aiogram.dispatcher:Start polling
INFO:aiogram.dispatcher:Run polling for bot @FemRankBot id=8998435518 - 'FemRank'
INFO:aiogram.dispatcher:Start polling
INFO:aiogram.dispatcher:Run polling for bot @FemRankBot id=8998435518 - 'FemRank'
INFO:aiogram.event:Update id=150676289 is handled. Duration 281 ms by bot id=8998435518
INFO:aiogram.event:Update id=150676290 is handled. Duration 186 ms by bot id=8998435518
INFO:aiogram.event:Update id=150676291 is handled. Duration 63 ms by bot id=8998435518
INFO:aiogram.event:Update id=150676292 is not handled. Duration 78 ms by bot id=8998435518
ERROR:aiogram.event:Cause exception while process update id=150676292 by bot id=8998435518
IntegrityError: UNIQUE constraint failed: photo.user_id, photo.file_id, photo.media_group_id
Traceback (most recent call last):
  File "C:\Users\Олег\Desktop\Simple\NozkuBot\venv\Lib\site-packages\aiogram\dispatcher\dispatcher.py", line 320, in _process_update
    response = await self.feed_update(bot, update, **kwargs)
               ^^^^^^^^^^^^^^^^^^^^^^^^^^^^^^^^^^^^^^^^^^^^^
  File "C:\Users\Олег\Desktop\Simple\NozkuBot\venv\Lib\site-packages\aiogram\dispatcher\dispatcher.py", line 164, in feed_update
    response = await self.update.wrap_outer_middleware(
               ^^^^^^^^^^^^^^^^^^^^^^^^^^^^^^^^^^^^^^^^
  File "C:\Users\Олег\Desktop\Simple\NozkuBot\venv\Lib\site-packages\aiogram\dispatcher\middlewares\error.py", line 27, in __call__
    return await handler(event, data)
           ^^^^^^^^^^^^^^^^^^^^^^^^^^
  File "C:\Users\Олег\Desktop\Simple\NozkuBot\venv\Lib\site-packages\aiogram\dispatcher\middlewares\user_context.py", line 58, in __call__
    return await handler(event, data)
           ^^^^^^^^^^^^^^^^^^^^^^^^^^
  File "C:\Users\Олег\Desktop\Simple\NozkuBot\venv\Lib\site-packages\aiogram\fsm\middleware.py", line 43, in __call__
    return await handler(event, data)
           ^^^^^^^^^^^^^^^^^^^^^^^^^^
  File "C:\Users\Олег\Desktop\Simple\NozkuBot\app\middleware\anti_spam_middleware.py", line 47, in __call__
    return await handler(event, data)
           ^^^^^^^^^^^^^^^^^^^^^^^^^^
  File "C:\Users\Олег\Desktop\Simple\NozkuBot\venv\Lib\site-packages\aiogram\dispatcher\event\telegram.py", line 126, in trigger
    return await wrapped_inner(event, kwargs)
           ^^^^^^^^^^^^^^^^^^^^^^^^^^^^^^^^^^
  File "C:\Users\Олег\Desktop\Simple\NozkuBot\venv\Lib\site-packages\aiogram\dispatcher\event\handler.py", line 71, in call
    return await wrapped()
           ^^^^^^^^^^^^^^^
  File "C:\Users\Олег\Desktop\Simple\NozkuBot\venv\Lib\site-packages\aiogram\dispatcher\dispatcher.py", line 283, in _listen_update
    return await self.propagate_event(update_type=update_type, event=event, **kwargs)
           ^^^^^^^^^^^^^^^^^^^^^^^^^^^^^^^^^^^^^^^^^^^^^^^^^^^^^^^^^^^^^^^^^^^^^^^^^^
  File "C:\Users\Олег\Desktop\Simple\NozkuBot\venv\Lib\site-packages\aiogram\dispatcher\router.py", line 167, in propagate_event
    return await observer.wrap_outer_middleware(_wrapped, event=event, data=kwargs)
           ^^^^^^^^^^^^^^^^^^^^^^^^^^^^^^^^^^^^^^^^^^^^^^^^^^^^^^^^^^^^^^^^^^^^^^^^
  File "C:\Users\Олег\Desktop\Simple\NozkuBot\venv\Lib\site-packages\aiogram\dispatcher\router.py", line 159, in _wrapped
    return await self._propagate_event(
           ^^^^^^^^^^^^^^^^^^^^^^^^^^^^
  File "C:\Users\Олег\Desktop\Simple\NozkuBot\venv\Lib\site-packages\aiogram\dispatcher\router.py", line 195, in _propagate_event
    response = await router.propagate_event(update_type=update_type, event=event, **kwargs)
               ^^^^^^^^^^^^^^^^^^^^^^^^^^^^^^^^^^^^^^^^^^^^^^^^^^^^^^^^^^^^^^^^^^^^^^^^^^^^
  File "C:\Users\Олег\Desktop\Simple\NozkuBot\venv\Lib\site-packages\aiogram\dispatcher\router.py", line 167, in propagate_event
    return await observer.wrap_outer_middleware(_wrapped, event=event, data=kwargs)
           ^^^^^^^^^^^^^^^^^^^^^^^^^^^^^^^^^^^^^^^^^^^^^^^^^^^^^^^^^^^^^^^^^^^^^^^^
  File "C:\Users\Олег\Desktop\Simple\NozkuBot\venv\Lib\site-packages\aiogram\dispatcher\router.py", line 159, in _wrapped
    return await self._propagate_event(
           ^^^^^^^^^^^^^^^^^^^^^^^^^^^^
  File "C:\Users\Олег\Desktop\Simple\NozkuBot\venv\Lib\site-packages\aiogram\dispatcher\router.py", line 187, in _propagate_event
    response = await observer.trigger(event, **kwargs)
               ^^^^^^^^^^^^^^^^^^^^^^^^^^^^^^^^^^^^^^^
  File "C:\Users\Олег\Desktop\Simple\NozkuBot\venv\Lib\site-packages\aiogram\dispatcher\event\telegram.py", line 126, in trigger
    return await wrapped_inner(event, kwargs)
           ^^^^^^^^^^^^^^^^^^^^^^^^^^^^^^^^^^
  File "C:\Users\Олег\Desktop\Simple\NozkuBot\venv\Lib\site-packages\aiogram\dispatcher\event\handler.py", line 71, in call
    return await wrapped()
           ^^^^^^^^^^^^^^^
  File "C:\Users\Олег\Desktop\Simple\NozkuBot\app\handlers\handler_download_a_photos.py", line 33, in download_photos_start
    await db.new_download_photo(user_id, file_id, media_group_id, text)
  File "C:\Users\Олег\Desktop\Simple\NozkuBot\app\utils\utils_download_photos.py", line 19, in new_download_photo
    await self.db.execute("INSERT INTO photo (user_id, file_id, media_group_id, caption) VALUES (?, ?, ?, ?)", (user_id, file_id, media_group_id, caption))
  File "C:\Users\Олег\Desktop\Simple\NozkuBot\venv\Lib\site-packages\aiosqlite\core.py", line 223, in execute
    cursor = await self._execute(self._conn.execute, sql, parameters)
             ^^^^^^^^^^^^^^^^^^^^^^^^^^^^^^^^^^^^^^^^^^^^^^^^^^^^^^^^
  File "C:\Users\Олег\Desktop\Simple\NozkuBot\venv\Lib\site-packages\aiosqlite\core.py", line 160, in _execute
    return await future
           ^^^^^^^^^^^^
  File "C:\Users\Олег\Desktop\Simple\NozkuBot\venv\Lib\site-packages\aiosqlite\core.py", line 63, in _connection_worker_thread
    result = function()
             ^^^^^^^^^^
sqlite3.IntegrityError: UNIQUE constraint failed: photo.user_id, photo.file_id, photo.media_group_id
INFO:aiogram.event:Update id=150676294 is not handled. Duration 5593 ms by bot id=8998435518
ERROR:aiogram.event:Cause exception while process update id=150676294 by bot id=8998435518
OperationalError: database is locked
Traceback (most recent call last):
  File "C:\Users\Олег\Desktop\Simple\NozkuBot\venv\Lib\site-packages\aiogram\dispatcher\dispatcher.py", line 320, in _process_update
    response = await self.feed_update(bot, update, **kwargs)
               ^^^^^^^^^^^^^^^^^^^^^^^^^^^^^^^^^^^^^^^^^^^^^
  File "C:\Users\Олег\Desktop\Simple\NozkuBot\venv\Lib\site-packages\aiogram\dispatcher\dispatcher.py", line 164, in feed_update
    response = await self.update.wrap_outer_middleware(
               ^^^^^^^^^^^^^^^^^^^^^^^^^^^^^^^^^^^^^^^^
  File "C:\Users\Олег\Desktop\Simple\NozkuBot\venv\Lib\site-packages\aiogram\dispatcher\middlewares\error.py", line 27, in __call__
    return await handler(event, data)
           ^^^^^^^^^^^^^^^^^^^^^^^^^^
  File "C:\Users\Олег\Desktop\Simple\NozkuBot\venv\Lib\site-packages\aiogram\dispatcher\middlewares\user_context.py", line 58, in __call__
    return await handler(event, data)
           ^^^^^^^^^^^^^^^^^^^^^^^^^^
  File "C:\Users\Олег\Desktop\Simple\NozkuBot\venv\Lib\site-packages\aiogram\fsm\middleware.py", line 43, in __call__
    return await handler(event, data)
           ^^^^^^^^^^^^^^^^^^^^^^^^^^
  File "C:\Users\Олег\Desktop\Simple\NozkuBot\app\middleware\anti_spam_middleware.py", line 47, in __call__
    return await handler(event, data)
           ^^^^^^^^^^^^^^^^^^^^^^^^^^
  File "C:\Users\Олег\Desktop\Simple\NozkuBot\venv\Lib\site-packages\aiogram\dispatcher\event\telegram.py", line 126, in trigger
    return await wrapped_inner(event, kwargs)
           ^^^^^^^^^^^^^^^^^^^^^^^^^^^^^^^^^^
  File "C:\Users\Олег\Desktop\Simple\NozkuBot\venv\Lib\site-packages\aiogram\dispatcher\event\handler.py", line 71, in call
    return await wrapped()
           ^^^^^^^^^^^^^^^
  File "C:\Users\Олег\Desktop\Simple\NozkuBot\venv\Lib\site-packages\aiogram\dispatcher\dispatcher.py", line 283, in _listen_update
    return await self.propagate_event(update_type=update_type, event=event, **kwargs)
           ^^^^^^^^^^^^^^^^^^^^^^^^^^^^^^^^^^^^^^^^^^^^^^^^^^^^^^^^^^^^^^^^^^^^^^^^^^
  File "C:\Users\Олег\Desktop\Simple\NozkuBot\venv\Lib\site-packages\aiogram\dispatcher\router.py", line 167, in propagate_event
    return await observer.wrap_outer_middleware(_wrapped, event=event, data=kwargs)
           ^^^^^^^^^^^^^^^^^^^^^^^^^^^^^^^^^^^^^^^^^^^^^^^^^^^^^^^^^^^^^^^^^^^^^^^^
  File "C:\Users\Олег\Desktop\Simple\NozkuBot\venv\Lib\site-packages\aiogram\dispatcher\router.py", line 159, in _wrapped
    return await self._propagate_event(
           ^^^^^^^^^^^^^^^^^^^^^^^^^^^^
  File "C:\Users\Олег\Desktop\Simple\NozkuBot\venv\Lib\site-packages\aiogram\dispatcher\router.py", line 195, in _propagate_event
    response = await router.propagate_event(update_type=update_type, event=event, **kwargs)
               ^^^^^^^^^^^^^^^^^^^^^^^^^^^^^^^^^^^^^^^^^^^^^^^^^^^^^^^^^^^^^^^^^^^^^^^^^^^^
  File "C:\Users\Олег\Desktop\Simple\NozkuBot\venv\Lib\site-packages\aiogram\dispatcher\router.py", line 167, in propagate_event
    return await observer.wrap_outer_middleware(_wrapped, event=event, data=kwargs)
           ^^^^^^^^^^^^^^^^^^^^^^^^^^^^^^^^^^^^^^^^^^^^^^^^^^^^^^^^^^^^^^^^^^^^^^^^
  File "C:\Users\Олег\Desktop\Simple\NozkuBot\venv\Lib\site-packages\aiogram\dispatcher\router.py", line 159, in _wrapped
    return await self._propagate_event(
           ^^^^^^^^^^^^^^^^^^^^^^^^^^^^
  File "C:\Users\Олег\Desktop\Simple\NozkuBot\venv\Lib\site-packages\aiogram\dispatcher\router.py", line 187, in _propagate_event
    response = await observer.trigger(event, **kwargs)
               ^^^^^^^^^^^^^^^^^^^^^^^^^^^^^^^^^^^^^^^
  File "C:\Users\Олег\Desktop\Simple\NozkuBot\venv\Lib\site-packages\aiogram\dispatcher\event\telegram.py", line 126, in trigger
    return await wrapped_inner(event, kwargs)
           ^^^^^^^^^^^^^^^^^^^^^^^^^^^^^^^^^^
  File "C:\Users\Олег\Desktop\Simple\NozkuBot\venv\Lib\site-packages\aiogram\dispatcher\event\handler.py", line 71, in call
    return await wrapped()
           ^^^^^^^^^^^^^^^
  File "C:\Users\Олег\Desktop\Simple\NozkuBot\app\handlers\handler_download_a_photos.py", line 33, in download_photos_start
    await db.new_download_photo(user_id, file_id, media_group_id, text)
  File "C:\Users\Олег\Desktop\Simple\NozkuBot\app\utils\utils_download_photos.py", line 19, in new_download_photo
    await self.db.execute("INSERT INTO photo (user_id, file_id, media_group_id, caption) VALUES (?, ?, ?, ?)", (user_id, file_id, media_group_id, caption))
  File "C:\Users\Олег\Desktop\Simple\NozkuBot\venv\Lib\site-packages\aiosqlite\core.py", line 223, in execute
    cursor = await self._execute(self._conn.execute, sql, parameters)
             ^^^^^^^^^^^^^^^^^^^^^^^^^^^^^^^^^^^^^^^^^^^^^^^^^^^^^^^^
  File "C:\Users\Олег\Desktop\Simple\NozkuBot\venv\Lib\site-packages\aiosqlite\core.py", line 160, in _execute
    return await future
           ^^^^^^^^^^^^
  File "C:\Users\Олег\Desktop\Simple\NozkuBot\venv\Lib\site-packages\aiosqlite\core.py", line 63, in _connection_worker_thread
    result = function()
             ^^^^^^^^^^
sqlite3.OperationalError: database is locked
INFO:aiogram.event:Update id=150676293 is not handled. Duration 5608 ms by bot id=8998435518
ERROR:aiogram.event:Cause exception while process update id=150676293 by bot id=8998435518
OperationalError: database is locked
Traceback (most recent call last):
  File "C:\Users\Олег\Desktop\Simple\NozkuBot\venv\Lib\site-packages\aiogram\dispatcher\dispatcher.py", line 320, in _process_update
    response = await self.feed_update(bot, update, **kwargs)
               ^^^^^^^^^^^^^^^^^^^^^^^^^^^^^^^^^^^^^^^^^^^^^
  File "C:\Users\Олег\Desktop\Simple\NozkuBot\venv\Lib\site-packages\aiogram\dispatcher\dispatcher.py", line 164, in feed_update
    response = await self.update.wrap_outer_middleware(
               ^^^^^^^^^^^^^^^^^^^^^^^^^^^^^^^^^^^^^^^^
  File "C:\Users\Олег\Desktop\Simple\NozkuBot\venv\Lib\site-packages\aiogram\dispatcher\middlewares\error.py", line 27, in __call__
    return await handler(event, data)
           ^^^^^^^^^^^^^^^^^^^^^^^^^^
  File "C:\Users\Олег\Desktop\Simple\NozkuBot\venv\Lib\site-packages\aiogram\dispatcher\middlewares\user_context.py", line 58, in __call__
    return await handler(event, data)
           ^^^^^^^^^^^^^^^^^^^^^^^^^^
  File "C:\Users\Олег\Desktop\Simple\NozkuBot\venv\Lib\site-packages\aiogram\fsm\middleware.py", line 43, in __call__
    return await handler(event, data)
           ^^^^^^^^^^^^^^^^^^^^^^^^^^
  File "C:\Users\Олег\Desktop\Simple\NozkuBot\app\middleware\anti_spam_middleware.py", line 47, in __call__
    return await handler(event, data)
           ^^^^^^^^^^^^^^^^^^^^^^^^^^
  File "C:\Users\Олег\Desktop\Simple\NozkuBot\venv\Lib\site-packages\aiogram\dispatcher\event\telegram.py", line 126, in trigger
    return await wrapped_inner(event, kwargs)
           ^^^^^^^^^^^^^^^^^^^^^^^^^^^^^^^^^^
  File "C:\Users\Олег\Desktop\Simple\NozkuBot\venv\Lib\site-packages\aiogram\dispatcher\event\handler.py", line 71, in call
    return await wrapped()
           ^^^^^^^^^^^^^^^
  File "C:\Users\Олег\Desktop\Simple\NozkuBot\venv\Lib\site-packages\aiogram\dispatcher\dispatcher.py", line 283, in _listen_update
    return await self.propagate_event(update_type=update_type, event=event, **kwargs)
           ^^^^^^^^^^^^^^^^^^^^^^^^^^^^^^^^^^^^^^^^^^^^^^^^^^^^^^^^^^^^^^^^^^^^^^^^^^
  File "C:\Users\Олег\Desktop\Simple\NozkuBot\venv\Lib\site-packages\aiogram\dispatcher\router.py", line 167, in propagate_event
    return await observer.wrap_outer_middleware(_wrapped, event=event, data=kwargs)
           ^^^^^^^^^^^^^^^^^^^^^^^^^^^^^^^^^^^^^^^^^^^^^^^^^^^^^^^^^^^^^^^^^^^^^^^^
  File "C:\Users\Олег\Desktop\Simple\NozkuBot\venv\Lib\site-packages\aiogram\dispatcher\router.py", line 159, in _wrapped
    return await self._propagate_event(
           ^^^^^^^^^^^^^^^^^^^^^^^^^^^^
  File "C:\Users\Олег\Desktop\Simple\NozkuBot\venv\Lib\site-packages\aiogram\dispatcher\router.py", line 195, in _propagate_event
    response = await router.propagate_event(update_type=update_type, event=event, **kwargs)
               ^^^^^^^^^^^^^^^^^^^^^^^^^^^^^^^^^^^^^^^^^^^^^^^^^^^^^^^^^^^^^^^^^^^^^^^^^^^^
  File "C:\Users\Олег\Desktop\Simple\NozkuBot\venv\Lib\site-packages\aiogram\dispatcher\router.py", line 167, in propagate_event
    return await observer.wrap_outer_middleware(_wrapped, event=event, data=kwargs)
           ^^^^^^^^^^^^^^^^^^^^^^^^^^^^^^^^^^^^^^^^^^^^^^^^^^^^^^^^^^^^^^^^^^^^^^^^
  File "C:\Users\Олег\Desktop\Simple\NozkuBot\venv\Lib\site-packages\aiogram\dispatcher\router.py", line 159, in _wrapped
    return await self._propagate_event(
           ^^^^^^^^^^^^^^^^^^^^^^^^^^^^
  File "C:\Users\Олег\Desktop\Simple\NozkuBot\venv\Lib\site-packages\aiogram\dispatcher\router.py", line 187, in _propagate_event
    response = await observer.trigger(event, **kwargs)
               ^^^^^^^^^^^^^^^^^^^^^^^^^^^^^^^^^^^^^^^
  File "C:\Users\Олег\Desktop\Simple\NozkuBot\venv\Lib\site-packages\aiogram\dispatcher\event\telegram.py", line 126, in trigger
    return await wrapped_inner(event, kwargs)
           ^^^^^^^^^^^^^^^^^^^^^^^^^^^^^^^^^^
  File "C:\Users\Олег\Desktop\Simple\NozkuBot\venv\Lib\site-packages\aiogram\dispatcher\event\handler.py", line 71, in call
    return await wrapped()
           ^^^^^^^^^^^^^^^
  File "C:\Users\Олег\Desktop\Simple\NozkuBot\app\handlers\handler_download_a_photos.py", line 33, in download_photos_start
    await db.new_download_photo(user_id, file_id, media_group_id, text)
  File "C:\Users\Олег\Desktop\Simple\NozkuBot\app\utils\utils_download_photos.py", line 19, in new_download_photo
    await self.db.execute("INSERT INTO photo (user_id, file_id, media_group_id, caption) VALUES (?, ?, ?, ?)", (user_id, file_id, media_group_id, caption))
  File "C:\Users\Олег\Desktop\Simple\NozkuBot\venv\Lib\site-packages\aiosqlite\core.py", line 223, in execute
    cursor = await self._execute(self._conn.execute, sql, parameters)
             ^^^^^^^^^^^^^^^^^^^^^^^^^^^^^^^^^^^^^^^^^^^^^^^^^^^^^^^^
  File "C:\Users\Олег\Desktop\Simple\NozkuBot\venv\Lib\site-packages\aiosqlite\core.py", line 160, in _execute
    return await future
           ^^^^^^^^^^^^
  File "C:\Users\Олег\Desktop\Simple\NozkuBot\venv\Lib\site-packages\aiosqlite\core.py", line 63, in _connection_worker_thread
    result = function()
             ^^^^^^^^^^
sqlite3.OperationalError: database is locked
INFO:aiogram.event:Update id=150676295 is not handled. Duration 5702 ms by bot id=8998435518
ERROR:aiogram.event:Cause exception while process update id=150676295 by bot id=8998435518
OperationalError: database is locked
Traceback (most recent call last):
  File "C:\Users\Олег\Desktop\Simple\NozkuBot\venv\Lib\site-packages\aiogram\dispatcher\dispatcher.py", line 320, in _process_update
    response = await self.feed_update(bot, update, **kwargs)
               ^^^^^^^^^^^^^^^^^^^^^^^^^^^^^^^^^^^^^^^^^^^^^
  File "C:\Users\Олег\Desktop\Simple\NozkuBot\venv\Lib\site-packages\aiogram\dispatcher\dispatcher.py", line 164, in feed_update
    response = await self.update.wrap_outer_middleware(
               ^^^^^^^^^^^^^^^^^^^^^^^^^^^^^^^^^^^^^^^^
  File "C:\Users\Олег\Desktop\Simple\NozkuBot\venv\Lib\site-packages\aiogram\dispatcher\middlewares\error.py", line 27, in __call__
    return await handler(event, data)
           ^^^^^^^^^^^^^^^^^^^^^^^^^^
  File "C:\Users\Олег\Desktop\Simple\NozkuBot\venv\Lib\site-packages\aiogram\dispatcher\middlewares\user_context.py", line 58, in __call__
    return await handler(event, data)
           ^^^^^^^^^^^^^^^^^^^^^^^^^^
  File "C:\Users\Олег\Desktop\Simple\NozkuBot\venv\Lib\site-packages\aiogram\fsm\middleware.py", line 43, in __call__
    return await handler(event, data)
           ^^^^^^^^^^^^^^^^^^^^^^^^^^
  File "C:\Users\Олег\Desktop\Simple\NozkuBot\app\middleware\anti_spam_middleware.py", line 47, in __call__
    return await handler(event, data)
           ^^^^^^^^^^^^^^^^^^^^^^^^^^
  File "C:\Users\Олег\Desktop\Simple\NozkuBot\venv\Lib\site-packages\aiogram\dispatcher\event\telegram.py", line 126, in trigger
    return await wrapped_inner(event, kwargs)
           ^^^^^^^^^^^^^^^^^^^^^^^^^^^^^^^^^^
  File "C:\Users\Олег\Desktop\Simple\NozkuBot\venv\Lib\site-packages\aiogram\dispatcher\event\handler.py", line 71, in call
    return await wrapped()
           ^^^^^^^^^^^^^^^
  File "C:\Users\Олег\Desktop\Simple\NozkuBot\venv\Lib\site-packages\aiogram\dispatcher\dispatcher.py", line 283, in _listen_update
    return await self.propagate_event(update_type=update_type, event=event, **kwargs)
           ^^^^^^^^^^^^^^^^^^^^^^^^^^^^^^^^^^^^^^^^^^^^^^^^^^^^^^^^^^^^^^^^^^^^^^^^^^
  File "C:\Users\Олег\Desktop\Simple\NozkuBot\venv\Lib\site-packages\aiogram\dispatcher\router.py", line 167, in propagate_event
    return await observer.wrap_outer_middleware(_wrapped, event=event, data=kwargs)
           ^^^^^^^^^^^^^^^^^^^^^^^^^^^^^^^^^^^^^^^^^^^^^^^^^^^^^^^^^^^^^^^^^^^^^^^^
  File "C:\Users\Олег\Desktop\Simple\NozkuBot\venv\Lib\site-packages\aiogram\dispatcher\router.py", line 159, in _wrapped
    return await self._propagate_event(
           ^^^^^^^^^^^^^^^^^^^^^^^^^^^^
  File "C:\Users\Олег\Desktop\Simple\NozkuBot\venv\Lib\site-packages\aiogram\dispatcher\router.py", line 195, in _propagate_event
    response = await router.propagate_event(update_type=update_type, event=event, **kwargs)
               ^^^^^^^^^^^^^^^^^^^^^^^^^^^^^^^^^^^^^^^^^^^^^^^^^^^^^^^^^^^^^^^^^^^^^^^^^^^^
  File "C:\Users\Олег\Desktop\Simple\NozkuBot\venv\Lib\site-packages\aiogram\dispatcher\router.py", line 167, in propagate_event
    return await observer.wrap_outer_middleware(_wrapped, event=event, data=kwargs)
           ^^^^^^^^^^^^^^^^^^^^^^^^^^^^^^^^^^^^^^^^^^^^^^^^^^^^^^^^^^^^^^^^^^^^^^^^
  File "C:\Users\Олег\Desktop\Simple\NozkuBot\venv\Lib\site-packages\aiogram\dispatcher\router.py", line 159, in _wrapped
    return await self._propagate_event(
           ^^^^^^^^^^^^^^^^^^^^^^^^^^^^
  File "C:\Users\Олег\Desktop\Simple\NozkuBot\venv\Lib\site-packages\aiogram\dispatcher\router.py", line 187, in _propagate_event
    response = await observer.trigger(event, **kwargs)
               ^^^^^^^^^^^^^^^^^^^^^^^^^^^^^^^^^^^^^^^
  File "C:\Users\Олег\Desktop\Simple\NozkuBot\venv\Lib\site-packages\aiogram\dispatcher\event\telegram.py", line 126, in trigger
    return await wrapped_inner(event, kwargs)
           ^^^^^^^^^^^^^^^^^^^^^^^^^^^^^^^^^^
  File "C:\Users\Олег\Desktop\Simple\NozkuBot\venv\Lib\site-packages\aiogram\dispatcher\event\handler.py", line 71, in call
    return await wrapped()
           ^^^^^^^^^^^^^^^
  File "C:\Users\Олег\Desktop\Simple\NozkuBot\app\handlers\handler_download_a_photos.py", line 33, in download_photos_start
    await db.new_download_photo(user_id, file_id, media_group_id, text)
  File "C:\Users\Олег\Desktop\Simple\NozkuBot\app\utils\utils_download_photos.py", line 19, in new_download_photo
    await self.db.execute("INSERT INTO photo (user_id, file_id, media_group_id, caption) VALUES (?, ?, ?, ?)", (user_id, file_id, media_group_id, caption))
  File "C:\Users\Олег\Desktop\Simple\NozkuBot\venv\Lib\site-packages\aiosqlite\core.py", line 223, in execute
    cursor = await self._execute(self._conn.execute, sql, parameters)
             ^^^^^^^^^^^^^^^^^^^^^^^^^^^^^^^^^^^^^^^^^^^^^^^^^^^^^^^^
  File "C:\Users\Олег\Desktop\Simple\NozkuBot\venv\Lib\site-packages\aiosqlite\core.py", line 160, in _execute
    return await future
           ^^^^^^^^^^^^
  File "C:\Users\Олег\Desktop\Simple\NozkuBot\venv\Lib\site-packages\aiosqlite\core.py", line 63, in _connection_worker_thread
    result = function()
             ^^^^^^^^^^
sqlite3.OperationalError: database is locked
INFO:aiogram.dispatcher:Start polling
INFO:aiogram.dispatcher:Run polling for bot @FemRankBot id=8998435518 - 'FemRank'
INFO:aiogram.event:Update id=150676296 is handled. Duration 265 ms by bot id=8998435518
INFO:aiogram.event:Update id=150676297 is handled. Duration 172 ms by bot id=8998435518
INFO:aiogram.event:Update id=150676299 is handled. Duration 31 ms by bot id=8998435518
INFO:aiogram.event:Update id=150676298 is not handled. Duration 31 ms by bot id=8998435518
ERROR:aiogram.event:Cause exception while process update id=150676298 by bot id=8998435518
IntegrityError: UNIQUE constraint failed: photo.user_id, photo.file_id, photo.media_group_id
Traceback (most recent call last):
  File "C:\Users\Олег\Desktop\Simple\NozkuBot\venv\Lib\site-packages\aiogram\dispatcher\dispatcher.py", line 320, in _process_update
    response = await self.feed_update(bot, update, **kwargs)
               ^^^^^^^^^^^^^^^^^^^^^^^^^^^^^^^^^^^^^^^^^^^^^
  File "C:\Users\Олег\Desktop\Simple\NozkuBot\venv\Lib\site-packages\aiogram\dispatcher\dispatcher.py", line 164, in feed_update
    response = await self.update.wrap_outer_middleware(
               ^^^^^^^^^^^^^^^^^^^^^^^^^^^^^^^^^^^^^^^^
  File "C:\Users\Олег\Desktop\Simple\NozkuBot\venv\Lib\site-packages\aiogram\dispatcher\middlewares\error.py", line 27, in __call__
    return await handler(event, data)
           ^^^^^^^^^^^^^^^^^^^^^^^^^^
  File "C:\Users\Олег\Desktop\Simple\NozkuBot\venv\Lib\site-packages\aiogram\dispatcher\middlewares\user_context.py", line 58, in __call__
    return await handler(event, data)
           ^^^^^^^^^^^^^^^^^^^^^^^^^^
  File "C:\Users\Олег\Desktop\Simple\NozkuBot\venv\Lib\site-packages\aiogram\fsm\middleware.py", line 43, in __call__
    return await handler(event, data)
           ^^^^^^^^^^^^^^^^^^^^^^^^^^
  File "C:\Users\Олег\Desktop\Simple\NozkuBot\app\middleware\anti_spam_middleware.py", line 47, in __call__
    return await handler(event, data)
           ^^^^^^^^^^^^^^^^^^^^^^^^^^
  File "C:\Users\Олег\Desktop\Simple\NozkuBot\venv\Lib\site-packages\aiogram\dispatcher\event\telegram.py", line 126, in trigger
    return await wrapped_inner(event, kwargs)
           ^^^^^^^^^^^^^^^^^^^^^^^^^^^^^^^^^^
  File "C:\Users\Олег\Desktop\Simple\NozkuBot\venv\Lib\site-packages\aiogram\dispatcher\event\handler.py", line 71, in call
    return await wrapped()
           ^^^^^^^^^^^^^^^
  File "C:\Users\Олег\Desktop\Simple\NozkuBot\venv\Lib\site-packages\aiogram\dispatcher\dispatcher.py", line 283, in _listen_update
    return await self.propagate_event(update_type=update_type, event=event, **kwargs)
           ^^^^^^^^^^^^^^^^^^^^^^^^^^^^^^^^^^^^^^^^^^^^^^^^^^^^^^^^^^^^^^^^^^^^^^^^^^
  File "C:\Users\Олег\Desktop\Simple\NozkuBot\venv\Lib\site-packages\aiogram\dispatcher\router.py", line 167, in propagate_event
    return await observer.wrap_outer_middleware(_wrapped, event=event, data=kwargs)
           ^^^^^^^^^^^^^^^^^^^^^^^^^^^^^^^^^^^^^^^^^^^^^^^^^^^^^^^^^^^^^^^^^^^^^^^^
  File "C:\Users\Олег\Desktop\Simple\NozkuBot\venv\Lib\site-packages\aiogram\dispatcher\router.py", line 159, in _wrapped
    return await self._propagate_event(
           ^^^^^^^^^^^^^^^^^^^^^^^^^^^^
  File "C:\Users\Олег\Desktop\Simple\NozkuBot\venv\Lib\site-packages\aiogram\dispatcher\router.py", line 195, in _propagate_event
    response = await router.propagate_event(update_type=update_type, event=event, **kwargs)
               ^^^^^^^^^^^^^^^^^^^^^^^^^^^^^^^^^^^^^^^^^^^^^^^^^^^^^^^^^^^^^^^^^^^^^^^^^^^^
  File "C:\Users\Олег\Desktop\Simple\NozkuBot\venv\Lib\site-packages\aiogram\dispatcher\router.py", line 167, in propagate_event
    return await observer.wrap_outer_middleware(_wrapped, event=event, data=kwargs)
           ^^^^^^^^^^^^^^^^^^^^^^^^^^^^^^^^^^^^^^^^^^^^^^^^^^^^^^^^^^^^^^^^^^^^^^^^
  File "C:\Users\Олег\Desktop\Simple\NozkuBot\venv\Lib\site-packages\aiogram\dispatcher\router.py", line 159, in _wrapped
    return await self._propagate_event(
           ^^^^^^^^^^^^^^^^^^^^^^^^^^^^
  File "C:\Users\Олег\Desktop\Simple\NozkuBot\venv\Lib\site-packages\aiogram\dispatcher\router.py", line 187, in _propagate_event
    response = await observer.trigger(event, **kwargs)
               ^^^^^^^^^^^^^^^^^^^^^^^^^^^^^^^^^^^^^^^
  File "C:\Users\Олег\Desktop\Simple\NozkuBot\venv\Lib\site-packages\aiogram\dispatcher\event\telegram.py", line 126, in trigger
    return await wrapped_inner(event, kwargs)
           ^^^^^^^^^^^^^^^^^^^^^^^^^^^^^^^^^^
  File "C:\Users\Олег\Desktop\Simple\NozkuBot\venv\Lib\site-packages\aiogram\dispatcher\event\handler.py", line 71, in call
    return await wrapped()
           ^^^^^^^^^^^^^^^
  File "C:\Users\Олег\Desktop\Simple\NozkuBot\app\handlers\handler_download_a_photos.py", line 33, in download_photos_start
    await db.new_download_photo(user_id, file_id, media_group_id, text)
  File "C:\Users\Олег\Desktop\Simple\NozkuBot\app\utils\utils_download_photos.py", line 19, in new_download_photo
    await self.db.execute("INSERT INTO photo (user_id, file_id, media_group_id, caption) VALUES (?, ?, ?, ?)", (user_id, file_id, media_group_id, caption))
  File "C:\Users\Олег\Desktop\Simple\NozkuBot\venv\Lib\site-packages\aiosqlite\core.py", line 223, in execute
    cursor = await self._execute(self._conn.execute, sql, parameters)
             ^^^^^^^^^^^^^^^^^^^^^^^^^^^^^^^^^^^^^^^^^^^^^^^^^^^^^^^^
  File "C:\Users\Олег\Desktop\Simple\NozkuBot\venv\Lib\site-packages\aiosqlite\core.py", line 160, in _execute
    return await future
           ^^^^^^^^^^^^
  File "C:\Users\Олег\Desktop\Simple\NozkuBot\venv\Lib\site-packages\aiosqlite\core.py", line 63, in _connection_worker_thread
    result = function()
             ^^^^^^^^^^
sqlite3.IntegrityError: UNIQUE constraint failed: photo.user_id, photo.file_id, photo.media_group_id
INFO:aiogram.dispatcher:Polling stopped
ERROR:aiogram.dispatcher:Failed to fetch updates - TelegramNetworkError: HTTP Client says - ServerDisconnectedError: Server disconnected
WARNING:aiogram.dispatcher:Sleep for 1.000000 seconds and try again... (tryings = 0, bot id = 8998435518)
INFO:aiogram.dispatcher:Start polling
INFO:aiogram.dispatcher:Run polling for bot @FemRankBot id=8998435518 - 'FemRank'
INFO:aiogram.event:Update id=150676303 is handled. Duration 500 ms by bot id=8998435518
INFO:aiogram.event:Update id=150676304 is handled. Duration 93 ms by bot id=8998435518
INFO:aiogram.event:Update id=150676305 is handled. Duration 156 ms by bot id=8998435518
INFO:aiogram.dispatcher:Start polling
INFO:aiogram.dispatcher:Run polling for bot @FemRankBot id=8998435518 - 'FemRank'
INFO:aiogram.event:Update id=150676306 is handled. Duration 500 ms by bot id=8998435518
INFO:aiogram.dispatcher:Start polling
INFO:aiogram.dispatcher:Run polling for bot @FemRankBot id=8998435518 - 'FemRank'
INFO:aiogram.dispatcher:Start polling
INFO:aiogram.dispatcher:Run polling for bot @FemRankBot id=8998435518 - 'FemRank'
INFO:aiogram.dispatcher:Start polling
INFO:aiogram.dispatcher:Run polling for bot @FemRankBot id=8998435518 - 'FemRank'
INFO:aiogram.dispatcher:Start polling
INFO:aiogram.dispatcher:Run polling for bot @FemRankBot id=8998435518 - 'FemRank'
INFO:aiogram.dispatcher:Start polling
INFO:aiogram.dispatcher:Run polling for bot @FemRankBot id=8998435518 - 'FemRank'
INFO:aiogram.event:Update id=150676307 is handled. Duration 467 ms by bot id=8998435518
INFO:aiogram.event:Update id=150676308 is handled. Duration 63 ms by bot id=8998435518
INFO:aiogram.event:Update id=150676309 is handled. Duration 233 ms by bot id=8998435518
INFO:aiogram.event:Update id=150676310 is handled. Duration 250 ms by bot id=8998435518
INFO:aiogram.event:Update id=150676311 is handled. Duration 157 ms by bot id=8998435518
INFO:aiogram.event:Update id=150676312 is handled. Duration 156 ms by bot id=8998435518
INFO:aiogram.dispatcher:Start polling
INFO:aiogram.dispatcher:Polling stopped
INFO:aiogram.dispatcher:Start polling
INFO:aiogram.dispatcher:Polling stopped
INFO:root:HTTP Client says - ClientConnectorError: Cannot connect to host api.telegram.org:443 ssl:default [Превышен таймаут семафора]
INFO:aiogram.dispatcher:Start polling
INFO:aiogram.dispatcher:Polling stopped
INFO:root:HTTP Client says - ClientConnectorError: Cannot connect to host api.telegram.org:443 ssl:default [Превышен таймаут семафора]
INFO:aiogram.dispatcher:Start polling
INFO:aiogram.dispatcher:Run polling for bot @FemRankBot id=8998435518 - 'FemRank'
INFO:aiogram.event:Update id=150676317 is handled. Duration 0 ms by bot id=8998435518
WARNING:app.middleware.anti_spam_middleware:SPAM BLOCKED: user_id=7006632366, strikes=1, block_time=1 сек.
INFO:aiogram.event:Update id=150676316 is handled. Duration 375 ms by bot id=8998435518
INFO:aiogram.event:Update id=150676313 is handled. Duration 437 ms by bot id=8998435518
INFO:aiogram.event:Update id=150676314 is handled. Duration 468 ms by bot id=8998435518
INFO:aiogram.event:Update id=150676315 is handled. Duration 483 ms by bot id=8998435518
INFO:aiogram.event:Update id=150676318 is handled. Duration 110 ms by bot id=8998435518
INFO:aiogram.event:Update id=150676319 is handled. Duration 639 ms by bot id=8998435518
INFO:aiogram.event:Update id=150676320 is handled. Duration 202 ms by bot id=8998435518
INFO:aiogram.event:Update id=150676321 is handled. Duration 202 ms by bot id=8998435518
INFO:aiogram.event:Update id=150676322 is handled. Duration 235 ms by bot id=8998435518
INFO:aiogram.event:Update id=150676324 is handled. Duration 46 ms by bot id=8998435518
INFO:aiogram.event:Update id=150676323 is handled. Duration 62 ms by bot id=8998435518
INFO:aiogram.event:Update id=150676325 is handled. Duration 234 ms by bot id=8998435518
INFO:aiogram.event:Update id=150676326 is handled. Duration 360 ms by bot id=8998435518
INFO:aiogram.event:Update id=150676327 is not handled. Duration 16 ms by bot id=8998435518
INFO:aiogram.event:Update id=150676328 is handled. Duration 140 ms by bot id=8998435518
INFO:aiogram.event:Update id=150676329 is handled. Duration 468 ms by bot id=8998435518
INFO:aiogram.event:Update id=150676330 is handled. Duration 14 ms by bot id=8998435518
INFO:aiogram.dispatcher:Start polling
INFO:aiogram.dispatcher:Run polling for bot @FemRankBot id=8998435518 - 'FemRank'
INFO:aiogram.event:Update id=150676331 is handled. Duration 483 ms by bot id=8998435518
INFO:aiogram.event:Update id=150676332 is handled. Duration 266 ms by bot id=8998435518
INFO:aiogram.event:Update id=150676333 is handled. Duration 125 ms by bot id=8998435518
INFO:aiogram.event:Update id=150676334 is handled. Duration 203 ms by bot id=8998435518
INFO:aiogram.event:Update id=150676335 is not handled. Duration 16 ms by bot id=8998435518
ERROR:aiogram.event:Cause exception while process update id=150676335 by bot id=8998435518
TypeError: aiogram.methods.delete_message.DeleteMessage() got multiple values for keyword argument 'chat_id'
Traceback (most recent call last):
  File "C:\Users\Олег\Desktop\Simple\NozkuBot\venv\Lib\site-packages\aiogram\dispatcher\dispatcher.py", line 320, in _process_update
    response = await self.feed_update(bot, update, **kwargs)
               ^^^^^^^^^^^^^^^^^^^^^^^^^^^^^^^^^^^^^^^^^^^^^
  File "C:\Users\Олег\Desktop\Simple\NozkuBot\venv\Lib\site-packages\aiogram\dispatcher\dispatcher.py", line 164, in feed_update
    response = await self.update.wrap_outer_middleware(
               ^^^^^^^^^^^^^^^^^^^^^^^^^^^^^^^^^^^^^^^^
  File "C:\Users\Олег\Desktop\Simple\NozkuBot\venv\Lib\site-packages\aiogram\dispatcher\middlewares\error.py", line 27, in __call__
    return await handler(event, data)
           ^^^^^^^^^^^^^^^^^^^^^^^^^^
  File "C:\Users\Олег\Desktop\Simple\NozkuBot\venv\Lib\site-packages\aiogram\dispatcher\middlewares\user_context.py", line 58, in __call__
    return await handler(event, data)
           ^^^^^^^^^^^^^^^^^^^^^^^^^^
  File "C:\Users\Олег\Desktop\Simple\NozkuBot\venv\Lib\site-packages\aiogram\fsm\middleware.py", line 43, in __call__
    return await handler(event, data)
           ^^^^^^^^^^^^^^^^^^^^^^^^^^
  File "C:\Users\Олег\Desktop\Simple\NozkuBot\app\middleware\anti_spam_middleware.py", line 47, in __call__
    return await handler(event, data)
           ^^^^^^^^^^^^^^^^^^^^^^^^^^
  File "C:\Users\Олег\Desktop\Simple\NozkuBot\venv\Lib\site-packages\aiogram\dispatcher\event\telegram.py", line 126, in trigger
    return await wrapped_inner(event, kwargs)
           ^^^^^^^^^^^^^^^^^^^^^^^^^^^^^^^^^^
  File "C:\Users\Олег\Desktop\Simple\NozkuBot\venv\Lib\site-packages\aiogram\dispatcher\event\handler.py", line 71, in call
    return await wrapped()
           ^^^^^^^^^^^^^^^
  File "C:\Users\Олег\Desktop\Simple\NozkuBot\venv\Lib\site-packages\aiogram\dispatcher\dispatcher.py", line 283, in _listen_update
    return await self.propagate_event(update_type=update_type, event=event, **kwargs)
           ^^^^^^^^^^^^^^^^^^^^^^^^^^^^^^^^^^^^^^^^^^^^^^^^^^^^^^^^^^^^^^^^^^^^^^^^^^
  File "C:\Users\Олег\Desktop\Simple\NozkuBot\venv\Lib\site-packages\aiogram\dispatcher\router.py", line 167, in propagate_event
    return await observer.wrap_outer_middleware(_wrapped, event=event, data=kwargs)
           ^^^^^^^^^^^^^^^^^^^^^^^^^^^^^^^^^^^^^^^^^^^^^^^^^^^^^^^^^^^^^^^^^^^^^^^^
  File "C:\Users\Олег\Desktop\Simple\NozkuBot\venv\Lib\site-packages\aiogram\dispatcher\router.py", line 159, in _wrapped
    return await self._propagate_event(
           ^^^^^^^^^^^^^^^^^^^^^^^^^^^^
  File "C:\Users\Олег\Desktop\Simple\NozkuBot\venv\Lib\site-packages\aiogram\dispatcher\router.py", line 195, in _propagate_event
    response = await router.propagate_event(update_type=update_type, event=event, **kwargs)
               ^^^^^^^^^^^^^^^^^^^^^^^^^^^^^^^^^^^^^^^^^^^^^^^^^^^^^^^^^^^^^^^^^^^^^^^^^^^^
  File "C:\Users\Олег\Desktop\Simple\NozkuBot\venv\Lib\site-packages\aiogram\dispatcher\router.py", line 167, in propagate_event
    return await observer.wrap_outer_middleware(_wrapped, event=event, data=kwargs)
           ^^^^^^^^^^^^^^^^^^^^^^^^^^^^^^^^^^^^^^^^^^^^^^^^^^^^^^^^^^^^^^^^^^^^^^^^
  File "C:\Users\Олег\Desktop\Simple\NozkuBot\venv\Lib\site-packages\aiogram\dispatcher\router.py", line 159, in _wrapped
    return await self._propagate_event(
           ^^^^^^^^^^^^^^^^^^^^^^^^^^^^
  File "C:\Users\Олег\Desktop\Simple\NozkuBot\venv\Lib\site-packages\aiogram\dispatcher\router.py", line 187, in _propagate_event
    response = await observer.trigger(event, **kwargs)
               ^^^^^^^^^^^^^^^^^^^^^^^^^^^^^^^^^^^^^^^
  File "C:\Users\Олег\Desktop\Simple\NozkuBot\venv\Lib\site-packages\aiogram\dispatcher\event\telegram.py", line 126, in trigger
    return await wrapped_inner(event, kwargs)
           ^^^^^^^^^^^^^^^^^^^^^^^^^^^^^^^^^^
  File "C:\Users\Олег\Desktop\Simple\NozkuBot\venv\Lib\site-packages\aiogram\dispatcher\event\handler.py", line 71, in call
    return await wrapped()
           ^^^^^^^^^^^^^^^
  File "C:\Users\Олег\Desktop\Simple\NozkuBot\app\handlers\handler_download_a_photos.py", line 19, in download_photos_start
    await message.delete(chat_id=chat_id, message_id=id)
          ^^^^^^^^^^^^^^^^^^^^^^^^^^^^^^^^^^^^^^^^^^^^^^
  File "C:\Users\Олег\Desktop\Simple\NozkuBot\venv\Lib\site-packages\aiogram\types\message.py", line 4630, in delete
    return DeleteMessage(
           ^^^^^^^^^^^^^^
TypeError: aiogram.methods.delete_message.DeleteMessage() got multiple values for keyword argument 'chat_id'
INFO:aiogram.dispatcher:Start polling
INFO:aiogram.dispatcher:Run polling for bot @FemRankBot id=8998435518 - 'FemRank'
INFO:aiogram.event:Update id=150676336 is handled. Duration 453 ms by bot id=8998435518
INFO:aiogram.event:Update id=150676337 is handled. Duration 93 ms by bot id=8998435518
INFO:aiogram.event:Update id=150676338 is handled. Duration 235 ms by bot id=8998435518
INFO:aiogram.event:Update id=150676339 is not handled. Duration 14 ms by bot id=8998435518
ERROR:aiogram.event:Cause exception while process update id=150676339 by bot id=8998435518
TypeError: aiogram.methods.delete_message.DeleteMessage() got multiple values for keyword argument 'chat_id'
Traceback (most recent call last):
  File "C:\Users\Олег\Desktop\Simple\NozkuBot\venv\Lib\site-packages\aiogram\dispatcher\dispatcher.py", line 320, in _process_update
    response = await self.feed_update(bot, update, **kwargs)
               ^^^^^^^^^^^^^^^^^^^^^^^^^^^^^^^^^^^^^^^^^^^^^
  File "C:\Users\Олег\Desktop\Simple\NozkuBot\venv\Lib\site-packages\aiogram\dispatcher\dispatcher.py", line 164, in feed_update
    response = await self.update.wrap_outer_middleware(
               ^^^^^^^^^^^^^^^^^^^^^^^^^^^^^^^^^^^^^^^^
  File "C:\Users\Олег\Desktop\Simple\NozkuBot\venv\Lib\site-packages\aiogram\dispatcher\middlewares\error.py", line 27, in __call__
    return await handler(event, data)
           ^^^^^^^^^^^^^^^^^^^^^^^^^^
  File "C:\Users\Олег\Desktop\Simple\NozkuBot\venv\Lib\site-packages\aiogram\dispatcher\middlewares\user_context.py", line 58, in __call__
    return await handler(event, data)
           ^^^^^^^^^^^^^^^^^^^^^^^^^^
  File "C:\Users\Олег\Desktop\Simple\NozkuBot\venv\Lib\site-packages\aiogram\fsm\middleware.py", line 43, in __call__
    return await handler(event, data)
           ^^^^^^^^^^^^^^^^^^^^^^^^^^
  File "C:\Users\Олег\Desktop\Simple\NozkuBot\app\middleware\anti_spam_middleware.py", line 47, in __call__
    return await handler(event, data)
           ^^^^^^^^^^^^^^^^^^^^^^^^^^
  File "C:\Users\Олег\Desktop\Simple\NozkuBot\venv\Lib\site-packages\aiogram\dispatcher\event\telegram.py", line 126, in trigger
    return await wrapped_inner(event, kwargs)
           ^^^^^^^^^^^^^^^^^^^^^^^^^^^^^^^^^^
  File "C:\Users\Олег\Desktop\Simple\NozkuBot\venv\Lib\site-packages\aiogram\dispatcher\event\handler.py", line 71, in call
    return await wrapped()
           ^^^^^^^^^^^^^^^
  File "C:\Users\Олег\Desktop\Simple\NozkuBot\venv\Lib\site-packages\aiogram\dispatcher\dispatcher.py", line 283, in _listen_update
    return await self.propagate_event(update_type=update_type, event=event, **kwargs)
           ^^^^^^^^^^^^^^^^^^^^^^^^^^^^^^^^^^^^^^^^^^^^^^^^^^^^^^^^^^^^^^^^^^^^^^^^^^
  File "C:\Users\Олег\Desktop\Simple\NozkuBot\venv\Lib\site-packages\aiogram\dispatcher\router.py", line 167, in propagate_event
    return await observer.wrap_outer_middleware(_wrapped, event=event, data=kwargs)
           ^^^^^^^^^^^^^^^^^^^^^^^^^^^^^^^^^^^^^^^^^^^^^^^^^^^^^^^^^^^^^^^^^^^^^^^^
  File "C:\Users\Олег\Desktop\Simple\NozkuBot\venv\Lib\site-packages\aiogram\dispatcher\router.py", line 159, in _wrapped
    return await self._propagate_event(
           ^^^^^^^^^^^^^^^^^^^^^^^^^^^^
  File "C:\Users\Олег\Desktop\Simple\NozkuBot\venv\Lib\site-packages\aiogram\dispatcher\router.py", line 195, in _propagate_event
    response = await router.propagate_event(update_type=update_type, event=event, **kwargs)
               ^^^^^^^^^^^^^^^^^^^^^^^^^^^^^^^^^^^^^^^^^^^^^^^^^^^^^^^^^^^^^^^^^^^^^^^^^^^^
  File "C:\Users\Олег\Desktop\Simple\NozkuBot\venv\Lib\site-packages\aiogram\dispatcher\router.py", line 167, in propagate_event
    return await observer.wrap_outer_middleware(_wrapped, event=event, data=kwargs)
           ^^^^^^^^^^^^^^^^^^^^^^^^^^^^^^^^^^^^^^^^^^^^^^^^^^^^^^^^^^^^^^^^^^^^^^^^
  File "C:\Users\Олег\Desktop\Simple\NozkuBot\venv\Lib\site-packages\aiogram\dispatcher\router.py", line 159, in _wrapped
    return await self._propagate_event(
           ^^^^^^^^^^^^^^^^^^^^^^^^^^^^
  File "C:\Users\Олег\Desktop\Simple\NozkuBot\venv\Lib\site-packages\aiogram\dispatcher\router.py", line 187, in _propagate_event
    response = await observer.trigger(event, **kwargs)
               ^^^^^^^^^^^^^^^^^^^^^^^^^^^^^^^^^^^^^^^
  File "C:\Users\Олег\Desktop\Simple\NozkuBot\venv\Lib\site-packages\aiogram\dispatcher\event\telegram.py", line 126, in trigger
    return await wrapped_inner(event, kwargs)
           ^^^^^^^^^^^^^^^^^^^^^^^^^^^^^^^^^^
  File "C:\Users\Олег\Desktop\Simple\NozkuBot\venv\Lib\site-packages\aiogram\dispatcher\event\handler.py", line 71, in call
    return await wrapped()
           ^^^^^^^^^^^^^^^
  File "C:\Users\Олег\Desktop\Simple\NozkuBot\app\handlers\handler_download_a_photos.py", line 19, in download_photos_start
    await message.delete(chat_id=chat_id, message_id=message_id)
          ^^^^^^^^^^^^^^^^^^^^^^^^^^^^^^^^^^^^^^^^^^^^^^^^^^^^^^
  File "C:\Users\Олег\Desktop\Simple\NozkuBot\venv\Lib\site-packages\aiogram\types\message.py", line 4630, in delete
    return DeleteMessage(
           ^^^^^^^^^^^^^^
TypeError: aiogram.methods.delete_message.DeleteMessage() got multiple values for keyword argument 'chat_id'
INFO:aiogram.dispatcher:Start polling
INFO:aiogram.dispatcher:Run polling for bot @FemRankBot id=8998435518 - 'FemRank'
INFO:aiogram.event:Update id=150676340 is handled. Duration 375 ms by bot id=8998435518
INFO:aiogram.event:Update id=150676341 is handled. Duration 218 ms by bot id=8998435518
INFO:aiogram.event:Update id=150676342 is not handled. Duration 0 ms by bot id=8998435518
ERROR:aiogram.event:Cause exception while process update id=150676342 by bot id=8998435518
TypeError: Bot.delete_message() missing 1 required positional argument: 'self'
Traceback (most recent call last):
  File "C:\Users\Олег\Desktop\Simple\NozkuBot\venv\Lib\site-packages\aiogram\dispatcher\dispatcher.py", line 320, in _process_update
    response = await self.feed_update(bot, update, **kwargs)
               ^^^^^^^^^^^^^^^^^^^^^^^^^^^^^^^^^^^^^^^^^^^^^
  File "C:\Users\Олег\Desktop\Simple\NozkuBot\venv\Lib\site-packages\aiogram\dispatcher\dispatcher.py", line 164, in feed_update
    response = await self.update.wrap_outer_middleware(
               ^^^^^^^^^^^^^^^^^^^^^^^^^^^^^^^^^^^^^^^^
  File "C:\Users\Олег\Desktop\Simple\NozkuBot\venv\Lib\site-packages\aiogram\dispatcher\middlewares\error.py", line 27, in __call__
    return await handler(event, data)
           ^^^^^^^^^^^^^^^^^^^^^^^^^^
  File "C:\Users\Олег\Desktop\Simple\NozkuBot\venv\Lib\site-packages\aiogram\dispatcher\middlewares\user_context.py", line 58, in __call__
    return await handler(event, data)
           ^^^^^^^^^^^^^^^^^^^^^^^^^^
  File "C:\Users\Олег\Desktop\Simple\NozkuBot\venv\Lib\site-packages\aiogram\fsm\middleware.py", line 43, in __call__
    return await handler(event, data)
           ^^^^^^^^^^^^^^^^^^^^^^^^^^
  File "C:\Users\Олег\Desktop\Simple\NozkuBot\app\middleware\anti_spam_middleware.py", line 47, in __call__
    return await handler(event, data)
           ^^^^^^^^^^^^^^^^^^^^^^^^^^
  File "C:\Users\Олег\Desktop\Simple\NozkuBot\venv\Lib\site-packages\aiogram\dispatcher\event\telegram.py", line 126, in trigger
    return await wrapped_inner(event, kwargs)
           ^^^^^^^^^^^^^^^^^^^^^^^^^^^^^^^^^^
  File "C:\Users\Олег\Desktop\Simple\NozkuBot\venv\Lib\site-packages\aiogram\dispatcher\event\handler.py", line 71, in call
    return await wrapped()
           ^^^^^^^^^^^^^^^
  File "C:\Users\Олег\Desktop\Simple\NozkuBot\venv\Lib\site-packages\aiogram\dispatcher\dispatcher.py", line 283, in _listen_update
    return await self.propagate_event(update_type=update_type, event=event, **kwargs)
           ^^^^^^^^^^^^^^^^^^^^^^^^^^^^^^^^^^^^^^^^^^^^^^^^^^^^^^^^^^^^^^^^^^^^^^^^^^
  File "C:\Users\Олег\Desktop\Simple\NozkuBot\venv\Lib\site-packages\aiogram\dispatcher\router.py", line 167, in propagate_event
    return await observer.wrap_outer_middleware(_wrapped, event=event, data=kwargs)
           ^^^^^^^^^^^^^^^^^^^^^^^^^^^^^^^^^^^^^^^^^^^^^^^^^^^^^^^^^^^^^^^^^^^^^^^^
  File "C:\Users\Олег\Desktop\Simple\NozkuBot\venv\Lib\site-packages\aiogram\dispatcher\router.py", line 159, in _wrapped
    return await self._propagate_event(
           ^^^^^^^^^^^^^^^^^^^^^^^^^^^^
  File "C:\Users\Олег\Desktop\Simple\NozkuBot\venv\Lib\site-packages\aiogram\dispatcher\router.py", line 195, in _propagate_event
    response = await router.propagate_event(update_type=update_type, event=event, **kwargs)
               ^^^^^^^^^^^^^^^^^^^^^^^^^^^^^^^^^^^^^^^^^^^^^^^^^^^^^^^^^^^^^^^^^^^^^^^^^^^^
  File "C:\Users\Олег\Desktop\Simple\NozkuBot\venv\Lib\site-packages\aiogram\dispatcher\router.py", line 167, in propagate_event
    return await observer.wrap_outer_middleware(_wrapped, event=event, data=kwargs)
           ^^^^^^^^^^^^^^^^^^^^^^^^^^^^^^^^^^^^^^^^^^^^^^^^^^^^^^^^^^^^^^^^^^^^^^^^
  File "C:\Users\Олег\Desktop\Simple\NozkuBot\venv\Lib\site-packages\aiogram\dispatcher\router.py", line 159, in _wrapped
    return await self._propagate_event(
           ^^^^^^^^^^^^^^^^^^^^^^^^^^^^
  File "C:\Users\Олег\Desktop\Simple\NozkuBot\venv\Lib\site-packages\aiogram\dispatcher\router.py", line 187, in _propagate_event
    response = await observer.trigger(event, **kwargs)
               ^^^^^^^^^^^^^^^^^^^^^^^^^^^^^^^^^^^^^^^
  File "C:\Users\Олег\Desktop\Simple\NozkuBot\venv\Lib\site-packages\aiogram\dispatcher\event\telegram.py", line 126, in trigger
    return await wrapped_inner(event, kwargs)
           ^^^^^^^^^^^^^^^^^^^^^^^^^^^^^^^^^^
  File "C:\Users\Олег\Desktop\Simple\NozkuBot\venv\Lib\site-packages\aiogram\dispatcher\event\handler.py", line 71, in call
    return await wrapped()
           ^^^^^^^^^^^^^^^
  File "C:\Users\Олег\Desktop\Simple\NozkuBot\app\handlers\handler_download_a_photos.py", line 19, in download_photos_start
    await Bot.delete_message(chat_id=chat_id, message_id=message_id)
          ^^^^^^^^^^^^^^^^^^^^^^^^^^^^^^^^^^^^^^^^^^^^^^^^^^^^^^^^^^
TypeError: Bot.delete_message() missing 1 required positional argument: 'self'
INFO:aiogram.dispatcher:Start polling
INFO:aiogram.dispatcher:Run polling for bot @FemRankBot id=8998435518 - 'FemRank'
INFO:aiogram.event:Update id=150676343 is handled. Duration 452 ms by bot id=8998435518
INFO:aiogram.event:Update id=150676344 is handled. Duration 452 ms by bot id=8998435518
INFO:aiogram.event:Update id=150676345 is not handled. Duration 125 ms by bot id=8998435518
ERROR:aiogram.event:Cause exception while process update id=150676345 by bot id=8998435518
TelegramBadRequest: Telegram server says - Bad Request: message to delete not found
Traceback (most recent call last):
  File "C:\Users\Олег\Desktop\Simple\NozkuBot\venv\Lib\site-packages\aiogram\dispatcher\dispatcher.py", line 320, in _process_update
    response = await self.feed_update(bot, update, **kwargs)
               ^^^^^^^^^^^^^^^^^^^^^^^^^^^^^^^^^^^^^^^^^^^^^
  File "C:\Users\Олег\Desktop\Simple\NozkuBot\venv\Lib\site-packages\aiogram\dispatcher\dispatcher.py", line 164, in feed_update
    response = await self.update.wrap_outer_middleware(
               ^^^^^^^^^^^^^^^^^^^^^^^^^^^^^^^^^^^^^^^^
  File "C:\Users\Олег\Desktop\Simple\NozkuBot\venv\Lib\site-packages\aiogram\dispatcher\middlewares\error.py", line 27, in __call__
    return await handler(event, data)
           ^^^^^^^^^^^^^^^^^^^^^^^^^^
  File "C:\Users\Олег\Desktop\Simple\NozkuBot\venv\Lib\site-packages\aiogram\dispatcher\middlewares\user_context.py", line 58, in __call__
    return await handler(event, data)
           ^^^^^^^^^^^^^^^^^^^^^^^^^^
  File "C:\Users\Олег\Desktop\Simple\NozkuBot\venv\Lib\site-packages\aiogram\fsm\middleware.py", line 43, in __call__
    return await handler(event, data)
           ^^^^^^^^^^^^^^^^^^^^^^^^^^
  File "C:\Users\Олег\Desktop\Simple\NozkuBot\app\middleware\anti_spam_middleware.py", line 47, in __call__
    return await handler(event, data)
           ^^^^^^^^^^^^^^^^^^^^^^^^^^
  File "C:\Users\Олег\Desktop\Simple\NozkuBot\venv\Lib\site-packages\aiogram\dispatcher\event\telegram.py", line 126, in trigger
    return await wrapped_inner(event, kwargs)
           ^^^^^^^^^^^^^^^^^^^^^^^^^^^^^^^^^^
  File "C:\Users\Олег\Desktop\Simple\NozkuBot\venv\Lib\site-packages\aiogram\dispatcher\event\handler.py", line 71, in call
    return await wrapped()
           ^^^^^^^^^^^^^^^
  File "C:\Users\Олег\Desktop\Simple\NozkuBot\venv\Lib\site-packages\aiogram\dispatcher\dispatcher.py", line 283, in _listen_update
    return await self.propagate_event(update_type=update_type, event=event, **kwargs)
           ^^^^^^^^^^^^^^^^^^^^^^^^^^^^^^^^^^^^^^^^^^^^^^^^^^^^^^^^^^^^^^^^^^^^^^^^^^
  File "C:\Users\Олег\Desktop\Simple\NozkuBot\venv\Lib\site-packages\aiogram\dispatcher\router.py", line 167, in propagate_event
    return await observer.wrap_outer_middleware(_wrapped, event=event, data=kwargs)
           ^^^^^^^^^^^^^^^^^^^^^^^^^^^^^^^^^^^^^^^^^^^^^^^^^^^^^^^^^^^^^^^^^^^^^^^^
  File "C:\Users\Олег\Desktop\Simple\NozkuBot\venv\Lib\site-packages\aiogram\dispatcher\router.py", line 159, in _wrapped
    return await self._propagate_event(
           ^^^^^^^^^^^^^^^^^^^^^^^^^^^^
  File "C:\Users\Олег\Desktop\Simple\NozkuBot\venv\Lib\site-packages\aiogram\dispatcher\router.py", line 195, in _propagate_event
    response = await router.propagate_event(update_type=update_type, event=event, **kwargs)
               ^^^^^^^^^^^^^^^^^^^^^^^^^^^^^^^^^^^^^^^^^^^^^^^^^^^^^^^^^^^^^^^^^^^^^^^^^^^^
  File "C:\Users\Олег\Desktop\Simple\NozkuBot\venv\Lib\site-packages\aiogram\dispatcher\router.py", line 167, in propagate_event
    return await observer.wrap_outer_middleware(_wrapped, event=event, data=kwargs)
           ^^^^^^^^^^^^^^^^^^^^^^^^^^^^^^^^^^^^^^^^^^^^^^^^^^^^^^^^^^^^^^^^^^^^^^^^
  File "C:\Users\Олег\Desktop\Simple\NozkuBot\venv\Lib\site-packages\aiogram\dispatcher\router.py", line 159, in _wrapped
    return await self._propagate_event(
           ^^^^^^^^^^^^^^^^^^^^^^^^^^^^
  File "C:\Users\Олег\Desktop\Simple\NozkuBot\venv\Lib\site-packages\aiogram\dispatcher\router.py", line 187, in _propagate_event
    response = await observer.trigger(event, **kwargs)
               ^^^^^^^^^^^^^^^^^^^^^^^^^^^^^^^^^^^^^^^
  File "C:\Users\Олег\Desktop\Simple\NozkuBot\venv\Lib\site-packages\aiogram\dispatcher\event\telegram.py", line 126, in trigger
    return await wrapped_inner(event, kwargs)
           ^^^^^^^^^^^^^^^^^^^^^^^^^^^^^^^^^^
  File "C:\Users\Олег\Desktop\Simple\NozkuBot\venv\Lib\site-packages\aiogram\dispatcher\event\handler.py", line 71, in call
    return await wrapped()
           ^^^^^^^^^^^^^^^
  File "C:\Users\Олег\Desktop\Simple\NozkuBot\app\handlers\handler_download_a_photos.py", line 19, in download_photos_start
    await bot.delete_message(chat_id=chat_id, message_id=message_id)
  File "C:\Users\Олег\Desktop\Simple\NozkuBot\venv\Lib\site-packages\aiogram\client\bot.py", line 1213, in delete_message
    return await self(call, request_timeout=request_timeout)
           ^^^^^^^^^^^^^^^^^^^^^^^^^^^^^^^^^^^^^^^^^^^^^^^^^
  File "C:\Users\Олег\Desktop\Simple\NozkuBot\venv\Lib\site-packages\aiogram\client\bot.py", line 514, in __call__
    return await self.session(self, method, timeout=request_timeout)
           ^^^^^^^^^^^^^^^^^^^^^^^^^^^^^^^^^^^^^^^^^^^^^^^^^^^^^^^^^
  File "C:\Users\Олег\Desktop\Simple\NozkuBot\venv\Lib\site-packages\aiogram\client\session\base.py", line 259, in __call__
    return cast(TelegramType, await middleware(bot, method))
                              ^^^^^^^^^^^^^^^^^^^^^^^^^^^^^
  File "C:\Users\Олег\Desktop\Simple\NozkuBot\venv\Lib\site-packages\aiogram\client\session\aiohttp.py", line 177, in make_request
    response = self.check_response(
               ^^^^^^^^^^^^^^^^^^^^
  File "C:\Users\Олег\Desktop\Simple\NozkuBot\venv\Lib\site-packages\aiogram\client\session\base.py", line 121, in check_response
    raise TelegramBadRequest(method=method, message=description)
aiogram.exceptions.TelegramBadRequest: Telegram server says - Bad Request: message to delete not found
INFO:aiogram.dispatcher:Start polling
INFO:aiogram.dispatcher:Run polling for bot @FemRankBot id=8998435518 - 'FemRank'
INFO:aiogram.event:Update id=150676346 is handled. Duration 391 ms by bot id=8998435518
INFO:aiogram.event:Update id=150676347 is handled. Duration 202 ms by bot id=8998435518
INFO:aiogram.event:Update id=150676348 is handled. Duration 266 ms by bot id=8998435518
INFO:aiogram.event:Update id=150676349 is handled. Duration 203 ms by bot id=8998435518
INFO:aiogram.dispatcher:Start polling
INFO:aiogram.dispatcher:Run polling for bot @FemRankBot id=8998435518 - 'FemRank'
INFO:aiogram.event:Update id=150676350 is handled. Duration 358 ms by bot id=8998435518
INFO:aiogram.event:Update id=150676351 is handled. Duration 202 ms by bot id=8998435518
INFO:aiogram.event:Update id=150676352 is not handled. Duration 312 ms by bot id=8998435518
ERROR:aiogram.event:Cause exception while process update id=150676352 by bot id=8998435518
TelegramBadRequest: Telegram server says - Bad Request: query is too old and response timeout expired or query ID is invalid
Traceback (most recent call last):
  File "C:\Users\Олег\Desktop\Simple\NozkuBot\venv\Lib\site-packages\aiogram\dispatcher\dispatcher.py", line 320, in _process_update
    response = await self.feed_update(bot, update, **kwargs)
               ^^^^^^^^^^^^^^^^^^^^^^^^^^^^^^^^^^^^^^^^^^^^^
  File "C:\Users\Олег\Desktop\Simple\NozkuBot\venv\Lib\site-packages\aiogram\dispatcher\dispatcher.py", line 164, in feed_update
    response = await self.update.wrap_outer_middleware(
               ^^^^^^^^^^^^^^^^^^^^^^^^^^^^^^^^^^^^^^^^
  File "C:\Users\Олег\Desktop\Simple\NozkuBot\venv\Lib\site-packages\aiogram\dispatcher\middlewares\error.py", line 27, in __call__
    return await handler(event, data)
           ^^^^^^^^^^^^^^^^^^^^^^^^^^
  File "C:\Users\Олег\Desktop\Simple\NozkuBot\venv\Lib\site-packages\aiogram\dispatcher\middlewares\user_context.py", line 58, in __call__
    return await handler(event, data)
           ^^^^^^^^^^^^^^^^^^^^^^^^^^
  File "C:\Users\Олег\Desktop\Simple\NozkuBot\venv\Lib\site-packages\aiogram\fsm\middleware.py", line 43, in __call__
    return await handler(event, data)
           ^^^^^^^^^^^^^^^^^^^^^^^^^^
  File "C:\Users\Олег\Desktop\Simple\NozkuBot\app\middleware\anti_spam_middleware.py", line 47, in __call__
    return await handler(event, data)
           ^^^^^^^^^^^^^^^^^^^^^^^^^^
  File "C:\Users\Олег\Desktop\Simple\NozkuBot\venv\Lib\site-packages\aiogram\dispatcher\event\telegram.py", line 126, in trigger
    return await wrapped_inner(event, kwargs)
           ^^^^^^^^^^^^^^^^^^^^^^^^^^^^^^^^^^
  File "C:\Users\Олег\Desktop\Simple\NozkuBot\venv\Lib\site-packages\aiogram\dispatcher\event\handler.py", line 71, in call
    return await wrapped()
           ^^^^^^^^^^^^^^^
  File "C:\Users\Олег\Desktop\Simple\NozkuBot\venv\Lib\site-packages\aiogram\dispatcher\dispatcher.py", line 283, in _listen_update
    return await self.propagate_event(update_type=update_type, event=event, **kwargs)
           ^^^^^^^^^^^^^^^^^^^^^^^^^^^^^^^^^^^^^^^^^^^^^^^^^^^^^^^^^^^^^^^^^^^^^^^^^^
  File "C:\Users\Олег\Desktop\Simple\NozkuBot\venv\Lib\site-packages\aiogram\dispatcher\router.py", line 167, in propagate_event
    return await observer.wrap_outer_middleware(_wrapped, event=event, data=kwargs)
           ^^^^^^^^^^^^^^^^^^^^^^^^^^^^^^^^^^^^^^^^^^^^^^^^^^^^^^^^^^^^^^^^^^^^^^^^
  File "C:\Users\Олег\Desktop\Simple\NozkuBot\venv\Lib\site-packages\aiogram\dispatcher\router.py", line 159, in _wrapped
    return await self._propagate_event(
           ^^^^^^^^^^^^^^^^^^^^^^^^^^^^
  File "C:\Users\Олег\Desktop\Simple\NozkuBot\venv\Lib\site-packages\aiogram\dispatcher\router.py", line 195, in _propagate_event
    response = await router.propagate_event(update_type=update_type, event=event, **kwargs)
               ^^^^^^^^^^^^^^^^^^^^^^^^^^^^^^^^^^^^^^^^^^^^^^^^^^^^^^^^^^^^^^^^^^^^^^^^^^^^
  File "C:\Users\Олег\Desktop\Simple\NozkuBot\venv\Lib\site-packages\aiogram\dispatcher\router.py", line 167, in propagate_event
    return await observer.wrap_outer_middleware(_wrapped, event=event, data=kwargs)
           ^^^^^^^^^^^^^^^^^^^^^^^^^^^^^^^^^^^^^^^^^^^^^^^^^^^^^^^^^^^^^^^^^^^^^^^^
  File "C:\Users\Олег\Desktop\Simple\NozkuBot\venv\Lib\site-packages\aiogram\dispatcher\router.py", line 159, in _wrapped
    return await self._propagate_event(
           ^^^^^^^^^^^^^^^^^^^^^^^^^^^^
  File "C:\Users\Олег\Desktop\Simple\NozkuBot\venv\Lib\site-packages\aiogram\dispatcher\router.py", line 187, in _propagate_event
    response = await observer.trigger(event, **kwargs)
               ^^^^^^^^^^^^^^^^^^^^^^^^^^^^^^^^^^^^^^^
  File "C:\Users\Олег\Desktop\Simple\NozkuBot\venv\Lib\site-packages\aiogram\dispatcher\event\telegram.py", line 126, in trigger
    return await wrapped_inner(event, kwargs)
           ^^^^^^^^^^^^^^^^^^^^^^^^^^^^^^^^^^
  File "C:\Users\Олег\Desktop\Simple\NozkuBot\venv\Lib\site-packages\aiogram\dispatcher\event\handler.py", line 71, in call
    return await wrapped()
           ^^^^^^^^^^^^^^^
  File "C:\Users\Олег\Desktop\Simple\NozkuBot\app\handlers\handler_download_a_photos.py", line 31, in download_photos_start
    await bot.answer_callback_query(callback_query_id="finish_sending", text='finish_sending', show_alert=True)
  File "C:\Users\Олег\Desktop\Simple\NozkuBot\venv\Lib\site-packages\aiogram\client\bot.py", line 593, in answer_callback_query
    return await self(call, request_timeout=request_timeout)
           ^^^^^^^^^^^^^^^^^^^^^^^^^^^^^^^^^^^^^^^^^^^^^^^^^
  File "C:\Users\Олег\Desktop\Simple\NozkuBot\venv\Lib\site-packages\aiogram\client\bot.py", line 514, in __call__
    return await self.session(self, method, timeout=request_timeout)
           ^^^^^^^^^^^^^^^^^^^^^^^^^^^^^^^^^^^^^^^^^^^^^^^^^^^^^^^^^
  File "C:\Users\Олег\Desktop\Simple\NozkuBot\venv\Lib\site-packages\aiogram\client\session\base.py", line 259, in __call__
    return cast(TelegramType, await middleware(bot, method))
                              ^^^^^^^^^^^^^^^^^^^^^^^^^^^^^
  File "C:\Users\Олег\Desktop\Simple\NozkuBot\venv\Lib\site-packages\aiogram\client\session\aiohttp.py", line 177, in make_request
    response = self.check_response(
               ^^^^^^^^^^^^^^^^^^^^
  File "C:\Users\Олег\Desktop\Simple\NozkuBot\venv\Lib\site-packages\aiogram\client\session\base.py", line 121, in check_response
    raise TelegramBadRequest(method=method, message=description)
aiogram.exceptions.TelegramBadRequest: Telegram server says - Bad Request: query is too old and response timeout expired or query ID is invalid
INFO:aiogram.dispatcher:Start polling
INFO:aiogram.dispatcher:Run polling for bot @FemRankBot id=8998435518 - 'FemRank'
INFO:aiogram.dispatcher:Start polling
INFO:aiogram.dispatcher:Run polling for bot @FemRankBot id=8998435518 - 'FemRank'
INFO:aiogram.dispatcher:Start polling
INFO:aiogram.dispatcher:Run polling for bot @FemRankBot id=8998435518 - 'FemRank'
INFO:aiogram.event:Update id=150676353 is handled. Duration 360 ms by bot id=8998435518
INFO:aiogram.event:Update id=150676354 is handled. Duration 203 ms by bot id=8998435518
INFO:aiogram.event:Update id=150676355 is not handled. Duration 546 ms by bot id=8998435518
ERROR:aiogram.event:Cause exception while process update id=150676355 by bot id=8998435518
TelegramBadRequest: Telegram server says - Bad Request: message to edit not found
Traceback (most recent call last):
  File "C:\Users\Олег\Desktop\Simple\NozkuBot\venv\Lib\site-packages\aiogram\dispatcher\dispatcher.py", line 320, in _process_update
    response = await self.feed_update(bot, update, **kwargs)
               ^^^^^^^^^^^^^^^^^^^^^^^^^^^^^^^^^^^^^^^^^^^^^
  File "C:\Users\Олег\Desktop\Simple\NozkuBot\venv\Lib\site-packages\aiogram\dispatcher\dispatcher.py", line 164, in feed_update
    response = await self.update.wrap_outer_middleware(
               ^^^^^^^^^^^^^^^^^^^^^^^^^^^^^^^^^^^^^^^^
  File "C:\Users\Олег\Desktop\Simple\NozkuBot\venv\Lib\site-packages\aiogram\dispatcher\middlewares\error.py", line 27, in __call__
    return await handler(event, data)
           ^^^^^^^^^^^^^^^^^^^^^^^^^^
  File "C:\Users\Олег\Desktop\Simple\NozkuBot\venv\Lib\site-packages\aiogram\dispatcher\middlewares\user_context.py", line 58, in __call__
    return await handler(event, data)
           ^^^^^^^^^^^^^^^^^^^^^^^^^^
  File "C:\Users\Олег\Desktop\Simple\NozkuBot\venv\Lib\site-packages\aiogram\fsm\middleware.py", line 43, in __call__
    return await handler(event, data)
           ^^^^^^^^^^^^^^^^^^^^^^^^^^
  File "C:\Users\Олег\Desktop\Simple\NozkuBot\app\middleware\anti_spam_middleware.py", line 47, in __call__
    return await handler(event, data)
           ^^^^^^^^^^^^^^^^^^^^^^^^^^
  File "C:\Users\Олег\Desktop\Simple\NozkuBot\venv\Lib\site-packages\aiogram\dispatcher\event\telegram.py", line 126, in trigger
    return await wrapped_inner(event, kwargs)
           ^^^^^^^^^^^^^^^^^^^^^^^^^^^^^^^^^^
  File "C:\Users\Олег\Desktop\Simple\NozkuBot\venv\Lib\site-packages\aiogram\dispatcher\event\handler.py", line 71, in call
    return await wrapped()
           ^^^^^^^^^^^^^^^
  File "C:\Users\Олег\Desktop\Simple\NozkuBot\venv\Lib\site-packages\aiogram\dispatcher\dispatcher.py", line 283, in _listen_update
    return await self.propagate_event(update_type=update_type, event=event, **kwargs)
           ^^^^^^^^^^^^^^^^^^^^^^^^^^^^^^^^^^^^^^^^^^^^^^^^^^^^^^^^^^^^^^^^^^^^^^^^^^
  File "C:\Users\Олег\Desktop\Simple\NozkuBot\venv\Lib\site-packages\aiogram\dispatcher\router.py", line 167, in propagate_event
    return await observer.wrap_outer_middleware(_wrapped, event=event, data=kwargs)
           ^^^^^^^^^^^^^^^^^^^^^^^^^^^^^^^^^^^^^^^^^^^^^^^^^^^^^^^^^^^^^^^^^^^^^^^^
  File "C:\Users\Олег\Desktop\Simple\NozkuBot\venv\Lib\site-packages\aiogram\dispatcher\router.py", line 159, in _wrapped
    return await self._propagate_event(
           ^^^^^^^^^^^^^^^^^^^^^^^^^^^^
  File "C:\Users\Олег\Desktop\Simple\NozkuBot\venv\Lib\site-packages\aiogram\dispatcher\router.py", line 195, in _propagate_event
    response = await router.propagate_event(update_type=update_type, event=event, **kwargs)
               ^^^^^^^^^^^^^^^^^^^^^^^^^^^^^^^^^^^^^^^^^^^^^^^^^^^^^^^^^^^^^^^^^^^^^^^^^^^^
  File "C:\Users\Олег\Desktop\Simple\NozkuBot\venv\Lib\site-packages\aiogram\dispatcher\router.py", line 167, in propagate_event
    return await observer.wrap_outer_middleware(_wrapped, event=event, data=kwargs)
           ^^^^^^^^^^^^^^^^^^^^^^^^^^^^^^^^^^^^^^^^^^^^^^^^^^^^^^^^^^^^^^^^^^^^^^^^
  File "C:\Users\Олег\Desktop\Simple\NozkuBot\venv\Lib\site-packages\aiogram\dispatcher\router.py", line 159, in _wrapped
    return await self._propagate_event(
           ^^^^^^^^^^^^^^^^^^^^^^^^^^^^
  File "C:\Users\Олег\Desktop\Simple\NozkuBot\venv\Lib\site-packages\aiogram\dispatcher\router.py", line 187, in _propagate_event
    response = await observer.trigger(event, **kwargs)
               ^^^^^^^^^^^^^^^^^^^^^^^^^^^^^^^^^^^^^^^
  File "C:\Users\Олег\Desktop\Simple\NozkuBot\venv\Lib\site-packages\aiogram\dispatcher\event\telegram.py", line 126, in trigger
    return await wrapped_inner(event, kwargs)
           ^^^^^^^^^^^^^^^^^^^^^^^^^^^^^^^^^^
  File "C:\Users\Олег\Desktop\Simple\NozkuBot\venv\Lib\site-packages\aiogram\dispatcher\event\handler.py", line 71, in call
    return await wrapped()
           ^^^^^^^^^^^^^^^
  File "C:\Users\Олег\Desktop\Simple\NozkuBot\app\handlers\handler_download_a_photos.py", line 34, in download_photos_start
    await callback.message.edit_text(inline_message_id=callback.inline_message_id, text='Выберите группу: ')
  File "C:\Users\Олег\Desktop\Simple\NozkuBot\venv\Lib\site-packages\aiogram\methods\base.py", line 82, in emit
    return await bot(self)
           ^^^^^^^^^^^^^^^
  File "C:\Users\Олег\Desktop\Simple\NozkuBot\venv\Lib\site-packages\aiogram\client\bot.py", line 514, in __call__
    return await self.session(self, method, timeout=request_timeout)
           ^^^^^^^^^^^^^^^^^^^^^^^^^^^^^^^^^^^^^^^^^^^^^^^^^^^^^^^^^
  File "C:\Users\Олег\Desktop\Simple\NozkuBot\venv\Lib\site-packages\aiogram\client\session\base.py", line 259, in __call__
    return cast(TelegramType, await middleware(bot, method))
                              ^^^^^^^^^^^^^^^^^^^^^^^^^^^^^
  File "C:\Users\Олег\Desktop\Simple\NozkuBot\venv\Lib\site-packages\aiogram\client\session\aiohttp.py", line 177, in make_request
    response = self.check_response(
               ^^^^^^^^^^^^^^^^^^^^
  File "C:\Users\Олег\Desktop\Simple\NozkuBot\venv\Lib\site-packages\aiogram\client\session\base.py", line 121, in check_response
    raise TelegramBadRequest(method=method, message=description)
aiogram.exceptions.TelegramBadRequest: Telegram server says - Bad Request: message to edit not found
INFO:aiogram.dispatcher:Start polling
INFO:aiogram.dispatcher:Run polling for bot @FemRankBot id=8998435518 - 'FemRank'
INFO:aiogram.dispatcher:Start polling
INFO:aiogram.dispatcher:Run polling for bot @FemRankBot id=8998435518 - 'FemRank'
INFO:aiogram.event:Update id=150676356 is handled. Duration 375 ms by bot id=8998435518
INFO:aiogram.event:Update id=150676357 is handled. Duration 235 ms by bot id=8998435518
INFO:aiogram.event:Update id=150676358 is not handled. Duration 0 ms by bot id=8998435518
ERROR:aiogram.event:Cause exception while process update id=150676358 by bot id=8998435518
NameError: name 'callback' is not defined
Traceback (most recent call last):
  File "C:\Users\Олег\Desktop\Simple\NozkuBot\venv\Lib\site-packages\aiogram\dispatcher\dispatcher.py", line 320, in _process_update
    response = await self.feed_update(bot, update, **kwargs)
               ^^^^^^^^^^^^^^^^^^^^^^^^^^^^^^^^^^^^^^^^^^^^^
  File "C:\Users\Олег\Desktop\Simple\NozkuBot\venv\Lib\site-packages\aiogram\dispatcher\dispatcher.py", line 164, in feed_update
    response = await self.update.wrap_outer_middleware(
               ^^^^^^^^^^^^^^^^^^^^^^^^^^^^^^^^^^^^^^^^
  File "C:\Users\Олег\Desktop\Simple\NozkuBot\venv\Lib\site-packages\aiogram\dispatcher\middlewares\error.py", line 27, in __call__
    return await handler(event, data)
           ^^^^^^^^^^^^^^^^^^^^^^^^^^
  File "C:\Users\Олег\Desktop\Simple\NozkuBot\venv\Lib\site-packages\aiogram\dispatcher\middlewares\user_context.py", line 58, in __call__
    return await handler(event, data)
           ^^^^^^^^^^^^^^^^^^^^^^^^^^
  File "C:\Users\Олег\Desktop\Simple\NozkuBot\venv\Lib\site-packages\aiogram\fsm\middleware.py", line 43, in __call__
    return await handler(event, data)
           ^^^^^^^^^^^^^^^^^^^^^^^^^^
  File "C:\Users\Олег\Desktop\Simple\NozkuBot\app\middleware\anti_spam_middleware.py", line 47, in __call__
    return await handler(event, data)
           ^^^^^^^^^^^^^^^^^^^^^^^^^^
  File "C:\Users\Олег\Desktop\Simple\NozkuBot\venv\Lib\site-packages\aiogram\dispatcher\event\telegram.py", line 126, in trigger
    return await wrapped_inner(event, kwargs)
           ^^^^^^^^^^^^^^^^^^^^^^^^^^^^^^^^^^
  File "C:\Users\Олег\Desktop\Simple\NozkuBot\venv\Lib\site-packages\aiogram\dispatcher\event\handler.py", line 71, in call
    return await wrapped()
           ^^^^^^^^^^^^^^^
  File "C:\Users\Олег\Desktop\Simple\NozkuBot\venv\Lib\site-packages\aiogram\dispatcher\dispatcher.py", line 283, in _listen_update
    return await self.propagate_event(update_type=update_type, event=event, **kwargs)
           ^^^^^^^^^^^^^^^^^^^^^^^^^^^^^^^^^^^^^^^^^^^^^^^^^^^^^^^^^^^^^^^^^^^^^^^^^^
  File "C:\Users\Олег\Desktop\Simple\NozkuBot\venv\Lib\site-packages\aiogram\dispatcher\router.py", line 167, in propagate_event
    return await observer.wrap_outer_middleware(_wrapped, event=event, data=kwargs)
           ^^^^^^^^^^^^^^^^^^^^^^^^^^^^^^^^^^^^^^^^^^^^^^^^^^^^^^^^^^^^^^^^^^^^^^^^
  File "C:\Users\Олег\Desktop\Simple\NozkuBot\venv\Lib\site-packages\aiogram\dispatcher\router.py", line 159, in _wrapped
    return await self._propagate_event(
           ^^^^^^^^^^^^^^^^^^^^^^^^^^^^
  File "C:\Users\Олег\Desktop\Simple\NozkuBot\venv\Lib\site-packages\aiogram\dispatcher\router.py", line 195, in _propagate_event
    response = await router.propagate_event(update_type=update_type, event=event, **kwargs)
               ^^^^^^^^^^^^^^^^^^^^^^^^^^^^^^^^^^^^^^^^^^^^^^^^^^^^^^^^^^^^^^^^^^^^^^^^^^^^
  File "C:\Users\Олег\Desktop\Simple\NozkuBot\venv\Lib\site-packages\aiogram\dispatcher\router.py", line 167, in propagate_event
    return await observer.wrap_outer_middleware(_wrapped, event=event, data=kwargs)
           ^^^^^^^^^^^^^^^^^^^^^^^^^^^^^^^^^^^^^^^^^^^^^^^^^^^^^^^^^^^^^^^^^^^^^^^^
  File "C:\Users\Олег\Desktop\Simple\NozkuBot\venv\Lib\site-packages\aiogram\dispatcher\router.py", line 159, in _wrapped
    return await self._propagate_event(
           ^^^^^^^^^^^^^^^^^^^^^^^^^^^^
  File "C:\Users\Олег\Desktop\Simple\NozkuBot\venv\Lib\site-packages\aiogram\dispatcher\router.py", line 187, in _propagate_event
    response = await observer.trigger(event, **kwargs)
               ^^^^^^^^^^^^^^^^^^^^^^^^^^^^^^^^^^^^^^^
  File "C:\Users\Олег\Desktop\Simple\NozkuBot\venv\Lib\site-packages\aiogram\dispatcher\event\telegram.py", line 126, in trigger
    return await wrapped_inner(event, kwargs)
           ^^^^^^^^^^^^^^^^^^^^^^^^^^^^^^^^^^
  File "C:\Users\Олег\Desktop\Simple\NozkuBot\venv\Lib\site-packages\aiogram\dispatcher\event\handler.py", line 71, in call
    return await wrapped()
           ^^^^^^^^^^^^^^^
  File "C:\Users\Олег\Desktop\Simple\NozkuBot\app\handlers\handler_download_a_photos.py", line 28, in download_photos_start
    await message.answer('Выберите группу: ', reply_markup= await DinamicKeyboard(1, 3, 'no', 0, f'groups_{callback.message.from_user.id}').generate_keyboard())
                                                                                                           ^^^^^^^^
NameError: name 'callback' is not defined
INFO:aiogram.dispatcher:Start polling
INFO:aiogram.dispatcher:Run polling for bot @FemRankBot id=8998435518 - 'FemRank'
INFO:aiogram.event:Update id=150676359 is handled. Duration 391 ms by bot id=8998435518
INFO:aiogram.event:Update id=150676360 is handled. Duration 218 ms by bot id=8998435518
INFO:aiogram.event:Update id=150676361 is handled. Duration 139 ms by bot id=8998435518
INFO:aiogram.dispatcher:Start polling
INFO:aiogram.dispatcher:Run polling for bot @FemRankBot id=8998435518 - 'FemRank'
INFO:aiogram.event:Update id=150676362 is handled. Duration 313 ms by bot id=8998435518
INFO:aiogram.event:Update id=150676363 is handled. Duration 218 ms by bot id=8998435518
INFO:aiogram.event:Update id=150676364 is handled. Duration 343 ms by bot id=8998435518
INFO:aiogram.event:Update id=150676365 is not handled. Duration 0 ms by bot id=8998435518
INFO:aiogram.event:Update id=150676366 is not handled. Duration 0 ms by bot id=8998435518
INFO:aiogram.event:Update id=150676367 is not handled. Duration 0 ms by bot id=8998435518
INFO:aiogram.event:Update id=150676368 is not handled. Duration 0 ms by bot id=8998435518
INFO:aiogram.event:Update id=150676369 is handled. Duration 734 ms by bot id=8998435518
INFO:aiogram.event:Update id=150676370 is handled. Duration 125 ms by bot id=8998435518
INFO:aiogram.event:Update id=150676371 is handled. Duration 108 ms by bot id=8998435518
INFO:aiogram.event:Update id=150676372 is handled. Duration 108 ms by bot id=8998435518
INFO:aiogram.event:Update id=150676373 is not handled. Duration 0 ms by bot id=8998435518
INFO:aiogram.event:Update id=150676374 is handled. Duration 235 ms by bot id=8998435518
INFO:aiogram.event:Update id=150676375 is handled. Duration 327 ms by bot id=8998435518
INFO:aiogram.dispatcher:Start polling
INFO:aiogram.dispatcher:Run polling for bot @FemRankBot id=8998435518 - 'FemRank'
INFO:aiogram.dispatcher:Start polling
INFO:aiogram.dispatcher:Run polling for bot @FemRankBot id=8998435518 - 'FemRank'
INFO:aiogram.dispatcher:Start polling
INFO:aiogram.dispatcher:Run polling for bot @FemRankBot id=8998435518 - 'FemRank'
INFO:aiogram.dispatcher:Start polling
INFO:aiogram.dispatcher:Run polling for bot @FemRankBot id=8998435518 - 'FemRank'
